PB1 site,NP site,N alleles PB1,N alleles NP,Chi,ChiSqDf
66,21,2,2,5.08755760369,0.00197095786752
66,22,2,3,6.94930875576,0.00238161419114
66,23,2,2,3.74193548387,0.00252877572375
66,29,2,2,1.06912442396,0.00071414499606
66,42,2,2,3.74193548387,0.00252877572375
66,53,2,2,6.93087557604,0.0300127713921
66,54,2,2,2.13824884793,0.00143493320139
66,56,2,2,1.06912442396,0.00071414499606
66,58,2,3,13.1244239631,0.00278286089926
66,60,2,3,87.2073732719,0.0436505720998
66,63,2,3,6.69124423963,0.00154727470432
66,64,2,2,2.13824884793,0.00143493320139
66,65,2,2,1.86175115207,0.00108782354246
66,68,2,3,6.41474654378,0.0021932035898
66,95,2,2,2.13824884793,0.00143493320139
66,112,2,2,148.479262673,0.693518353437
66,113,2,2,1.06912442396,0.00071414499606
66,128,2,2,6.93087557604,0.0300127713921
66,133,2,2,1.06912442396,0.00071414499606
66,135,2,3,6.93087557604,0.0153423535634
66,142,2,2,0.276497695853,1.21095243508e-05
66,158,2,2,2.67281105991,0.00179784754253
66,171,2,2,38.5253456221,0.0236591136026
66,192,2,2,1.06912442396,0.00071414499606
66,233,2,3,112.073732719,0.0798669704419
66,242,2,2,1.06912442396,0.00071414499606
66,244,2,3,1.32718894009,0.000574612414755
66,324,2,2,1.06912442396,0.00071414499606
66,374,2,3,35.8525345622,0.0106931780301
66,454,2,2,2.67281105991,0.00179784754253
66,463,2,2,2.93087557604,0.00536691428222
66,489,2,2,8.25806451613,0.012316130041
69,21,2,2,3.44700460829,0.00217689925729
69,22,2,3,2.63594470046,0.000824435578719
69,23,2,2,1.41935483871,0.000875378004138
69,29,2,2,0.405529953917,0.00024721323265
69,42,2,2,1.41935483871,0.000875378004138
69,53,2,2,0.405529953917,0.00024721323265
69,54,2,2,0.811059907834,0.000496726123278
69,56,2,2,0.405529953917,0.00024721323265
69,58,2,3,9.52995391705,0.00324251774918
69,60,2,3,41.2165898618,0.0234468429846
69,63,2,3,4.05529953917,0.00128980817035
69,64,2,2,0.811059907834,0.000496726123278
69,65,2,2,0.811059907834,0.000496726123278
69,68,2,3,2.4331797235,0.000759214098376
69,95,2,2,0.811059907834,0.000496726123278
69,112,2,2,8.92165898618,0.00602439631566
69,113,2,2,0.405529953917,0.00024721323265
69,128,2,2,0.405529953917,0.00024721323265
69,133,2,2,0.405529953917,0.00024721323265
69,135,2,3,0.811059907834,0.000248363061639
69,142,2,2,1.62211981567,0.00100278043667
69,158,2,2,2.98617511521,0.00539936674094
69,171,2,2,20.6820276498,0.0164054275354
69,192,2,2,0.405529953917,0.00024721323265
69,233,2,3,48.1658986175,0.0349664797118
69,242,2,2,0.405529953917,0.00024721323265
69,244,2,3,1.41935483871,0.000437689002069
69,324,2,2,0.405529953917,0.00024721323265
69,374,2,3,20.6820276498,0.00820271376769
69,454,2,2,1.01382488479,0.000622354991287
69,463,2,2,0.405529953917,0.00024721323265
69,489,2,2,1.41935483871,0.000875378004138
94,21,2,2,0.470046082949,0.000283763708291
94,22,2,3,0.359447004608,0.000107467029666
94,23,2,2,0.193548387097,0.000114107489255
94,29,2,2,0.0552995391705,3.22248002062e-05
94,42,2,2,0.193548387097,0.000114107489255
94,53,2,2,0.0552995391705,3.22248002062e-05
94,54,2,2,0.110599078341,6.47493659958e-05
94,56,2,2,0.0552995391705,3.22248002062e-05
94,58,2,3,1.29953917051,0.000422669472473
94,60,2,3,1.88940092166,0.000352697470156
94,63,2,3,0.552995391705,0.00016812939238
94,64,2,2,0.110599078341,6.47493659958e-05
94,65,2,2,0.110599078341,6.47493659958e-05
94,68,2,3,0.331797235023,9.89652631926e-05
94,95,2,2,0.110599078341,6.47493659958e-05
94,112,2,2,2.78341013825,0.0041105324168
94,113,2,2,0.0552995391705,3.22248002062e-05
94,128,2,2,0.0552995391705,3.22248002062e-05
94,133,2,2,0.0552995391705,3.22248002062e-05
94,135,2,3,0.110599078341,3.23746829979e-05
94,142,2,2,0.221198156682,0.000130714682527
94,158,2,2,0.138248847926,8.11253711486e-05
94,171,2,2,1.1797235023,0.000374182230035
94,192,2,2,0.0552995391705,3.22248002062e-05
94,233,2,3,0.341013824885,1.47340353076e-05
94,242,2,2,0.0552995391705,3.22248002062e-05
94,244,2,3,0.193548387097,5.70537446274e-05
94,324,2,2,0.0552995391705,3.22248002062e-05
94,374,2,3,2.8202764977,0.00106924216588
94,454,2,2,0.138248847926,8.11253711486e-05
94,463,2,2,0.0552995391705,3.22248002062e-05
94,489,2,2,0.193548387097,0.000114107489255
164,21,2,2,21.5391705069,0.0174411675082
164,22,2,3,19.5299539171,0.00928644678371
164,23,2,2,5.48387096774,0.00268133527156
164,29,2,2,3.00460829493,0.00278461117945
164,42,2,2,5.48387096774,0.00268133527156
164,53,2,2,3.00460829493,0.00278461117945
164,54,2,2,9.99078341014,0.0154658296476
164,56,2,2,3.00460829493,0.00278461117945
164,58,2,3,104.903225806,0.0914371442188
164,60,2,3,64.0092165899,0.0145906276397
164,63,2,3,6.04608294931,0.00060755334304
164,64,2,2,2.00921658986,0.00062550047672
164,65,2,2,6.00921658986,0.0055951257187
164,68,2,3,18.0276497696,0.00855179167905
164,95,2,2,5.99078341014,0.00556085244117
164,112,2,2,54.1013824885,0.0454571311769
164,113,2,2,3.00460829493,0.00278461117945
164,128,2,2,3.00460829493,0.00278461117945
164,133,2,2,3.00460829493,0.00278461117945
164,135,2,3,4.99539170507,0.0052195411382
164,142,2,2,12.0184331797,0.0112953242208
164,158,2,2,7.51152073733,0.00701020996224
164,171,2,2,102.764976959,0.0831102491065
164,192,2,2,0.995391705069,0.000305616553098
164,233,2,3,202.829493088,0.133926299485
164,242,2,2,3.00460829493,0.00278461117945
164,244,2,3,10.5161290323,0.00493013126853
164,324,2,2,4.99539170507,0.00769711429221
164,374,2,3,110.276497696,0.0517237180189
164,454,2,2,7.51152073733,0.00701020996224
164,463,2,2,3.00460829493,0.00278461117945
164,489,2,2,1.48387096774,0.000196321987357
171,21,2,2,0.3133640553,0.00018873789857
171,22,2,3,0.239631336406,7.14788422627e-05
171,23,2,2,0.129032258064,7.58955676988e-05
171,29,2,2,0.036866359447,2.14334705075e-05
171,42,2,2,0.129032258064,7.58955676988e-05
171,53,2,2,0.036866359447,2.14334705075e-05
171,54,2,2,0.0737327188941,4.30663221361e-05
171,56,2,2,0.036866359447,2.14334705075e-05
171,58,2,3,0.866359447005,0.000281127380611
171,60,2,3,4.11059907834,0.00244646305073
171,63,2,3,0.36866359447,0.000111826802648
171,64,2,2,0.0737327188941,4.30663221361e-05
171,65,2,2,0.0737327188941,4.30663221361e-05
171,68,2,3,0.221198156682,6.58241179568e-05
171,95,2,2,0.0737327188941,4.30663221361e-05
171,112,2,2,0.811059907834,0.000522317188984
171,113,2,2,0.036866359447,2.14334705075e-05
171,128,2,2,0.036866359447,2.14334705075e-05
171,133,2,2,0.036866359447,2.14334705075e-05
171,135,2,3,0.0737327188941,2.1533161068e-05
171,142,2,2,0.147465437788,8.69414014954e-05
171,158,2,2,0.0921658986175,5.39583872917e-05
171,171,2,2,1.8801843318,0.00142235609103
171,192,2,2,0.036866359447,2.14334705075e-05
171,233,2,3,5.10599078341,0.00408410002359
171,242,2,2,0.036866359447,2.14334705075e-05
171,244,2,3,0.129032258064,3.79477838494e-05
171,324,2,2,0.036866359447,2.14334705075e-05
171,374,2,3,3.90783410138,0.0486731648817
171,454,2,2,0.0921658986175,5.39583872917e-05
171,463,2,2,0.036866359447,2.14334705075e-05
171,489,2,2,7.87096774194,0.282407407407
176,21,2,2,25.6129032258,0.0235268741123
176,22,2,3,15.1612903226,0.00918626045874
176,23,2,2,0.193548387097,3.18628622409e-06
176,29,2,2,4.51612903226,0.00600137174211
176,42,2,2,0.193548387097,3.18628622409e-06
176,53,2,2,3.48387096774,0.00357142857143
176,54,2,2,6.96774193548,0.00717607973422
176,56,2,2,4.51612903226,0.00600137174211
176,58,2,3,73.1612903226,0.047691508415
176,60,2,3,7.03225806452,0.00186050358897
176,63,2,3,17.1612903226,0.00452597571503
176,64,2,2,1.03225806452,0.000157499692383
176,65,2,2,6.96774193548,0.00717607973422
176,68,2,3,17.4193548387,0.0119898406967
176,95,2,2,2.96774193548,0.00130183339486
176,112,2,2,95.3548387097,0.134709981377
176,113,2,2,4.51612903226,0.00600137174211
176,128,2,2,4.51612903226,0.00600137174211
176,133,2,2,4.51612903226,0.00600137174211
176,135,2,3,3.48387096774,0.00182249644044
176,142,2,2,14.064516129,0.0147564398738
176,158,2,2,11.2903225806,0.0151083484417
176,171,2,2,177.677419355,0.237005163511
176,192,2,2,0.516129032258,7.83852635704e-05
176,233,2,3,274.903225806,0.251177383482
176,242,2,2,4.51612903226,0.00600137174211
176,244,2,3,8.70967741935,0.00452877481984
176,324,2,2,3.48387096774,0.00357142857143
176,374,2,3,164.967741935,0.107221859362
176,454,2,2,11.2903225806,0.0151083484417
176,463,2,2,4.51612903226,0.00600137174211
176,489,2,2,0.193548387097,3.18628622409e-06
177,21,2,2,0.470046082949,0.000283763708291
177,22,2,3,0.359447004608,0.000107467029666
177,23,2,2,0.193548387097,0.000114107489255
177,29,2,2,0.0552995391705,3.22248002062e-05
177,42,2,2,0.193548387097,0.000114107489255
177,53,2,2,0.0552995391705,3.22248002062e-05
177,54,2,2,0.110599078341,6.47493659958e-05
177,56,2,2,0.0552995391705,3.22248002062e-05
177,58,2,3,1.29953917051,0.000422669472473
177,60,2,3,6.16589861751,0.00367820894866
177,63,2,3,0.552995391705,0.00016812939238
177,64,2,2,0.110599078341,6.47493659958e-05
177,65,2,2,0.110599078341,6.47493659958e-05
177,68,2,3,0.331797235023,9.89652631926e-05
177,95,2,2,0.110599078341,6.47493659958e-05
177,112,2,2,1.21658986175,0.000785293592718
177,113,2,2,0.0552995391705,3.22248002062e-05
177,128,2,2,0.0552995391705,3.22248002062e-05
177,133,2,2,0.0552995391705,3.22248002062e-05
177,135,2,3,0.110599078341,3.23746829979e-05
177,142,2,2,0.221198156682,0.000130714682527
177,158,2,2,0.138248847926,8.11253711486e-05
177,171,2,2,2.8202764977,0.00213848433176
177,192,2,2,0.0552995391705,3.22248002062e-05
177,233,2,3,3.70506912442,0.00196917628605
177,242,2,2,0.0552995391705,3.22248002062e-05
177,244,2,3,0.193548387097,5.70537446274e-05
177,324,2,2,0.0552995391705,3.22248002062e-05
177,374,2,3,3.86175115207,0.0321070826228
177,454,2,2,0.138248847926,8.11253711486e-05
177,463,2,2,0.0552995391705,3.22248002062e-05
177,489,2,2,0.193548387097,0.000114107489255
190,21,2,2,0.3133640553,0.00018873789857
190,22,2,3,0.239631336406,7.14788422627e-05
190,23,2,2,0.129032258064,7.58955676988e-05
190,29,2,2,0.036866359447,2.14334705075e-05
190,42,2,2,0.129032258064,7.58955676988e-05
190,53,2,2,0.036866359447,2.14334705075e-05
190,54,2,2,0.0737327188941,4.30663221361e-05
190,56,2,2,0.036866359447,2.14334705075e-05
190,58,2,3,0.866359447005,0.000281127380611
190,60,2,3,4.11059907834,0.00244646305073
190,63,2,3,0.36866359447,0.000111826802648
190,64,2,2,0.0737327188941,4.30663221361e-05
190,65,2,2,0.0737327188941,4.30663221361e-05
190,68,2,3,0.221198156682,6.58241179568e-05
190,95,2,2,0.0737327188941,4.30663221361e-05
190,112,2,2,0.811059907834,0.000522317188984
190,113,2,2,0.036866359447,2.14334705075e-05
190,128,2,2,0.036866359447,2.14334705075e-05
190,133,2,2,0.036866359447,2.14334705075e-05
190,135,2,3,0.0737327188941,2.1533161068e-05
190,142,2,2,0.147465437788,8.69414014954e-05
190,158,2,2,0.0921658986175,5.39583872917e-05
190,171,2,2,1.8801843318,0.00142235609103
190,192,2,2,0.036866359447,2.14334705075e-05
190,233,2,3,5.10599078341,0.00408410002359
190,242,2,2,0.036866359447,2.14334705075e-05
190,244,2,3,0.129032258064,3.79477838494e-05
190,324,2,2,0.036866359447,2.14334705075e-05
190,374,2,3,1.8801843318,0.000711178045515
190,454,2,2,0.0921658986175,5.39583872917e-05
190,463,2,2,0.036866359447,2.14334705075e-05
190,489,2,2,0.129032258064,7.58955676988e-05
196,21,2,2,4.23041474654,0.00270447033037
196,22,2,3,3.23502304147,0.00102423736628
196,23,2,2,1.74193548387,0.00108752567769
196,29,2,2,0.497695852535,0.000307125307125
196,42,2,2,1.74193548387,0.00108752567769
196,53,2,2,7.50230414747,0.0697873799726
196,54,2,2,0.995391705069,0.000617107593852
196,56,2,2,0.497695852535,0.000307125307125
196,58,2,3,11.6958525346,0.00402834123764
196,60,2,3,43.4930875576,0.0215412003815
196,63,2,3,4.23041474654,0.00565673270987
196,64,2,2,0.995391705069,0.000617107593852
196,65,2,2,0.995391705069,0.000617107593852
196,68,2,3,2.98617511521,0.000943209474015
196,95,2,2,0.995391705069,0.000617107593852
196,112,2,2,10.9493087558,0.00748440748441
196,113,2,2,0.497695852535,0.000307125307125
196,128,2,2,0.497695852535,0.000307125307125
196,133,2,2,0.497695852535,0.000307125307125
196,135,2,3,0.995391705069,0.000308553796926
196,142,2,2,1.99078341014,0.00124580406271
196,158,2,2,1.24423963134,0.000773182591364
196,171,2,2,25.3824884793,0.0203812794174
196,192,2,2,0.497695852535,0.000307125307125
196,233,2,3,56.930875576,0.0406044240059
196,242,2,2,0.497695852535,0.000307125307125
196,244,2,3,1.74193548387,0.000543762838845
196,324,2,2,0.497695852535,0.000307125307125
196,374,2,3,25.3824884793,0.0101906397087
196,454,2,2,1.24423963134,0.000773182591364
196,463,2,2,0.497695852535,0.000307125307125
196,489,2,2,1.74193548387,0.00108752567769
211,21,2,2,18.0829493088,0.0116868221514
211,22,2,3,15.465437788,0.00933495069757
211,23,2,2,0.387096774194,1.27015309579e-05
211,29,2,2,4.46082949309,0.00583526234568
211,42,2,2,0.387096774194,1.27015309579e-05
211,53,2,2,4.46082949309,0.00583526234568
211,54,2,2,7.07834101382,0.00738035748607
211,56,2,2,4.46082949309,0.00583526234568
211,58,2,3,74.3225806452,0.0486600501135
211,60,2,3,12.9216589862,0.00217039404319
211,63,2,3,16.6082949309,0.00422477494761
211,64,2,2,0.921658986175,0.000125128131206
211,65,2,2,0.921658986175,0.000125128131206
211,68,2,3,17.6958525346,0.0121657658011
211,95,2,2,3.07834101382,0.00139587938049
211,112,2,2,94.1382488479,0.130845210087
211,113,2,2,4.46082949309,0.00583526234568
211,128,2,2,4.46082949309,0.00583526234568
211,133,2,2,4.46082949309,0.00583526234568
211,135,2,3,3.53917050691,0.00186551028253
211,142,2,2,13.8433179724,0.0142470085377
211,158,2,2,11.1520737327,0.0146901709402
211,171,2,2,180.497695853,0.243751866972
211,192,2,2,0.460829493088,6.22744171513e-05
211,233,2,3,266.949308756,0.232560977698
211,242,2,2,4.46082949309,0.00583526234568
211,244,2,3,0.847926267281,7.30690850382e-05
211,324,2,2,3.53917050691,0.00367309458219
211,374,2,3,167.649769585,0.110211800304
211,454,2,2,11.1520737327,0.0146901709402
211,463,2,2,4.46082949309,0.00583526234568
211,489,2,2,0.387096774194,1.27015309579e-05
213,21,2,2,23.4193548387,0.0200949320035
213,22,2,3,13.7419354839,0.00860424418619
213,23,2,2,0.709677419355,4.37640718671e-05
213,29,2,2,4.77419354839,0.00685185185185
213,42,2,2,0.709677419355,4.37640718671e-05
213,53,2,2,3.22580645161,0.00312812812813
213,54,2,2,6.45161290323,0.00628535512256
213,56,2,2,4.77419354839,0.00685185185185
213,58,2,3,67.7419354839,0.0436273482785
213,60,2,3,23.6774193548,0.00291821876991
213,63,2,3,15.7419354839,0.00396176958837
213,64,2,2,1.54838709677,0.00036203645506
213,65,2,2,6.45161290323,0.00628535512256
213,68,2,3,16.1290322581,0.0112858423759
213,95,2,2,2.45161290323,0.000907605279698
213,112,2,2,101.032258065,0.154498582499
213,113,2,2,4.77419354839,0.00685185185185
213,128,2,2,4.77419354839,0.00685185185185
213,133,2,2,4.77419354839,0.00685185185185
213,135,2,3,3.22580645161,0.00165071383676
213,142,2,2,15.0967741935,0.0173696231443
213,158,2,2,11.935483871,0.0172494172494
213,171,2,2,164.516129032,0.207587105177
213,192,2,2,0.774193548387,0.00018018018018
213,233,2,3,273.35483871,0.266908594934
213,242,2,2,4.77419354839,0.00685185185185
213,244,2,3,8.06451612903,0.00401906088089
213,324,2,2,3.22580645161,0.00312812812813
213,374,2,3,152.451612903,0.0942878090398
213,454,2,2,11.935483871,0.0172494172494
213,463,2,2,4.77419354839,0.00685185185185
213,489,2,2,0.709677419355,4.37640718671e-05
214,21,2,2,27.4930875576,0.0268021449706
214,22,2,3,24.0829493088,0.0133189932003
214,23,2,2,3.03225806452,0.000773239270474
214,29,2,2,3.70506912442,0.00399380066762
214,42,2,2,3.03225806452,0.000773239270474
214,53,2,2,3.70506912442,0.00399380066762
214,54,2,2,8.58986175115,0.0107832928381
214,56,2,2,3.70506912442,0.00399380066762
214,58,2,3,90.1935483871,0.0659609925222
214,60,2,3,25.4101382488,0.00412897519386
214,63,2,3,13.0506912442,0.00260348987384
214,64,2,2,0.589861751152,5.08486611756e-05
214,65,2,2,7.41013824885,0.00802475296936
214,68,2,3,22.2304147465,0.0122653214816
214,95,2,2,4.58986175115,0.00307877718901
214,112,2,2,73.5115207373,0.0791591329545
214,113,2,2,3.70506912442,0.00399380066762
214,128,2,2,3.70506912442,0.00399380066762
214,133,2,2,3.70506912442,0.00399380066762
214,135,2,3,4.58986175115,0.00269775982847
214,142,2,2,14.8202764977,0.016200205525
214,158,2,2,9.26267281106,0.010054323359
214,171,2,2,187.041474654,0.259683931862
214,192,2,2,0.294930875576,2.53066253536e-05
214,233,2,3,220.912442396,0.154474651096
214,242,2,2,3.70506912442,0.00399380066762
214,244,2,3,12.9677419355,0.00707099134595
214,324,2,2,4.29493087558,0.00536668509305
214,374,2,3,192.304147465,0.144600022432
214,454,2,2,9.26267281106,0.010054323359
214,463,2,2,3.70506912442,0.00399380066762
214,489,2,2,0.967741935484,7.87590927373e-05
298,21,3,2,0.940092165899,0.000285752706246
298,22,3,3,0.718894009217,0.000108220303239
298,23,3,2,0.387096774194,0.000114907308105
298,29,3,2,0.110599078341,3.2450674974e-05
298,42,3,2,0.387096774194,0.000114907308105
298,53,3,2,7.92626728111,0.248842592593
298,54,3,2,0.221198156682,6.5203216692e-05
298,56,3,2,0.110599078341,3.2450674974e-05
298,58,3,3,2.59907834101,0.000425632108962
298,60,3,3,7.77880184332,0.00166807228034
298,63,3,3,1.10599078341,0.00016930786943
298,64,3,2,0.221198156682,6.5203216692e-05
298,65,3,2,0.221198156682,6.5203216692e-05
298,68,3,3,0.663594470046,9.9658944944e-05
298,95,3,2,0.221198156682,6.5203216692e-05
298,112,3,2,2.4331797235,0.00079079798706
298,113,3,2,0.110599078341,3.2450674974e-05
298,128,3,2,0.110599078341,3.2450674974e-05
298,133,3,2,0.110599078341,3.2450674974e-05
298,135,3,3,0.221198156682,3.2601608346e-05
298,142,3,2,0.442396313364,0.000131630906937
298,158,3,2,0.276497695853,8.16940069277e-05
298,171,3,2,6.35944700461,0.0075433675328
298,192,3,2,0.110599078341,3.2450674974e-05
298,233,3,3,12.5898617512,0.00493521735924
298,242,3,2,0.110599078341,3.2450674974e-05
298,244,3,3,0.387096774194,5.74536540524e-05
298,324,3,2,0.110599078341,3.2450674974e-05
298,374,3,3,6.63594470046,0.00405860362154
298,454,3,2,0.276497695853,8.16940069277e-05
298,463,3,2,0.110599078341,3.2450674974e-05
298,489,3,2,0.387096774194,0.000114907308105
317,21,2,2,3.52995391705,0.0160034658229
317,22,2,3,0.359447004608,0.000107467029666
317,23,2,2,0.193548387097,0.000114107489255
317,29,2,2,0.0552995391705,3.22248002062e-05
317,42,2,2,0.193548387097,0.000114107489255
317,53,2,2,0.0552995391705,3.22248002062e-05
317,54,2,2,0.110599078341,6.47493659958e-05
317,56,2,2,0.0552995391705,3.22248002062e-05
317,58,2,3,6.83870967742,0.0129368833572
317,60,2,3,5.88940092166,0.00335429549296
317,63,2,3,0.552995391705,0.00016812939238
317,64,2,2,0.110599078341,6.47493659958e-05
317,65,2,2,0.110599078341,6.47493659958e-05
317,68,2,3,0.331797235023,9.89652631926e-05
317,95,2,2,0.110599078341,6.47493659958e-05
317,112,2,2,1.21658986175,0.000785293592718
317,113,2,2,0.0552995391705,3.22248002062e-05
317,128,2,2,0.0552995391705,3.22248002062e-05
317,133,2,2,0.0552995391705,3.22248002062e-05
317,135,2,3,11.8894009217,0.416086620263
317,142,2,2,0.221198156682,0.000130714682527
317,158,2,2,0.138248847926,8.11253711486e-05
317,171,2,2,5.1797235023,0.0072133308266
317,192,2,2,0.0552995391705,3.22248002062e-05
317,233,2,3,4.34101382488,0.00270308929449
317,242,2,2,0.0552995391705,3.22248002062e-05
317,244,2,3,0.193548387097,5.70537446274e-05
317,324,2,2,0.0552995391705,3.22248002062e-05
317,374,2,3,5.31797235023,0.00394591497763
317,454,2,2,0.138248847926,8.11253711486e-05
317,463,2,2,0.0552995391705,3.22248002062e-05
317,489,2,2,0.193548387097,0.000114107489255
339,21,2,2,0.3133640553,0.00018873789857
339,22,2,3,0.239631336406,7.14788422627e-05
339,23,2,2,0.129032258064,7.58955676988e-05
339,29,2,2,0.036866359447,2.14334705075e-05
339,42,2,2,0.129032258064,7.58955676988e-05
339,53,2,2,0.036866359447,2.14334705075e-05
339,54,2,2,0.0737327188941,4.30663221361e-05
339,56,2,2,0.036866359447,2.14334705075e-05
339,58,2,3,0.866359447005,0.000281127380611
339,60,2,3,4.11059907834,0.00244646305073
339,63,2,3,0.36866359447,0.000111826802648
339,64,2,2,0.0737327188941,4.30663221361e-05
339,65,2,2,0.0737327188941,4.30663221361e-05
339,68,2,3,0.221198156682,6.58241179568e-05
339,95,2,2,0.0737327188941,4.30663221361e-05
339,112,2,2,0.811059907834,0.000522317188984
339,113,2,2,0.036866359447,2.14334705075e-05
339,128,2,2,0.036866359447,2.14334705075e-05
339,133,2,2,0.036866359447,2.14334705075e-05
339,135,2,3,0.0737327188941,2.1533161068e-05
339,142,2,2,0.147465437788,8.69414014954e-05
339,158,2,2,0.0921658986175,5.39583872917e-05
339,171,2,2,1.8801843318,0.00142235609103
339,192,2,2,0.036866359447,2.14334705075e-05
339,233,2,3,5.36405529954,0.00471056721057
339,242,2,2,0.036866359447,2.14334705075e-05
339,244,2,3,0.129032258064,3.79477838494e-05
339,324,2,2,0.036866359447,2.14334705075e-05
339,374,2,3,1.8801843318,0.000711178045515
339,454,2,2,0.0921658986175,5.39583872917e-05
339,463,2,2,0.036866359447,2.14334705075e-05
339,489,2,2,0.129032258064,7.58955676988e-05
343,21,2,2,0.470046082949,0.000283763708291
343,22,2,3,0.359447004608,0.000107467029666
343,23,2,2,0.193548387097,0.000114107489255
343,29,2,2,0.0552995391705,3.22248002062e-05
343,42,2,2,0.193548387097,0.000114107489255
343,53,2,2,7.94470046083,0.66512345679
343,54,2,2,0.110599078341,6.47493659958e-05
343,56,2,2,0.0552995391705,3.22248002062e-05
343,58,2,3,1.29953917051,0.000422669472473
343,60,2,3,1.88940092166,0.000352697470156
343,63,2,3,0.552995391705,0.00016812939238
343,64,2,2,0.110599078341,6.47493659958e-05
343,65,2,2,0.110599078341,6.47493659958e-05
343,68,2,3,0.331797235023,9.89652631926e-05
343,95,2,2,0.110599078341,6.47493659958e-05
343,112,2,2,1.21658986175,0.000785293592718
343,113,2,2,0.0552995391705,3.22248002062e-05
343,128,2,2,0.0552995391705,3.22248002062e-05
343,133,2,2,0.0552995391705,3.22248002062e-05
343,135,2,3,0.110599078341,3.23746829979e-05
343,142,2,2,0.221198156682,0.000130714682527
343,158,2,2,0.138248847926,8.11253711486e-05
343,171,2,2,2.8202764977,0.00213848433176
343,192,2,2,0.0552995391705,3.22248002062e-05
343,233,2,3,4.29493087558,0.00259843584331
343,242,2,2,0.0552995391705,3.22248002062e-05
343,244,2,3,0.193548387097,5.70537446274e-05
343,324,2,2,0.0552995391705,3.22248002062e-05
343,374,2,3,2.8202764977,0.00106924216588
343,454,2,2,0.138248847926,8.11253711486e-05
343,463,2,2,0.0552995391705,3.22248002062e-05
343,489,2,2,0.193548387097,0.000114107489255
356,21,2,2,0.3133640553,0.00018873789857
356,22,2,3,0.239631336406,7.14788422627e-05
356,23,2,2,0.129032258064,7.58955676988e-05
356,29,2,2,0.036866359447,2.14334705075e-05
356,42,2,2,0.129032258064,7.58955676988e-05
356,53,2,2,0.036866359447,2.14334705075e-05
356,54,2,2,0.0737327188941,4.30663221361e-05
356,56,2,2,0.036866359447,2.14334705075e-05
356,58,2,3,0.866359447005,0.000281127380611
356,60,2,3,0.110599078341,1.19635086181e-05
356,63,2,3,0.36866359447,0.000111826802648
356,64,2,2,0.0737327188941,4.30663221361e-05
356,65,2,2,0.0737327188941,4.30663221361e-05
356,68,2,3,0.221198156682,6.58241179568e-05
356,95,2,2,0.0737327188941,4.30663221361e-05
356,112,2,2,0.811059907834,0.000522317188984
356,113,2,2,0.036866359447,2.14334705075e-05
356,128,2,2,0.036866359447,2.14334705075e-05
356,133,2,2,0.036866359447,2.14334705075e-05
356,135,2,3,0.0737327188941,2.1533161068e-05
356,142,2,2,0.147465437788,8.69414014954e-05
356,158,2,2,0.0921658986175,5.39583872917e-05
356,171,2,2,1.8801843318,0.00142235609103
356,192,2,2,0.036866359447,2.14334705075e-05
356,233,2,3,2.47004608295,0.00104125940113
356,242,2,2,0.036866359447,2.14334705075e-05
356,244,2,3,0.129032258064,3.79477838494e-05
356,324,2,2,0.036866359447,2.14334705075e-05
356,374,2,3,3.90783410138,0.0486731648817
356,454,2,2,0.0921658986175,5.39583872917e-05
356,463,2,2,0.036866359447,2.14334705075e-05
356,489,2,2,3.87096774194,0.068306010929
357,21,2,2,7.99078341014,0.00542855532806
357,22,2,3,6.11059907834,0.002055903202
357,23,2,2,8.70967741935,0.0152956786875
357,29,2,2,7.0599078341,0.034767610748
357,42,2,2,0.709677419355,0.000101551556718
357,53,2,2,0.940092165899,0.000616478096896
357,54,2,2,1.8801843318,0.00123869087376
357,56,2,2,7.0599078341,0.034767610748
357,58,2,3,22.0921658986,0.00808589875929
357,60,2,3,64.8202764977,0.026953923776
357,63,2,3,7.99078341014,0.00420927695507
357,64,2,2,1.8801843318,0.00123869087376
357,65,2,2,1.8801843318,0.00123869087376
357,68,2,3,5.64055299539,0.00189325974781
357,95,2,2,1.8801843318,0.00123869087376
357,112,2,2,20.6820276498,0.0150230970074
357,113,2,2,3.0599078341,0.00653120739641
357,128,2,2,0.940092165899,0.000616478096896
357,133,2,2,7.0599078341,0.034767610748
357,135,2,3,1.8801843318,0.000619345436881
357,142,2,2,20.2396313364,0.0724429513651
357,158,2,2,2.35023041475,0.00155197283135
357,171,2,2,43.9447004608,0.0343688727342
357,192,2,2,3.0599078341,0.00653120739641
357,233,2,3,132.783410138,0.127723631633
357,242,2,2,0.940092165899,0.000616478096896
357,244,2,3,3.0599078341,0.00401842027741
357,324,2,2,0.940092165899,0.000616478096896
357,374,2,3,41.5944700461,0.0160991873576
357,454,2,2,2.35023041475,0.00155197283135
357,463,2,2,0.940092165899,0.000616478096896
357,489,2,2,3.29032258065,0.00218293883491
377,21,2,2,7.36405529954,0.00495107789737
377,22,2,3,5.63133640553,0.0018750728854
377,23,2,2,8.96774193548,0.0174136953608
377,29,2,2,0.866359447005,0.000562254761221
377,42,2,2,3.03225806452,0.00199093489219
377,53,2,2,0.866359447005,0.000562254761221
377,54,2,2,1.73271889401,0.00112973979929
377,56,2,2,0.866359447005,0.000562254761221
377,58,2,3,20.3594470046,0.00737469035648
377,60,2,3,40.599078341,0.0114310469697
377,63,2,3,4.63594470046,0.00138246401481
377,64,2,2,1.73271889401,0.00112973979929
377,65,2,2,1.73271889401,0.00112973979929
377,68,2,3,5.19815668203,0.00172673500129
377,95,2,2,10.267281106,0.0396673430274
377,112,2,2,19.0599078341,0.0137017160273
377,113,2,2,0.866359447005,0.000562254761221
377,128,2,2,0.866359447005,0.000562254761221
377,133,2,2,0.866359447005,0.000562254761221
377,135,2,3,1.73271889401,0.000564869899645
377,142,2,2,3.46543778802,0.00228069536946
377,158,2,2,2.16589861751,0.00141546653175
377,171,2,2,11.8156682028,0.00266826507616
377,192,2,2,0.866359447005,0.000562254761221
377,233,2,3,19.9907834101,0.00360033660763
377,242,2,2,0.866359447005,0.000562254761221
377,244,2,3,3.03225806452,0.000995467446096
377,324,2,2,0.866359447005,0.000562254761221
377,374,2,3,15.8156682028,0.00640350595237
377,454,2,2,2.16589861751,0.00141546653175
377,463,2,2,0.866359447005,0.000562254761221
377,489,2,2,4.96774193548,0.00534370890711
387,21,2,2,1.41013824885,0.000863309352518
387,22,2,3,1.07834101382,0.000326952633785
387,23,2,2,0.58064516129,0.000347155255545
387,29,2,2,0.165898617512,9.80392156863e-05
387,42,2,2,0.58064516129,0.000347155255545
387,53,2,2,0.165898617512,9.80392156863e-05
387,54,2,2,0.331797235023,0.000196990424077
387,56,2,2,0.165898617512,9.80392156863e-05
387,58,2,3,3.89861751152,0.00128590971272
387,60,2,3,14.4976958525,0.00687628906294
387,63,2,3,1.65898617512,0.000511508951407
387,64,2,2,0.331797235023,0.000196990424077
387,65,2,2,0.331797235023,0.000196990424077
387,68,2,3,0.995391705069,0.000301087259548
387,95,2,2,0.331797235023,0.000196990424077
387,112,2,2,3.64976958525,0.00238914027149
387,113,2,2,0.165898617512,9.80392156863e-05
387,128,2,2,0.165898617512,9.80392156863e-05
387,133,2,2,0.165898617512,9.80392156863e-05
387,135,2,3,0.331797235023,9.84952120383e-05
387,142,2,2,0.663594470046,0.00039768019884
387,158,2,2,0.414746543779,0.000246812011518
387,171,2,2,4.46082949309,0.00180851047404
387,192,2,2,0.165898617512,9.80392156863e-05
387,233,2,3,18.9769585253,0.0129615690748
387,242,2,2,0.165898617512,9.80392156863e-05
387,244,2,3,0.58064516129,0.000173577627772
387,324,2,2,0.165898617512,9.80392156863e-05
387,374,2,3,4.46082949309,0.000932925151181
387,454,2,2,0.414746543779,0.000246812011518
387,463,2,2,0.165898617512,9.80392156863e-05
387,489,2,2,0.58064516129,0.000347155255545
390,21,2,2,7.99078341014,0.00542855532806
390,22,2,3,6.11059907834,0.002055903202
390,23,2,2,8.70967741935,0.0152956786875
390,29,2,2,7.0599078341,0.034767610748
390,42,2,2,0.709677419355,0.000101551556718
390,53,2,2,0.940092165899,0.000616478096896
390,54,2,2,1.8801843318,0.00123869087376
390,56,2,2,7.0599078341,0.034767610748
390,58,2,3,22.0921658986,0.00808589875929
390,60,2,3,68.8202764977,0.0303688667431
390,63,2,3,7.99078341014,0.00420927695507
390,64,2,2,1.8801843318,0.00123869087376
390,65,2,2,1.8801843318,0.00123869087376
390,68,2,3,5.64055299539,0.00189325974781
390,95,2,2,1.8801843318,0.00123869087376
390,112,2,2,16.6820276498,0.0097739680753
390,113,2,2,3.0599078341,0.00653120739641
390,128,2,2,0.940092165899,0.000616478096896
390,133,2,2,7.0599078341,0.034767610748
390,135,2,3,1.8801843318,0.000619345436881
390,142,2,2,24.2396313364,0.103906558517
390,158,2,2,2.35023041475,0.00155197283135
390,171,2,2,47.9447004608,0.0409103778036
390,192,2,2,3.0599078341,0.00653120739641
390,233,2,3,132.783410138,0.127711486168
390,242,2,2,0.940092165899,0.000616478096896
390,244,2,3,3.0599078341,0.00401842027741
390,324,2,2,0.940092165899,0.000616478096896
390,374,2,3,45.5944700461,0.0192974015552
390,454,2,2,2.35023041475,0.00155197283135
390,463,2,2,3.0599078341,0.00653120739641
390,489,2,2,3.29032258065,0.00218293883491
391,21,2,2,16.6082949309,0.0131748259929
391,22,2,3,8.70046082949,0.00242887102196
391,23,2,2,6.83870967742,0.00529788084766
391,29,2,2,1.95391705069,0.00149616079494
391,42,2,2,2.83870967742,0.000912842410206
391,53,2,2,1.95391705069,0.00149616079494
391,54,2,2,3.90783410138,0.00300623936472
391,56,2,2,1.95391705069,0.00149616079494
391,58,2,3,41.0322580645,0.0207465417129
391,60,2,3,8.09216589862,0.000929874206106
391,63,2,3,24.4608294931,0.0132679213832
391,64,2,2,3.90783410138,0.00300623936472
391,65,2,2,3.90783410138,0.00300623936472
391,68,2,3,9.76958525346,0.0108657958618
391,95,2,2,0.0921658986175,1.67221395777e-06
391,112,2,2,129.013824885,0.328424075349
391,113,2,2,2.04608294931,0.0016406369842
391,128,2,2,6.04608294931,0.0143256464011
391,133,2,2,1.95391705069,0.00149616079494
391,135,2,3,3.90783410138,0.00150311968236
391,142,2,2,3.81566820276,0.00144650982286
391,158,2,2,15.1152073733,0.0360645643665
391,171,2,2,99.6497695853,0.0992873934763
391,192,2,2,1.95391705069,0.00149616079494
391,233,2,3,126.912442396,0.0707841749783
391,242,2,2,6.04608294931,0.0143256464011
391,244,2,3,6.83870967742,0.00264894042383
391,324,2,2,1.95391705069,0.00149616079494
391,374,2,3,94.7649769585,0.0490909969838
391,454,2,2,15.1152073733,0.0360645643665
391,463,2,2,6.04608294931,0.0143256464011
391,489,2,2,5.16129032258,0.00301766086018
428,21,2,2,2.97695852535,0.00186645864032
428,22,2,3,2.07373271889,0.000790063160962
428,23,2,2,1.22580645161,0.000750543156231
428,29,2,2,0.350230414747,0.000211958946899
428,42,2,2,2.77419354839,0.00384419472541
428,53,2,2,0.350230414747,0.000211958946899
428,54,2,2,0.700460829493,0.000425889604931
428,56,2,2,0.350230414747,0.000211958946899
428,58,2,3,8.23041474654,0.00278011269886
428,60,2,3,37.2995391705,0.0220629122826
428,63,2,3,3.50230414747,0.00110587276643
428,64,2,2,0.700460829493,0.000425889604931
428,65,2,2,0.700460829493,0.000425889604931
428,68,2,3,3.64976958525,0.0119983050185
428,95,2,2,3.29953917051,0.00945008921856
428,112,2,2,7.70506912442,0.00516527649058
428,113,2,2,0.350230414747,0.000211958946899
428,128,2,2,0.350230414747,0.000211958946899
428,133,2,2,0.350230414747,0.000211958946899
428,135,2,3,0.700460829493,0.000212944802466
428,142,2,2,1.40092165899,0.000859777136716
428,158,2,2,19.1244239631,0.254569991412
428,171,2,2,17.8617511521,0.0140659021629
428,192,2,2,0.350230414747,0.000211958946899
428,233,2,3,50.9585253456,0.046583536945
428,242,2,2,0.350230414747,0.000211958946899
428,244,2,3,1.22580645161,0.000375271578116
428,324,2,2,0.350230414747,0.000211958946899
428,374,2,3,13.8617511521,0.00424961290291
428,454,2,2,3.12442396313,0.00679470181055
428,463,2,2,0.350230414747,0.000211958946899
428,489,2,2,1.22580645161,0.000750543156231
454,21,2,2,0.783410138249,0.000475144360036
454,22,2,3,0.599078341014,0.000179946735766
454,23,2,2,0.322580645161,0.000191065764836
454,29,2,2,0.0921658986175,5.39583872917e-05
454,42,2,2,0.322580645161,0.000191065764836
454,53,2,2,0.0921658986175,5.39583872917e-05
454,54,2,2,0.184331797235,0.00010841871307
454,56,2,2,0.0921658986175,5.39583872917e-05
454,58,2,3,2.16589861751,0.000707733265873
454,60,2,3,1.81566820276,0.000210185616889
454,63,2,3,0.921658986175,0.000281522020652
454,64,2,2,0.184331797235,0.00010841871307
454,65,2,2,0.184331797235,0.00010841871307
454,68,2,3,0.552995391705,0.000165711066185
454,95,2,2,0.184331797235,0.00010841871307
454,112,2,2,1.97235023041,0.00124417928614
454,113,2,2,0.0921658986175,5.39583872917e-05
454,128,2,2,0.0921658986175,5.39583872917e-05
454,133,2,2,0.0921658986175,5.39583872917e-05
454,135,2,3,0.184331797235,5.42093565349e-05
454,142,2,2,0.36866359447,0.00021887345831
454,158,2,2,0.230414746544,0.000135839296678
454,171,2,2,3.29953917051,0.00176441402522
454,192,2,2,0.0921658986175,5.39583872917e-05
454,233,2,3,2.58986175115,0.000477275933876
454,242,2,2,0.0921658986175,5.39583872917e-05
454,244,2,3,0.322580645161,9.55328824181e-05
454,324,2,2,0.0921658986175,5.39583872917e-05
454,374,2,3,3.52995391705,0.00108670570104
454,454,2,2,0.230414746544,0.000135839296678
454,463,2,2,0.0921658986175,5.39583872917e-05
454,489,2,2,0.322580645161,0.000191065764836
457,21,2,2,0.470046082949,0.000283763708291
457,22,2,3,0.359447004608,0.000107467029666
457,23,2,2,0.193548387097,0.000114107489255
457,29,2,2,7.94470046083,0.66512345679
457,42,2,2,0.193548387097,0.000114107489255
457,53,2,2,0.0552995391705,3.22248002062e-05
457,54,2,2,0.110599078341,6.47493659958e-05
457,56,2,2,0.0552995391705,3.22248002062e-05
457,58,2,3,1.29953917051,0.000422669472473
457,60,2,3,2.16589861751,0.000460668622056
457,63,2,3,0.552995391705,0.00016812939238
457,64,2,2,0.110599078341,6.47493659958e-05
457,65,2,2,0.110599078341,6.47493659958e-05
457,68,2,3,0.331797235023,9.89652631926e-05
457,95,2,2,0.110599078341,6.47493659958e-05
457,112,2,2,1.21658986175,0.000785293592718
457,113,2,2,0.0552995391705,3.22248002062e-05
457,128,2,2,0.0552995391705,3.22248002062e-05
457,133,2,2,0.0552995391705,3.22248002062e-05
457,135,2,3,0.110599078341,3.23746829979e-05
457,142,2,2,0.221198156682,0.000130714682527
457,158,2,2,0.138248847926,8.11253711486e-05
457,171,2,2,2.8202764977,0.00213848433176
457,192,2,2,3.94470046083,0.163974105583
457,233,2,3,4.34101382488,0.00246661489173
457,242,2,2,0.0552995391705,3.22248002062e-05
457,244,2,3,0.193548387097,5.70537446274e-05
457,324,2,2,0.0552995391705,3.22248002062e-05
457,374,2,3,2.8202764977,0.00106924216588
457,454,2,2,0.138248847926,8.11253711486e-05
457,463,2,2,0.0552995391705,3.22248002062e-05
457,489,2,2,0.193548387097,0.000114107489255
460,21,2,2,0.3133640553,0.00018873789857
460,22,2,3,0.239631336406,7.14788422627e-05
460,23,2,2,0.129032258064,7.58955676988e-05
460,29,2,2,0.036866359447,2.14334705075e-05
460,42,2,2,0.129032258064,7.58955676988e-05
460,53,2,2,0.036866359447,2.14334705075e-05
460,54,2,2,0.0737327188941,4.30663221361e-05
460,56,2,2,0.036866359447,2.14334705075e-05
460,58,2,3,0.866359447005,0.000281127380611
460,60,2,3,3.92626728111,0.00223102061337
460,63,2,3,0.36866359447,0.000111826802648
460,64,2,2,0.0737327188941,4.30663221361e-05
460,65,2,2,0.0737327188941,4.30663221361e-05
460,68,2,3,0.221198156682,6.58241179568e-05
460,95,2,2,0.0737327188941,4.30663221361e-05
460,112,2,2,0.811059907834,0.000522317188984
460,113,2,2,0.036866359447,2.14334705075e-05
460,128,2,2,0.036866359447,2.14334705075e-05
460,133,2,2,0.036866359447,2.14334705075e-05
460,135,2,3,0.0737327188941,2.1533161068e-05
460,142,2,2,0.147465437788,8.69414014954e-05
460,158,2,2,0.0921658986175,5.39583872917e-05
460,171,2,2,6.1198156682,0.0150689905592
460,192,2,2,0.036866359447,2.14334705075e-05
460,233,2,3,5.52995391705,0.0051824212272
460,242,2,2,0.036866359447,2.14334705075e-05
460,244,2,3,0.129032258064,3.79477838494e-05
460,324,2,2,0.036866359447,2.14334705075e-05
460,374,2,3,6.21198156682,0.00804219167621
460,454,2,2,0.0921658986175,5.39583872917e-05
460,463,2,2,0.036866359447,2.14334705075e-05
460,489,2,2,0.129032258064,7.58955676988e-05
474,21,2,2,19.5852534562,0.0164916610401
474,22,2,3,14.9769585253,0.00624572408121
474,23,2,2,8.06451612903,0.0066316515465
474,29,2,2,2.30414746544,0.00187282752008
474,42,2,2,7.93548387097,0.00642113639981
474,53,2,2,2.30414746544,0.00187282752008
474,54,2,2,3.39170506912,0.00203844359148
474,56,2,2,2.30414746544,0.00187282752008
474,58,2,3,119.612903226,0.133704188722
474,60,2,3,90.6082949309,0.0267047351516
474,63,2,3,19.5852534562,0.00826496568329
474,64,2,2,0.608294930876,6.55678482727e-05
474,65,2,2,4.60829493088,0.0037630766915
474,68,2,3,13.8248847926,0.00575162195739
474,95,2,2,4.60829493088,0.0037630766915
474,112,2,2,46.6912442396,0.0387208243752
474,113,2,2,2.30414746544,0.00187282752008
474,128,2,2,2.30414746544,0.00187282752008
474,133,2,2,2.30414746544,0.00187282752008
474,135,2,3,5.69585253456,0.00663734477309
474,142,2,2,9.21658986175,0.00759682148989
474,158,2,2,5.76036866359,0.00471481054005
474,171,2,2,34.4884792627,0.0107053487126
474,192,2,2,1.69585253456,0.00101450317632
474,233,2,3,160.746543779,0.11234500652
474,242,2,2,2.30414746544,0.00187282752008
474,244,2,3,8.06451612903,0.00331582577325
474,324,2,2,5.69585253456,0.0114444444444
474,374,2,3,56.2488479263,0.0164794314883
474,454,2,2,5.76036866359,0.00471481054005
474,463,2,2,2.30414746544,0.00187282752008
474,489,2,2,3.93548387097,0.00157928802589
508,21,2,2,25.6129032258,0.0235268741123
508,22,2,3,15.1612903226,0.00918626045874
508,23,2,2,0.193548387097,3.18628622409e-06
508,29,2,2,4.51612903226,0.00600137174211
508,42,2,2,0.193548387097,3.18628622409e-06
508,53,2,2,3.48387096774,0.00357142857143
508,54,2,2,6.96774193548,0.00717607973422
508,56,2,2,4.51612903226,0.00600137174211
508,58,2,3,73.1612903226,0.047691508415
508,60,2,3,7.03225806452,0.00186050358897
508,63,2,3,17.1612903226,0.00452597571503
508,64,2,2,1.03225806452,0.000157499692383
508,65,2,2,6.96774193548,0.00717607973422
508,68,2,3,17.4193548387,0.0119898406967
508,95,2,2,2.96774193548,0.00130183339486
508,112,2,2,95.3548387097,0.134709981377
508,113,2,2,4.51612903226,0.00600137174211
508,128,2,2,4.51612903226,0.00600137174211
508,133,2,2,4.51612903226,0.00600137174211
508,135,2,3,3.48387096774,0.00182249644044
508,142,2,2,14.064516129,0.0147564398738
508,158,2,2,11.2903225806,0.0151083484417
508,171,2,2,177.677419355,0.237005163511
508,192,2,2,0.516129032258,7.83852635704e-05
508,233,2,3,274.903225806,0.251177383482
508,242,2,2,4.51612903226,0.00600137174211
508,244,2,3,8.70967741935,0.00452877481984
508,324,2,2,3.48387096774,0.00357142857143
508,374,2,3,164.967741935,0.107221859362
508,454,2,2,11.2903225806,0.0151083484417
508,463,2,2,4.51612903226,0.00600137174211
508,489,2,2,0.193548387097,3.18628622409e-06
605,21,2,2,0.3133640553,0.00018873789857
605,22,2,3,0.239631336406,7.14788422627e-05
605,23,2,2,0.129032258064,7.58955676988e-05
605,29,2,2,0.036866359447,2.14334705075e-05
605,42,2,2,0.129032258064,7.58955676988e-05
605,53,2,2,0.036866359447,2.14334705075e-05
605,54,2,2,0.0737327188941,4.30663221361e-05
605,56,2,2,0.036866359447,2.14334705075e-05
605,58,2,3,0.866359447005,0.000281127380611
605,60,2,3,3.92626728111,0.00223102061337
605,63,2,3,0.36866359447,0.000111826802648
605,64,2,2,0.0737327188941,4.30663221361e-05
605,65,2,2,0.0737327188941,4.30663221361e-05
605,68,2,3,0.221198156682,6.58241179568e-05
605,95,2,2,0.0737327188941,4.30663221361e-05
605,112,2,2,0.811059907834,0.000522317188984
605,113,2,2,0.036866359447,2.14334705075e-05
605,128,2,2,0.036866359447,2.14334705075e-05
605,133,2,2,0.036866359447,2.14334705075e-05
605,135,2,3,0.0737327188941,2.1533161068e-05
605,142,2,2,0.147465437788,8.69414014954e-05
605,158,2,2,0.0921658986175,5.39583872917e-05
605,171,2,2,6.1198156682,0.0150689905592
605,192,2,2,0.036866359447,2.14334705075e-05
605,233,2,3,5.52995391705,0.0051824212272
605,242,2,2,0.036866359447,2.14334705075e-05
605,244,2,3,0.129032258064,3.79477838494e-05
605,324,2,2,0.036866359447,2.14334705075e-05
605,374,2,3,2.21198156682,0.00103093502302
605,454,2,2,0.0921658986175,5.39583872917e-05
605,463,2,2,0.036866359447,2.14334705075e-05
605,489,2,2,0.129032258064,7.58955676988e-05
608,21,2,2,0.470046082949,0.000283763708291
608,22,2,3,0.359447004608,0.000107467029666
608,23,2,2,0.193548387097,0.000114107489255
608,29,2,2,0.0552995391705,3.22248002062e-05
608,42,2,2,0.193548387097,0.000114107489255
608,53,2,2,0.0552995391705,3.22248002062e-05
608,54,2,2,0.110599078341,6.47493659958e-05
608,56,2,2,0.0552995391705,3.22248002062e-05
608,58,2,3,1.29953917051,0.000422669472473
608,60,2,3,6.16589861751,0.00367820894866
608,63,2,3,0.552995391705,0.00016812939238
608,64,2,2,0.110599078341,6.47493659958e-05
608,65,2,2,0.110599078341,6.47493659958e-05
608,68,2,3,0.331797235023,9.89652631926e-05
608,95,2,2,0.110599078341,6.47493659958e-05
608,112,2,2,1.21658986175,0.000785293592718
608,113,2,2,0.0552995391705,3.22248002062e-05
608,128,2,2,0.0552995391705,3.22248002062e-05
608,133,2,2,0.0552995391705,3.22248002062e-05
608,135,2,3,0.110599078341,3.23746829979e-05
608,142,2,2,0.221198156682,0.000130714682527
608,158,2,2,0.138248847926,8.11253711486e-05
608,171,2,2,2.8202764977,0.00213848433176
608,192,2,2,0.0552995391705,3.22248002062e-05
608,233,2,3,8.04608294931,0.00708224490127
608,242,2,2,0.0552995391705,3.22248002062e-05
608,244,2,3,0.193548387097,5.70537446274e-05
608,324,2,2,0.0552995391705,3.22248002062e-05
608,374,2,3,2.8202764977,0.00106924216588
608,454,2,2,0.138248847926,8.11253711486e-05
608,463,2,2,0.0552995391705,3.22248002062e-05
608,489,2,2,0.193548387097,0.000114107489255
613,21,2,2,2.66359447005,0.0016619797687
613,22,2,3,2.03686635945,0.000629425200932
613,23,2,2,1.09677419355,0.000668317804773
613,29,2,2,0.3133640553,0.00018873789857
613,42,2,2,1.09677419355,0.000668317804773
613,53,2,2,0.3133640553,0.00018873789857
613,54,2,2,0.626728110599,0.000379231498522
613,56,2,2,0.3133640553,0.00018873789857
613,58,2,3,7.36405529954,0.00247553894869
613,60,2,3,33.3732718894,0.0196458218041
613,63,2,3,3.133640553,0.0009847194708
613,64,2,2,0.626728110599,0.000379231498522
613,65,2,2,0.626728110599,0.000379231498522
613,68,2,3,1.8801843318,0.000579631081864
613,95,2,2,0.626728110599,0.000379231498522
613,112,2,2,6.89400921659,0.00459939740515
613,113,2,2,0.3133640553,0.00018873789857
613,128,2,2,0.3133640553,0.00018873789857
613,133,2,2,0.3133640553,0.00018873789857
613,135,2,3,0.626728110599,0.000189615749261
613,142,2,2,1.2534562212,0.000765584715326
613,158,2,2,0.783410138249,0.000475144360036
613,171,2,2,11.9815668203,0.00703985108907
613,192,2,2,0.3133640553,0.00018873789857
613,233,2,3,41.5944700461,0.0346445094457
613,242,2,2,0.3133640553,0.00018873789857
613,244,2,3,1.09677419355,0.000334158902386
613,324,2,2,0.3133640553,0.00018873789857
613,374,2,3,11.9815668203,0.00353539492268
613,454,2,2,0.783410138249,0.000475144360036
613,463,2,2,0.3133640553,0.00018873789857
613,489,2,2,1.09677419355,0.000668317804773
614,21,2,2,2.03686635945,0.00125885040186
614,22,2,3,1.55760368664,0.000476751993049
614,23,2,2,0.838709677419,0.000506210817336
614,29,2,2,0.239631336406,0.000142957684525
614,42,2,2,0.838709677419,0.000506210817336
614,53,2,2,0.239631336406,0.000142957684525
614,54,2,2,0.479262672811,0.000287245207977
614,56,2,2,0.239631336406,0.000142957684525
614,58,2,3,5.63133640553,0.0018750728854
614,60,2,3,25.5207373272,0.0148805365377
614,63,2,3,37.9631336406,0.218653020197
614,64,2,2,0.479262672811,0.000287245207977
614,65,2,2,0.479262672811,0.000287245207977
614,68,2,3,1.43778801843,0.000439035922144
614,95,2,2,0.479262672811,0.000287245207977
614,112,2,2,5.27188940092,0.00348376880443
614,113,2,2,0.239631336406,0.000142957684525
614,128,2,2,0.239631336406,0.000142957684525
614,133,2,2,0.239631336406,0.000142957684525
614,135,2,3,0.479262672811,0.000143622603988
614,142,2,2,0.958525345622,0.000579884692159
614,158,2,2,0.599078341014,0.000359893471532
614,171,2,2,12.2211981567,0.00948687863091
614,192,2,2,0.239631336406,0.000142957684525
614,233,2,3,34.866359447,0.0314187000648
614,242,2,2,7.76036866359,0.149928774929
614,244,2,3,0.838709677419,0.000253105408668
614,324,2,2,0.239631336406,0.000142957684525
614,374,2,3,11.6221198157,0.0307303762831
614,454,2,2,3.40092165899,0.0115984508822
614,463,2,2,3.76036866359,0.0352031183385
614,489,2,2,0.838709677419,0.000506210817336
620,21,2,2,3.44700460829,0.00217689925729
620,22,2,3,2.63594470046,0.000824435578719
620,23,2,2,1.41935483871,0.000875378004138
620,29,2,2,0.405529953917,0.00024721323265
620,42,2,2,1.41935483871,0.000875378004138
620,53,2,2,0.405529953917,0.00024721323265
620,54,2,2,0.811059907834,0.000496726123278
620,56,2,2,0.405529953917,0.00024721323265
620,58,2,3,9.52995391705,0.00324251774918
620,60,2,3,45.2165898618,0.028217457323
620,63,2,3,4.05529953917,0.00128980817035
620,64,2,2,0.811059907834,0.000496726123278
620,65,2,2,0.811059907834,0.000496726123278
620,68,2,3,2.4331797235,0.000759214098376
620,95,2,2,0.811059907834,0.000496726123278
620,112,2,2,75.0783410138,0.426630235754
620,113,2,2,0.405529953917,0.00024721323265
620,128,2,2,0.405529953917,0.00024721323265
620,133,2,2,0.405529953917,0.00024721323265
620,135,2,3,0.811059907834,0.000248363061639
620,142,2,2,2.37788018433,0.00215486431386
620,158,2,2,1.01382488479,0.000622354991287
620,171,2,2,20.6820276498,0.0164054275354
620,192,2,2,0.405529953917,0.00024721323265
620,233,2,3,52.1658986175,0.0407162968187
620,242,2,2,0.405529953917,0.00024721323265
620,244,2,3,1.41935483871,0.000437689002069
620,324,2,2,0.405529953917,0.00024721323265
620,374,2,3,20.6820276498,0.00820271376769
620,454,2,2,1.01382488479,0.000622354991287
620,463,2,2,3.59447004608,0.0194220726684
620,489,2,2,1.41935483871,0.000875378004138
652,21,2,2,7.83410138249,0.00530825339728
652,22,2,3,5.99078341014,0.00201034243864
652,23,2,2,3.22580645161,0.00213456284153
652,29,2,2,0.921658986175,0.000602816358025
652,42,2,2,3.22580645161,0.00213456284153
652,53,2,2,0.921658986175,0.000602816358025
652,54,2,2,1.84331797235,0.00121124031008
652,56,2,2,0.921658986175,0.000602816358025
652,58,2,3,21.6589861751,0.00790670757967
652,60,2,3,102.764976959,0.0688067733017
652,63,2,3,9.21658986175,0.00314512882448
652,64,2,2,1.84331797235,0.00121124031008
652,65,2,2,1.84331797235,0.00121124031008
652,68,2,3,5.52995391705,0.00185130331754
652,95,2,2,1.84331797235,0.00121124031008
652,112,2,2,151.723502304,0.822520408411
652,113,2,2,0.921658986175,0.000602816358025
652,128,2,2,7.07834101382,0.0355555555556
652,133,2,2,0.921658986175,0.000602816358025
652,135,2,3,1.84331797235,0.000605620155039
652,142,2,2,0.3133640553,1.76667644757e-05
652,158,2,2,2.30414746544,0.00151757964258
652,171,2,2,47.0046082949,0.0400037650602
652,192,2,2,0.921658986175,0.000602816358025
652,233,2,3,123.649769585,0.10781755731
652,242,2,2,0.921658986175,0.000602816358025
652,244,2,3,3.22580645161,0.00106728142077
652,324,2,2,0.921658986175,0.000602816358025
652,374,2,3,44.7004608295,0.0188920996486
652,454,2,2,2.30414746544,0.00151757964258
652,463,2,2,3.07834101382,0.00672477816358
652,489,2,2,8.77419354839,0.0157923497268
722,21,2,2,0.3133640553,0.00018873789857
722,22,2,3,0.239631336406,7.14788422627e-05
722,23,2,2,0.129032258064,7.58955676988e-05
722,29,2,2,0.036866359447,2.14334705075e-05
722,42,2,2,0.129032258064,7.58955676988e-05
722,53,2,2,0.036866359447,2.14334705075e-05
722,54,2,2,0.0737327188941,4.30663221361e-05
722,56,2,2,0.036866359447,2.14334705075e-05
722,58,2,3,0.866359447005,0.000281127380611
722,60,2,3,3.92626728111,0.00223102061337
722,63,2,3,0.36866359447,0.000111826802648
722,64,2,2,0.0737327188941,4.30663221361e-05
722,65,2,2,0.0737327188941,4.30663221361e-05
722,68,2,3,0.221198156682,6.58241179568e-05
722,95,2,2,0.0737327188941,4.30663221361e-05
722,112,2,2,0.811059907834,0.000522317188984
722,113,2,2,0.036866359447,2.14334705075e-05
722,128,2,2,0.036866359447,2.14334705075e-05
722,133,2,2,0.036866359447,2.14334705075e-05
722,135,2,3,0.0737327188941,2.1533161068e-05
722,142,2,2,0.147465437788,8.69414014954e-05
722,158,2,2,0.0921658986175,5.39583872917e-05
722,171,2,2,2.1198156682,0.00180802184774
722,192,2,2,0.036866359447,2.14334705075e-05
722,233,2,3,2.89400921659,0.00131583970203
722,242,2,2,0.036866359447,2.14334705075e-05
722,244,2,3,0.129032258064,3.79477838494e-05
722,324,2,2,0.036866359447,2.14334705075e-05
722,374,2,3,1.8801843318,0.000711178045515
722,454,2,2,0.0921658986175,5.39583872917e-05
722,463,2,2,0.036866359447,2.14334705075e-05
722,489,2,2,0.129032258064,7.58955676988e-05
735,21,2,2,0.3133640553,0.00018873789857
735,22,2,3,0.239631336406,7.14788422627e-05
735,23,2,2,0.129032258064,7.58955676988e-05
735,29,2,2,0.036866359447,2.14334705075e-05
735,42,2,2,0.129032258064,7.58955676988e-05
735,53,2,2,0.036866359447,2.14334705075e-05
735,54,2,2,0.0737327188941,4.30663221361e-05
735,56,2,2,0.036866359447,2.14334705075e-05
735,58,2,3,0.866359447005,0.000281127380611
735,60,2,3,4.11059907834,0.00244646305073
735,63,2,3,0.36866359447,0.000111826802648
735,64,2,2,0.0737327188941,4.30663221361e-05
735,65,2,2,0.0737327188941,4.30663221361e-05
735,68,2,3,0.221198156682,6.58241179568e-05
735,95,2,2,0.0737327188941,4.30663221361e-05
735,112,2,2,0.811059907834,0.000522317188984
735,113,2,2,0.036866359447,2.14334705075e-05
735,128,2,2,0.036866359447,2.14334705075e-05
735,133,2,2,0.036866359447,2.14334705075e-05
735,135,2,3,0.0737327188941,2.1533161068e-05
735,142,2,2,0.147465437788,8.69414014954e-05
735,158,2,2,0.0921658986175,5.39583872917e-05
735,171,2,2,1.8801843318,0.00142235609103
735,192,2,2,0.036866359447,2.14334705075e-05
735,233,2,3,5.10599078341,0.00408410002359
735,242,2,2,0.036866359447,2.14334705075e-05
735,244,2,3,0.129032258064,3.79477838494e-05
735,324,2,2,0.036866359447,2.14334705075e-05
735,374,2,3,1.8801843318,0.000711178045515
735,454,2,2,0.0921658986175,5.39583872917e-05
735,463,2,2,0.036866359447,2.14334705075e-05
735,489,2,2,3.87096774194,0.068306010929
744,21,2,2,3.6866359447,0.0261228925356
744,22,2,3,3.79723502304,0.0211142501819
744,23,2,2,0.129032258064,7.58955676988e-05
744,29,2,2,0.036866359447,2.14334705075e-05
744,42,2,2,0.129032258064,7.58955676988e-05
744,53,2,2,0.036866359447,2.14334705075e-05
744,54,2,2,0.0737327188941,4.30663221361e-05
744,56,2,2,0.036866359447,2.14334705075e-05
744,58,2,3,0.866359447005,0.000281127380611
744,60,2,3,0.110599078341,1.19635086181e-05
744,63,2,3,0.36866359447,0.000111826802648
744,64,2,2,0.0737327188941,4.30663221361e-05
744,65,2,2,0.0737327188941,4.30663221361e-05
744,68,2,3,3.81566820276,0.0233960856591
744,95,2,2,0.0737327188941,4.30663221361e-05
744,112,2,2,0.811059907834,0.000522317188984
744,113,2,2,0.036866359447,2.14334705075e-05
744,128,2,2,0.036866359447,2.14334705075e-05
744,133,2,2,0.036866359447,2.14334705075e-05
744,135,2,3,0.0737327188941,2.1533161068e-05
744,142,2,2,3.85253456221,0.05933886498
744,158,2,2,0.0921658986175,5.39583872917e-05
744,171,2,2,1.8801843318,0.00142235609103
744,192,2,2,0.036866359447,2.14334705075e-05
744,233,2,3,2.63594470046,0.00115922290529
744,242,2,2,0.036866359447,2.14334705075e-05
744,244,2,3,0.129032258064,3.79477838494e-05
744,324,2,2,0.036866359447,2.14334705075e-05
744,374,2,3,1.8801843318,0.000711178045515
744,454,2,2,0.0921658986175,5.39583872917e-05
744,463,2,2,0.036866359447,2.14334705075e-05
744,489,2,2,0.129032258064,7.58955676988e-05
