PB1 site,HA site,N alleles PB1,N alleles HA,Chi,ChiSqDf
66,52,2,2,2.13824884793,0.00143493320139
66,55,2,2,141.732718894,0.306107531904
66,57,2,2,2.13824884793,0.00143493320139
66,63,2,3,142.267281106,0.157238026519
66,67,2,2,1.06912442396,0.00071414499606
66,71,2,5,141.198156682,0.0758488367804
66,73,2,4,37.4193548387,0.00988816148391
66,83,2,2,1.06912442396,0.00071414499606
66,88,2,3,111.760368664,0.073134855279
66,91,2,2,103.502304147,0.125040504617
66,96,2,2,111.760368664,0.144672763393
66,102,2,2,1.60368663594,0.00107370291751
66,103,2,2,5.05069124424,0.00251605326167
66,123,2,2,12.8294930876,0.0090295796575
66,131,2,4,112.829493088,0.0597948819452
66,140,2,2,1.60368663594,0.00107370291751
66,141,2,2,132.64516129,0.24474013799
66,142,2,2,1.06912442396,0.00071414499606
66,143,2,2,2.13824884793,0.00143493320139
66,151,2,3,107.502304147,0.0684499311061
66,152,2,3,104.829493088,0.0637838532233
66,156,2,2,6.39631336406,0.0170806572327
66,163,2,2,99.5023041475,0.115562507559
66,164,2,3,121.419354839,0.0943251493554
66,165,2,4,175.668202765,0.283796677384
66,177,2,2,37.1612903226,0.0271185376705
66,179,2,4,10.6912442396,0.00260445909803
66,181,2,2,173.271889401,0.844109195402
66,183,2,2,141.198156682,0.301970137504
66,187,2,2,51.8894009217,0.0372785365445
66,190,2,2,112.829493088,0.147745601428
66,195,2,2,9.62211981567,0.00667450900164
66,197,2,3,2.39631336406,0.00154837214632
66,198,2,2,36.0921658986,0.0261164303168
66,205,2,2,6.1198156682,0.00434497485746
66,218,2,3,159.410138249,0.384323966569
66,223,2,2,1.06912442396,0.00071414499606
66,231,2,2,1.06912442396,0.00071414499606
66,232,2,3,3.74193548387,0.00126438786188
66,237,2,2,5.86175115207,0.0107837533485
66,240,2,2,1.06912442396,0.00071414499606
66,245,2,3,170.599078341,0.376897262201
66,267,2,3,144.423963134,0.183367722104
66,270,2,2,103.502304147,0.125040504617
66,271,2,2,5.8801843318,0.00401136763744
66,277,2,2,102.967741935,0.123599902177
66,282,2,2,136.64516129,0.259723287534
66,294,2,2,1.06912442396,0.00071414499606
66,298,2,2,2.93087557604,0.00536691428222
66,299,2,2,1.60368663594,0.00107370291751
66,314,2,2,1.60368663594,0.00107370291751
69,52,2,2,0.811059907834,0.000496726123278
69,55,2,2,18.1013824885,0.0120130479657
69,57,2,2,0.811059907834,0.000496726123278
69,63,2,3,45.935483871,0.0306762294404
69,67,2,2,0.405529953917,0.00024721323265
69,71,2,5,26.930875576,0.00535266907529
69,73,2,4,69.8617511521,0.122031083803
69,83,2,2,0.405529953917,0.00024721323265
69,88,2,3,31.5391705069,0.0138814681761
69,91,2,2,30.1198156682,0.0254771733742
69,96,2,2,31.5391705069,0.0277209175572
69,102,2,2,0.608294930876,0.000371680219854
69,103,2,2,2.63594470046,0.00164887115744
69,123,2,2,0.866359447005,9.90696689844e-05
69,131,2,4,33.1612903226,0.0101695194367
69,140,2,2,0.608294930876,0.000371680219854
69,141,2,2,21.5483870968,0.0155398869543
69,142,2,2,0.405529953917,0.00024721323265
69,143,2,2,0.811059907834,0.000496726123278
69,151,2,3,30.1198156682,0.0127440638925
69,152,2,3,31.133640553,0.0135435312992
69,156,2,2,3.39170506912,0.0115551933181
69,163,2,2,30.1198156682,0.0254771733742
69,164,2,3,30.3225806452,0.0131209809608
69,165,2,4,30.1198156682,0.00862571036223
69,177,2,2,11.6129032258,0.00637180170953
69,179,2,4,5.06912442396,0.00108797999699
69,181,2,2,10.1382488479,0.00695287216828
69,183,2,2,18.3041474654,0.0122095848155
69,187,2,2,25.7511520737,0.0220897504823
69,190,2,2,35.133640553,0.0344676389858
69,195,2,2,3.64976958525,0.00231049290515
69,197,2,3,1.01382488479,0.000311177495644
69,198,2,2,7.20737327189,0.00250575091314
69,205,2,2,2.23041474654,0.00138860198765
69,218,2,3,30.3225806452,0.0130577718839
69,223,2,2,0.405529953917,0.00024721323265
69,231,2,2,0.405529953917,0.00024721323265
69,232,2,3,1.41935483871,0.000437689002069
69,237,2,2,0.811059907834,0.000496726123278
69,240,2,2,0.405529953917,0.00024721323265
69,245,2,3,13.3824884793,0.00478841283242
69,267,2,3,18.0460829493,0.0160525154457
69,270,2,2,30.1198156682,0.0254771733742
69,271,2,2,2.23041474654,0.00138860198765
69,277,2,2,30.3225806452,0.0257895646245
69,282,2,2,21.5483870968,0.0155398869543
69,294,2,2,0.405529953917,0.00024721323265
69,298,2,2,0.405529953917,0.00024721323265
69,299,2,2,0.608294930876,0.000371680219854
69,314,2,2,0.608294930876,0.000371680219854
94,52,2,2,0.110599078341,6.47493659958e-05
94,55,2,2,0.986175115207,0.000249953470754
94,57,2,2,0.110599078341,6.47493659958e-05
94,63,2,3,4.64516129032,0.0023224517752
94,67,2,2,0.0552995391705,3.22248002062e-05
94,71,2,5,3.16129032258,0.000660434271487
94,73,2,4,1.93548387097,0.000446189541317
94,83,2,2,0.0552995391705,3.22248002062e-05
94,88,2,3,2.82949308756,0.000811802800264
94,91,2,2,2.80184331797,0.00154545258737
94,96,2,2,2.60829493088,0.0013290515732
94,102,2,2,0.0829493087557,4.84493515862e-05
94,103,2,2,0.359447004608,0.000214934059333
94,123,2,2,0.663594470046,0.000407447229925
94,131,2,4,5.20737327189,0.00259523245441
94,140,2,2,0.0829493087557,4.84493515862e-05
94,141,2,2,0.516129032258,6.24965822182e-05
94,142,2,2,3.94470046083,0.163974105583
94,143,2,2,0.110599078341,6.47493659958e-05
94,151,2,3,2.85714285714,0.000811121800313
94,152,2,3,2.77419354839,0.000767987262453
94,156,2,2,0.0829493087557,4.84493515862e-05
94,163,2,2,2.80184331797,0.00154545258737
94,164,2,3,2.83870967742,0.0023422826207
94,165,2,4,2.88479262673,0.00120109369866
94,177,2,2,1.87096774194,0.00115940350689
94,179,2,4,0.691244239631,0.000141820636604
94,181,2,2,2.61751152074,0.00324890435679
94,183,2,2,0.958525345622,0.000234709386553
94,187,2,2,0.488479262673,5.57200013005e-05
94,190,2,2,2.66359447005,0.00138874596162
94,195,2,2,0.497695852535,0.000301177940389
94,197,2,3,0.138248847926,4.05626855743e-05
94,198,2,2,1.92626728111,0.00125469548551
94,205,2,2,0.304147465438,0.000181007388392
94,218,2,3,2.77419354839,0.00202675027652
94,223,2,2,0.0552995391705,3.22248002062e-05
94,231,2,2,0.0552995391705,3.22248002062e-05
94,232,2,3,0.193548387097,5.70537446274e-05
94,237,2,2,0.110599078341,6.47493659958e-05
94,240,2,2,0.0552995391705,3.22248002062e-05
94,245,2,3,2.47926267281,0.00139532111185
94,267,2,3,1.53917050691,0.000362578880193
94,270,2,2,2.80184331797,0.00154545258737
94,271,2,2,0.304147465438,0.000181007388392
94,277,2,2,2.77419354839,0.0015132356973
94,282,2,2,0.516129032258,6.24965822182e-05
94,294,2,2,0.0552995391705,3.22248002062e-05
94,298,2,2,0.0552995391705,3.22248002062e-05
94,299,2,2,0.0829493087557,4.84493515862e-05
94,314,2,2,0.0829493087557,4.84493515862e-05
164,52,2,2,9.99078341014,0.0154658296476
164,55,2,2,151.751152074,0.173243406973
164,57,2,2,9.99078341014,0.0154658296476
164,63,2,3,267.612903226,0.221828400819
164,67,2,2,3.00460829493,0.00278461117945
164,71,2,5,268.442396313,0.103362718989
164,73,2,4,124.884792627,0.0721627145483
164,83,2,2,3.00460829493,0.00278461117945
164,88,2,3,268.949308756,0.208784126915
164,91,2,2,266.433179724,0.409059271379
164,96,2,2,276.949308756,0.438602032431
164,102,2,2,4.5069124424,0.00418660799137
164,103,2,2,15.5299539171,0.0117440385187
164,123,2,2,32.0552995392,0.027829612652
164,131,2,4,288.967741935,0.158256755803
164,140,2,2,4.5069124424,0.00418660799137
164,141,2,2,177.290322581,0.215849665468
164,142,2,2,0.995391705069,0.000305616553098
164,143,2,2,9.99078341014,0.0154658296476
164,151,2,3,266.433179724,0.204534131231
164,152,2,3,273.944700461,0.215001480811
164,156,2,2,0.506912442396,5.29626807093e-05
164,163,2,2,266.433179724,0.409059271379
164,164,2,3,267.935483871,0.206589890614
164,165,2,4,266.433179724,0.136433404143
164,177,2,2,111.677419355,0.120913384915
164,179,2,4,37.5576036866,0.0122550125257
164,181,2,2,67.1152073733,0.0625234919144
164,183,2,2,153.253456221,0.175624637575
164,187,2,2,77.2073732719,0.0407453487292
164,190,2,2,269.944700461,0.417520535826
164,195,2,2,27.0414746544,0.0260254044848
164,197,2,3,7.51152073733,0.00350510498112
164,198,2,2,104.67281106,0.108446276301
164,205,2,2,19.4746543779,0.0217224620063
164,218,2,3,267.935483871,0.206736747616
164,223,2,2,3.00460829493,0.00278461117945
164,231,2,2,0.995391705069,0.000305616553098
164,232,2,3,12.4884792627,0.0110276175677
164,237,2,2,6.00921658986,0.0055951257187
164,240,2,2,4.99539170507,0.00769711429221
164,245,2,3,87.1520737327,0.0418052037403
164,267,2,3,124.709677419,0.066406225241
164,270,2,2,266.433179724,0.409059271379
164,271,2,2,12.5253456221,0.00898563897768
164,277,2,2,267.935483871,0.413176068074
164,282,2,2,177.290322581,0.215849665468
164,294,2,2,0.995391705069,0.000305616553098
164,298,2,2,3.00460829493,0.00278461117945
164,299,2,2,4.5069124424,0.00418660799137
164,314,2,2,7.4930875576,0.0115724595391
171,52,2,2,0.0737327188941,4.30663221361e-05
171,55,2,2,5.99078341014,0.0138039415562
171,57,2,2,0.0737327188941,4.30663221361e-05
171,63,2,3,6.00921658986,0.00698731138546
171,67,2,2,0.036866359447,2.14334705075e-05
171,71,2,5,5.97235023041,0.00340909090909
171,73,2,4,1.29032258065,0.000296771130104
171,83,2,2,0.036866359447,2.14334705075e-05
171,88,2,3,4.55299539171,0.00305753614577
171,91,2,2,4.53456221198,0.00605791962175
171,96,2,2,4.40552995392,0.0056742640076
171,102,2,2,0.0552995391705,3.22248002062e-05
171,103,2,2,0.239631336406,0.000142957684525
171,123,2,2,0.442396313364,0.000271002710027
171,131,2,4,6.30414746544,0.00573671497585
171,140,2,2,0.0552995391705,3.22248002062e-05
171,141,2,2,5.67741935484,0.011316872428
171,142,2,2,0.036866359447,2.14334705075e-05
171,143,2,2,0.0737327188941,4.30663221361e-05
171,151,2,3,4.57142857143,0.00308641975309
171,152,2,3,4.51612903226,0.00300068587106
171,156,2,2,0.0552995391705,3.22248002062e-05
171,163,2,2,4.53456221198,0.00605791962175
171,164,2,3,5.29032258065,0.00451940035273
171,165,2,4,7.07834101382,0.0118518518519
171,177,2,2,1.41935483871,0.000998547567175
171,179,2,4,0.460829493088,9.43282320625e-05
171,181,2,2,7.07834101382,0.0355555555556
171,183,2,2,5.97235023041,0.0136363636364
171,187,2,2,2.34101382488,0.00191518880444
171,190,2,2,4.44239631336,0.00578104010746
171,195,2,2,0.331797235023,0.000200320512821
171,197,2,3,0.0921658986175,2.69791936459e-05
171,198,2,2,1.38248847926,0.000967192819561
171,205,2,2,0.202764976959,0.000120392259872
171,218,2,3,5.36405529954,0.00471056721057
171,223,2,2,0.036866359447,2.14334705075e-05
171,231,2,2,0.036866359447,2.14334705075e-05
171,232,2,3,0.129032258064,3.79477838494e-05
171,237,2,2,0.0737327188941,4.30663221361e-05
171,240,2,2,0.036866359447,2.14334705075e-05
171,245,2,3,6.98617511521,0.0159511784512
171,267,2,3,1.67741935484,0.000614134542706
171,270,2,2,4.53456221198,0.00605791962175
171,271,2,2,0.202764976959,0.000120392259872
171,277,2,2,4.51612903226,0.00600137174211
171,282,2,2,5.67741935484,0.011316872428
171,294,2,2,0.036866359447,2.14334705075e-05
171,298,2,2,0.036866359447,2.14334705075e-05
171,299,2,2,0.0552995391705,3.22248002062e-05
171,314,2,2,0.0552995391705,3.22248002062e-05
176,52,2,2,6.96774193548,0.00717607973422
176,55,2,2,246.129032258,0.434757834758
176,57,2,2,6.96774193548,0.00717607973422
176,63,2,3,292.64516129,0.310514415695
176,67,2,2,3.48387096774,0.00357142857143
176,71,2,5,425.032258065,0.247692889121
176,73,2,4,87.0967741935,0.0363288563289
176,83,2,2,0.516129032258,7.83852635704e-05
176,88,2,3,422.258064516,0.492970521542
176,91,2,2,424.516129032,0.99066546221
176,96,2,2,416.322580645,0.945494505495
176,102,2,2,6.77419354839,0.00902294405775
176,103,2,2,6.64516129032,0.00205124338141
176,123,2,2,54.1935483871,0.0758807588076
176,131,2,4,415.806451613,0.315450553004
176,140,2,2,2.77419354839,0.0015132356973
176,141,2,2,284.516129032,0.530303030303
176,142,2,2,4.51612903226,0.00600137174211
176,143,2,2,6.96774193548,0.00717607973422
176,151,2,3,420.0,0.486112493778
176,152,2,3,426.774193548,0.5
176,156,2,2,2.77419354839,0.0015132356973
176,163,2,2,424.516129032,0.99066546221
176,164,2,3,426.774193548,0.5
176,165,2,4,424.516129032,0.330221820737
176,177,2,2,173.870967742,0.279593318809
176,179,2,4,15.8064516129,0.00870055133415
176,181,2,2,112.903225806,0.168788580247
176,183,2,2,248.387096774,0.440100594422
176,187,2,2,221.225806452,0.3191251745
176,190,2,2,399.806451613,0.873688928293
176,195,2,2,40.6451612903,0.0560897435897
176,197,2,3,7.29032258065,0.00377453234596
176,198,2,2,165.35483871,0.258172328583
176,205,2,2,15.1612903226,0.0125594570039
176,218,2,3,426.774193548,0.5
176,223,2,2,4.51612903226,0.00600137174211
176,231,2,2,0.516129032258,7.83852635704e-05
176,232,2,3,8.70967741935,0.00744263357177
176,237,2,2,1.03225806452,0.000157499692383
176,240,2,2,3.48387096774,0.00357142857143
176,245,2,3,145.032258065,0.110101966127
176,267,2,3,201.483870968,0.165329248576
176,270,2,2,424.516129032,0.99066546221
176,271,2,2,20.8387096774,0.0237268554053
176,277,2,2,426.774193548,1.0
176,282,2,2,284.516129032,0.530303030303
176,294,2,2,0.516129032258,7.83852635704e-05
176,298,2,2,4.51612903226,0.00600137174211
176,299,2,2,6.77419354839,0.00902294405775
176,314,2,2,5.22580645161,0.00536957242294
177,52,2,2,0.110599078341,6.47493659958e-05
177,55,2,2,3.01382488479,0.00233446368017
177,57,2,2,0.110599078341,6.47493659958e-05
177,63,2,3,7.35483870968,0.00551044083527
177,67,2,2,0.0552995391705,3.22248002062e-05
177,71,2,5,5.30875576037,0.00138060631627
177,73,2,4,1.93548387097,0.000446189541317
177,83,2,2,0.0552995391705,3.22248002062e-05
177,88,2,3,5.39170506912,0.00283955770855
177,91,2,2,5.19815668203,0.00531944994624
177,96,2,2,5.39170506912,0.0056791154171
177,102,2,2,0.0829493087557,4.84493515862e-05
177,103,2,2,0.359447004608,0.000214934059333
177,123,2,2,0.663594470046,0.000407447229925
177,131,2,4,5.61290322581,0.00203895099487
177,140,2,2,0.0829493087557,4.84493515862e-05
177,141,2,2,3.48387096774,0.00284750052731
177,142,2,2,0.0552995391705,3.22248002062e-05
177,143,2,2,0.110599078341,6.47493659958e-05
177,151,2,3,5.19815668203,0.00265972497312
177,152,2,3,5.33640552995,0.00278711093568
177,156,2,2,0.0829493087557,4.84493515862e-05
177,163,2,2,5.19815668203,0.00531944994624
177,164,2,3,5.22580645161,0.00268478621147
177,165,2,4,5.19815668203,0.00177314998208
177,177,2,2,2.12903225806,0.00150129657431
177,179,2,4,0.691244239631,0.000141820636604
177,181,2,2,1.38248847926,0.0009063225058
177,183,2,2,3.04147465438,0.00236315201512
177,187,2,2,3.51152073733,0.00287944859693
177,190,2,2,5.33640552995,0.00557422187136
177,195,2,2,0.497695852535,0.000301177940389
177,197,2,3,0.138248847926,4.05626855743e-05
177,198,2,2,2.07373271889,0.00145415532964
177,205,2,2,0.304147465438,0.000181007388392
177,218,2,3,5.22580645161,0.00268478621147
177,223,2,2,0.0552995391705,3.22248002062e-05
177,231,2,2,0.0552995391705,3.22248002062e-05
177,232,2,3,0.193548387097,5.70537446274e-05
177,237,2,2,0.110599078341,6.47493659958e-05
177,240,2,2,0.0552995391705,3.22248002062e-05
177,245,2,3,1.82488479263,0.000624180369212
177,267,2,3,2.51612903226,0.000923339173256
177,270,2,2,5.19815668203,0.00531944994624
177,271,2,2,0.304147465438,0.000181007388392
177,277,2,2,5.22580645161,0.00536957242294
177,282,2,2,3.48387096774,0.00284750052731
177,294,2,2,0.0552995391705,3.22248002062e-05
177,298,2,2,0.0552995391705,3.22248002062e-05
177,299,2,2,0.0829493087557,4.84493515862e-05
177,314,2,2,0.0829493087557,4.84493515862e-05
190,52,2,2,0.0737327188941,4.30663221361e-05
190,55,2,2,2.00921658986,0.00155270655271
190,57,2,2,0.0737327188941,4.30663221361e-05
190,63,2,3,4.90322580645,0.00366512345679
190,67,2,2,0.036866359447,2.14334705075e-05
190,71,2,5,3.53917050691,0.000918273645546
190,73,2,4,7.11520737327,0.0124099794239
190,83,2,2,0.036866359447,2.14334705075e-05
190,88,2,3,3.59447004608,0.00188865643887
190,91,2,2,3.46543778802,0.00353809093646
190,96,2,2,3.59447004608,0.00377731287773
190,102,2,2,0.0552995391705,3.22248002062e-05
190,103,2,2,0.239631336406,0.000142957684525
190,123,2,2,0.442396313364,0.000271002710027
190,131,2,4,3.74193548387,0.00135615413393
190,140,2,2,0.0552995391705,3.22248002062e-05
190,141,2,2,2.32258064516,0.00189393939394
190,142,2,2,0.036866359447,2.14334705075e-05
190,143,2,2,0.0737327188941,4.30663221361e-05
190,151,2,3,3.46543778802,0.00176904546823
190,152,2,3,3.55760368664,0.00185377286
190,156,2,2,0.0552995391705,3.22248002062e-05
190,163,2,2,3.46543778802,0.00353809093646
190,164,2,3,3.48387096774,0.00178571428571
190,165,2,4,3.46543778802,0.00117936364549
190,177,2,2,1.41935483871,0.000998547567175
190,179,2,4,0.460829493088,9.43282320625e-05
190,181,2,2,0.921658986175,0.000602816358025
190,183,2,2,2.02764976959,0.00157178783722
190,187,2,2,2.34101382488,0.00191518880444
190,190,2,2,3.55760368664,0.00370754571999
190,195,2,2,0.331797235023,0.000200320512821
190,197,2,3,0.0921658986175,2.69791936459e-05
190,198,2,2,1.38248847926,0.000967192819561
190,205,2,2,0.202764976959,0.000120392259872
190,218,2,3,3.48387096774,0.00178571428571
190,223,2,2,0.036866359447,2.14334705075e-05
190,231,2,2,0.036866359447,2.14334705075e-05
190,232,2,3,0.129032258064,3.79477838494e-05
190,237,2,2,0.0737327188941,4.30663221361e-05
190,240,2,2,0.036866359447,2.14334705075e-05
190,245,2,3,1.21658986175,0.000415157004831
190,267,2,3,1.67741935484,0.000614134542706
190,270,2,2,3.46543778802,0.00353809093646
190,271,2,2,0.202764976959,0.000120392259872
190,277,2,2,3.48387096774,0.00357142857143
190,282,2,2,2.32258064516,0.00189393939394
190,294,2,2,0.036866359447,2.14334705075e-05
190,298,2,2,0.036866359447,2.14334705075e-05
190,299,2,2,0.0552995391705,3.22248002062e-05
190,314,2,2,0.0552995391705,3.22248002062e-05
196,52,2,2,0.995391705069,0.000617107593852
196,55,2,2,27.1244239631,0.0222491022491
196,57,2,2,0.995391705069,0.000617107593852
196,63,2,3,54.1935483871,0.0356593647733
196,67,2,2,0.497695852535,0.000307125307125
196,71,2,5,47.7788018433,0.0131581619185
196,73,2,4,17.4193548387,0.0042525042525
196,83,2,2,0.497695852535,0.000307125307125
196,88,2,3,46.534562212,0.0283436726951
196,91,2,2,46.7834101382,0.0506981482591
196,96,2,2,40.5253456221,0.0377504597867
196,102,2,2,0.746543778802,0.000461756842267
196,103,2,2,4.76497695853,0.00444423959863
196,123,2,2,5.97235023041,0.00388326241985
196,131,2,4,42.5161290323,0.0140780777584
196,140,2,2,0.746543778802,0.000461756842267
196,141,2,2,31.3548387097,0.0271387089569
196,142,2,2,0.497695852535,0.000307125307125
196,143,2,2,15.0046082949,0.140223944875
196,151,2,3,46.7834101382,0.0253490741296
196,152,2,3,48.0276497696,0.0265631531192
196,156,2,2,0.746543778802,0.000461756842267
196,163,2,2,46.7834101382,0.0506981482591
196,164,2,3,47.0322580645,0.0255879255879
196,165,2,4,46.7834101382,0.016899382753
196,177,2,2,19.1612903226,0.0143084260731
196,179,2,4,6.22119815668,0.0013516517184
196,181,2,2,12.4423963134,0.0086378992629
196,183,2,2,27.3732718894,0.0225225225225
196,187,2,2,27.6036866359,0.0209359842846
196,190,2,2,40.0276497696,0.0369017645693
196,195,2,2,4.47926267281,0.00287044037044
196,197,2,3,1.24423963134,0.000386591295682
196,198,2,2,18.66359447,0.0138591364218
196,205,2,2,2.73732718894,0.0017251293847
196,218,2,3,47.0322580645,0.0255879255879
196,223,2,2,0.497695852535,0.000307125307125
196,231,2,2,0.497695852535,0.000307125307125
196,232,2,3,1.74193548387,0.000543762838845
196,237,2,2,7.00460829493,0.0305591003265
196,240,2,2,0.497695852535,0.000307125307125
196,245,2,3,16.4239631336,0.00594888366627
196,267,2,3,22.6451612903,0.00880008022865
196,270,2,2,46.7834101382,0.0506981482591
196,271,2,2,2.73732718894,0.0017251293847
196,277,2,2,47.0322580645,0.0511758511759
196,282,2,2,31.3548387097,0.0271387089569
196,294,2,2,0.497695852535,0.000307125307125
196,298,2,2,0.497695852535,0.000307125307125
196,299,2,2,0.746543778802,0.000461756842267
196,314,2,2,0.746543778802,0.000461756842267
211,52,2,2,7.07834101382,0.00738035748607
211,55,2,2,243.115207373,0.422724358974
211,57,2,2,7.07834101382,0.00738035748607
211,63,2,3,297.290322581,0.311960922375
211,67,2,2,3.53917050691,0.00367309458219
211,71,2,5,415.778801843,0.236287243388
211,73,2,4,88.4792626728,0.0370629370629
211,83,2,2,0.460829493088,6.22744171513e-05
211,88,2,3,422.930875576,0.488349268849
211,91,2,2,415.31797235,0.944955539809
211,96,2,2,422.930875576,0.972409408773
211,102,2,2,6.69124423963,0.00877320185615
211,103,2,2,8.99539170507,0.00374591218901
211,123,2,2,53.5299539171,0.0737804878049
211,131,2,4,422.470046083,0.324070916616
211,140,2,2,2.69124423963,0.00141922281239
211,141,2,2,281.032258065,0.515625
211,142,2,2,0.460829493088,6.22744171513e-05
211,143,2,2,7.07834101382,0.00738035748607
211,151,2,3,415.31797235,0.472478037022
211,152,2,3,418.470046083,0.481421096072
211,156,2,2,2.69124423963,0.00141922281239
211,163,2,2,415.31797235,0.944955539809
211,164,2,3,417.548387097,0.477064783386
211,165,2,4,415.31797235,0.314991681774
211,177,2,2,167.741935484,0.259338646553
211,179,2,4,22.7649769585,0.0106457784886
211,181,2,2,111.520737327,0.164116753472
211,183,2,2,245.34562212,0.427919238683
211,187,2,2,224.737327189,0.328209545858
211,190,2,2,406.470046083,0.899965007635
211,195,2,2,40.1474654378,0.0545372596154
211,197,2,3,7.15207373272,0.00364369617985
211,198,2,2,159.281105991,0.238734780701
211,205,2,2,15.465437788,0.0130236964629
211,218,2,3,417.548387097,0.476986245504
211,223,2,2,4.46082949309,0.00583526234568
211,231,2,2,0.460829493088,6.22744171513e-05
211,232,2,3,8.84792626728,0.00748755249966
211,237,2,2,8.92165898618,0.0117248062016
211,240,2,2,3.53917050691,0.00367309458219
211,245,2,3,143.207373272,0.106981663181
211,267,2,3,198.967741935,0.160674084264
211,270,2,2,415.31797235,0.944955539809
211,271,2,2,20.534562212,0.0229604674611
211,277,2,2,417.548387097,0.953956593351
211,282,2,2,281.032258065,0.515625
211,294,2,2,0.460829493088,6.22744171513e-05
211,298,2,2,4.46082949309,0.00583526234568
211,299,2,2,6.69124423963,0.00877320185615
211,314,2,2,5.30875576037,0.0055224252651
213,52,2,2,6.45161290323,0.00628535512256
213,55,2,2,260.193548387,0.496369230769
213,57,2,2,6.45161290323,0.00628535512256
213,63,2,3,270.967741935,0.309811203609
213,67,2,2,3.22580645161,0.00312812812813
213,71,2,5,413.741935484,0.245408771409
213,73,2,4,80.6451612903,0.0333444213444
213,83,2,2,3.22580645161,0.00312812812813
213,88,2,3,394.387096774,0.437898230545
213,91,2,2,396.774193548,0.884128809661
213,96,2,2,385.483870968,0.828135828136
213,102,2,2,7.16129032258,0.0103016241299
213,103,2,2,4.96774193548,0.00117115471035
213,123,2,2,57.2903225806,0.0866341463415
213,131,2,4,388.709677419,0.287122153209
213,140,2,2,3.16129032258,0.00200748312117
213,141,2,2,300.774193548,0.605454545455
213,142,2,2,4.77419354839,0.00685185185185
213,143,2,2,6.45161290323,0.00628535512256
213,151,2,3,400.0,0.45045045045
213,152,2,3,395.161290323,0.437937937938
213,156,2,2,3.16129032258,0.00200748312117
213,163,2,2,396.774193548,0.884128809661
213,164,2,3,395.161290323,0.455315315315
213,165,2,4,401.612903226,0.303779970447
213,177,2,2,127.806451613,0.154336368454
213,179,2,4,16.7096774194,0.00921995619306
213,181,2,2,119.35483871,0.192708333333
213,183,2,2,262.580645161,0.502469135802
213,187,2,2,204.838709677,0.279514041729
213,190,2,2,368.709677419,0.75913040295
213,195,2,2,22.9677419355,0.0182975282975
213,197,2,3,7.93548387097,0.00445086445086
213,198,2,2,139.032258065,0.186464905016
213,205,2,2,13.7419354839,0.010541063307
213,218,2,3,395.161290323,0.439535059535
213,223,2,2,4.77419354839,0.00685185185185
213,231,2,2,0.774193548387,0.00018018018018
213,232,2,3,8.06451612903,0.00730986590471
213,237,2,2,1.54838709677,0.00036203645506
213,240,2,2,3.22580645161,0.00312812812813
213,245,2,3,149.548387097,0.1196393624
213,267,2,3,213.225806452,0.189163961822
213,270,2,2,392.774193548,0.866392329018
213,271,2,2,22.2580645161,0.0276543468033
213,277,2,2,395.161290323,0.875875875876
213,282,2,2,244.774193548,0.400988260988
213,294,2,2,0.774193548387,0.00018018018018
213,298,2,2,4.77419354839,0.00685185185185
213,299,2,2,7.16129032258,0.0103016241299
213,314,2,2,4.83870967742,0.00470307894902
214,52,2,2,8.58986175115,0.0107832928381
214,55,2,2,197.926267281,0.277974211918
214,57,2,2,8.58986175115,0.0107832928381
214,63,2,3,288.774193548,0.262583083788
214,67,2,2,3.70506912442,0.00399380066762
214,71,2,5,343.98156682,0.160555772361
214,73,2,4,107.373271889,0.0508791466898
214,83,2,2,3.70506912442,0.00399380066762
214,88,2,3,349.244239631,0.331057673566
214,91,2,2,344.276497696,0.644212717564
214,96,2,2,357.244239631,0.688343879415
214,102,2,2,5.55760368664,0.00600460053972
214,103,2,2,20.0829493088,0.0185240964637
214,123,2,2,44.4608294931,0.0504972260023
214,131,2,4,368.064516129,0.242065019743
214,140,2,2,1.55760368664,0.000471653330954
214,141,2,2,229.419354839,0.340915183911
214,142,2,2,3.70506912442,0.00399380066762
214,143,2,2,8.58986175115,0.0107832928381
214,151,2,3,344.276497696,0.322106623795
214,152,2,3,353.539170507,0.337737186568
214,156,2,2,1.55760368664,0.000471653330954
214,163,2,2,344.276497696,0.644212717564
214,164,2,3,346.129032258,0.325188384666
214,165,2,4,344.276497696,0.214782921523
214,177,2,2,142.64516129,0.186064125221
214,179,2,4,46.3133640553,0.0175766288551
214,181,2,2,88.6267281106,0.102833756824
214,183,2,2,199.778801843,0.281493655502
214,187,2,2,188.728110599,0.229635266275
214,190,2,2,349.539170507,0.6602749924
214,195,2,2,33.3456221198,0.0373266754705
214,197,2,3,5.26267281106,0.00224059031951
214,198,2,2,134.940092166,0.169994077417
214,205,2,2,15.6221198157,0.0131842179594
214,218,2,3,346.129032258,0.325257592293
214,223,2,2,3.70506912442,0.00399380066762
214,231,2,2,0.294930875576,2.53066253536e-05
214,232,2,3,10.7373271889,0.00869867926252
214,237,2,2,7.41013824885,0.00802475296936
214,240,2,2,4.29493087558,0.00536668509305
214,245,2,3,114.267281106,0.0676223698806
214,267,2,3,160.580645161,0.103835899612
214,270,2,2,344.276497696,0.644212717564
214,271,2,2,16.3778801843,0.0144907153236
214,277,2,2,346.129032258,0.650362760307
214,282,2,2,229.419354839,0.340915183911
214,294,2,2,0.294930875576,2.53066253536e-05
214,298,2,2,3.70506912442,0.00399380066762
214,299,2,2,5.55760368664,0.00600460053972
214,314,2,2,6.44239631336,0.00806870519791
298,52,3,2,0.221198156682,6.5203216692e-05
298,55,3,2,6.02764976959,0.00235082674335
298,57,3,2,0.221198156682,6.5203216692e-05
298,63,3,3,11.2626728111,0.00368793412313
298,67,3,2,0.110599078341,3.2450674974e-05
298,71,3,5,10.6175115207,0.00139028346335
298,73,3,4,2.4331797235,0.000512435383931
298,83,3,2,0.110599078341,3.2450674974e-05
298,88,3,3,10.8202764977,0.0312145622336
298,91,3,2,10.3963133641,0.00535673581035
298,96,3,2,3.59447004608,0.00193307845715
298,102,3,2,0.165898617511,4.8788949845e-05
298,103,3,2,7.52073732719,0.0354189897389
298,123,3,2,1.32718894009,0.000410303168452
298,131,3,4,7.24423963134,0.0016835505458
298,140,3,2,0.165898617511,4.8788949845e-05
298,141,3,2,6.96774193548,0.00286745964316
298,142,3,2,0.110599078341,3.2450674974e-05
298,143,3,2,0.221198156682,6.5203216692e-05
298,151,3,3,10.3963133641,0.00267836790517
298,152,3,3,10.6728110599,0.00280664676
298,156,3,2,0.165898617511,4.8788949845e-05
298,163,3,2,10.3963133641,0.00535673581035
298,164,3,3,10.4516129032,0.00270360480641
298,165,3,4,10.3963133641,0.00178557860345
298,177,3,2,4.25806451613,0.00151181968114
298,179,3,4,1.38248847926,0.000142814706487
298,181,3,2,2.76497695853,0.000912675233645
298,183,3,2,6.08294930876,0.00237971616476
298,187,3,2,5.65898617512,0.00563045220279
298,190,3,2,3.55760368664,0.00190716453304
298,195,3,2,0.995391705069,0.000303289000719
298,197,3,3,0.276497695853,4.08470034638e-05
298,198,3,2,4.14746543779,0.00146434800719
298,205,3,2,0.608294930876,0.000182276131769
298,218,3,3,10.4516129032,0.00270360480641
298,223,3,2,0.110599078341,3.2450674974e-05
298,231,3,2,0.110599078341,3.2450674974e-05
298,232,3,3,0.387096774194,5.74536540524e-05
298,237,3,2,7.85253456221,0.122690719409
298,240,3,2,0.110599078341,3.2450674974e-05
298,245,3,3,3.64976958525,0.000628555465258
298,267,3,3,1.71428571429,0.000344378761991
298,270,3,2,10.3963133641,0.00535673581035
298,271,3,2,0.608294930876,0.000182276131769
298,277,3,2,10.4516129032,0.00540720961282
298,282,3,2,6.96774193548,0.00286745964316
298,294,3,2,0.110599078341,3.2450674974e-05
298,298,3,2,0.110599078341,3.2450674974e-05
298,299,3,2,0.165898617511,4.8788949845e-05
298,314,3,2,0.165898617511,4.8788949845e-05
317,52,2,2,0.110599078341,6.47493659958e-05
317,55,2,2,3.01382488479,0.00233446368017
317,57,2,2,0.110599078341,6.47493659958e-05
317,63,2,3,7.63133640553,0.00607947369967
317,67,2,2,0.0552995391705,3.22248002062e-05
317,71,2,5,3.51152073733,0.000937833873923
317,73,2,4,1.93548387097,0.000446189541317
317,83,2,2,0.0552995391705,3.22248002062e-05
317,88,2,3,1.39170506912,0.00022600693787
317,91,2,2,1.19815668203,0.000282615009593
317,96,2,2,1.39170506912,0.00037837536891
317,102,2,2,0.0829493087557,4.84493515862e-05
317,103,2,2,0.359447004608,0.000214934059333
317,123,2,2,0.663594470046,0.000407447229925
317,131,2,4,2.8202764977,0.000724975823182
317,140,2,2,0.0829493087557,4.84493515862e-05
317,141,2,2,3.48387096774,0.00284750052731
317,142,2,2,0.0552995391705,3.22248002062e-05
317,143,2,2,0.110599078341,6.47493659958e-05
317,151,2,3,1.19815668203,0.000150906381454
317,152,2,3,1.33640552995,0.000193200231389
317,156,2,2,0.0829493087557,4.84493515862e-05
317,163,2,2,1.19815668203,0.000282615009593
317,164,2,3,1.22580645161,0.000401428939712
317,165,2,4,1.46543778802,0.000327848771312
317,177,2,2,1.87096774194,0.00115940350689
317,179,2,4,0.691244239631,0.000141820636604
317,181,2,2,1.38248847926,0.0009063225058
317,183,2,2,3.04147465438,0.00236315201512
317,187,2,2,4.48847926267,0.00470454146972
317,190,2,2,1.33640552995,0.000349593321954
317,195,2,2,0.497695852535,0.000301177940389
317,197,2,3,0.138248847926,4.05626855743e-05
317,198,2,2,1.92626728111,0.00125469548551
317,205,2,2,7.69585253456,0.115888775365
317,218,2,3,1.27188940092,0.00043336400645
317,223,2,2,0.0552995391705,3.22248002062e-05
317,231,2,2,0.0552995391705,3.22248002062e-05
317,232,2,3,0.193548387097,5.70537446274e-05
317,237,2,2,0.110599078341,6.47493659958e-05
317,240,2,2,0.0552995391705,3.22248002062e-05
317,245,2,3,1.82488479263,0.000624180369212
317,267,2,3,2.51612903226,0.000923339173256
317,270,2,2,1.19815668203,0.000282615009593
317,271,2,2,0.304147465438,0.000181007388392
317,277,2,2,1.22580645161,0.000295445152367
317,282,2,2,3.48387096774,0.00284750052731
317,294,2,2,0.0552995391705,3.22248002062e-05
317,298,2,2,0.0552995391705,3.22248002062e-05
317,299,2,2,0.0829493087557,4.84493515862e-05
317,314,2,2,0.0829493087557,4.84493515862e-05
339,52,2,2,0.0737327188941,4.30663221361e-05
339,55,2,2,5.99078341014,0.0138039415562
339,57,2,2,0.0737327188941,4.30663221361e-05
339,63,2,3,6.00921658986,0.00698731138546
339,67,2,2,0.036866359447,2.14334705075e-05
339,71,2,5,5.97235023041,0.00340909090909
339,73,2,4,1.29032258065,0.000296771130104
339,83,2,2,0.036866359447,2.14334705075e-05
339,88,2,3,4.55299539171,0.00305753614577
339,91,2,2,4.53456221198,0.00605791962175
339,96,2,2,4.40552995392,0.0056742640076
339,102,2,2,3.94470046083,0.163974105583
339,103,2,2,0.239631336406,0.000142957684525
339,123,2,2,7.55760368664,0.0790895061728
339,131,2,4,6.30414746544,0.00573671497585
339,140,2,2,0.0552995391705,3.22248002062e-05
339,141,2,2,5.67741935484,0.011316872428
339,142,2,2,0.036866359447,2.14334705075e-05
339,143,2,2,0.0737327188941,4.30663221361e-05
339,151,2,3,4.57142857143,0.00308641975309
339,152,2,3,4.51612903226,0.00300068587106
339,156,2,2,0.0552995391705,3.22248002062e-05
339,163,2,2,4.53456221198,0.00605791962175
339,164,2,3,5.29032258065,0.00451940035273
339,165,2,4,5.51152073733,0.00341792409694
339,177,2,2,1.41935483871,0.000998547567175
339,179,2,4,0.460829493088,9.43282320625e-05
339,181,2,2,0.921658986175,0.000602816358025
339,183,2,2,5.97235023041,0.0136363636364
339,187,2,2,2.34101382488,0.00191518880444
339,190,2,2,4.44239631336,0.00578104010746
339,195,2,2,0.331797235023,0.000200320512821
339,197,2,3,0.0921658986175,2.69791936459e-05
339,198,2,2,1.38248847926,0.000967192819561
339,205,2,2,0.202764976959,0.000120392259872
339,218,2,3,5.36405529954,0.00471056721057
339,223,2,2,0.036866359447,2.14334705075e-05
339,231,2,2,0.036866359447,2.14334705075e-05
339,232,2,3,0.129032258064,3.79477838494e-05
339,237,2,2,0.0737327188941,4.30663221361e-05
339,240,2,2,0.036866359447,2.14334705075e-05
339,245,2,3,1.21658986175,0.000415157004831
339,267,2,3,6.35944700461,0.00897315855181
339,270,2,2,4.53456221198,0.00605791962175
339,271,2,2,0.202764976959,0.000120392259872
339,277,2,2,4.51612903226,0.00600137174211
339,282,2,2,5.67741935484,0.011316872428
339,294,2,2,0.036866359447,2.14334705075e-05
339,298,2,2,0.036866359447,2.14334705075e-05
339,299,2,2,0.0552995391705,3.22248002062e-05
339,314,2,2,0.0552995391705,3.22248002062e-05
343,52,2,2,0.110599078341,6.47493659958e-05
343,55,2,2,3.01382488479,0.00233446368017
343,57,2,2,0.110599078341,6.47493659958e-05
343,63,2,3,3.63133640553,0.00176746910498
343,67,2,2,0.0552995391705,3.22248002062e-05
343,71,2,5,5.30875576037,0.00138060631627
343,73,2,4,1.93548387097,0.000446189541317
343,83,2,2,0.0552995391705,3.22248002062e-05
343,88,2,3,7.77880184332,0.0811353053293
343,91,2,2,5.19815668203,0.00531944994624
343,96,2,2,2.60829493088,0.0013290515732
343,102,2,2,0.0829493087557,4.84493515862e-05
343,103,2,2,7.64055299539,0.0971147257528
343,123,2,2,0.663594470046,0.000407447229925
343,131,2,4,5.45622119816,0.00302870665021
343,140,2,2,0.0829493087557,4.84493515862e-05
343,141,2,2,3.48387096774,0.00284750052731
343,142,2,2,0.0552995391705,3.22248002062e-05
343,143,2,2,0.110599078341,6.47493659958e-05
343,151,2,3,5.19815668203,0.00265972497312
343,152,2,3,5.33640552995,0.00278711093568
343,156,2,2,0.0829493087557,4.84493515862e-05
343,163,2,2,5.19815668203,0.00531944994624
343,164,2,3,5.22580645161,0.00268478621147
343,165,2,4,5.19815668203,0.00177314998208
343,177,2,2,2.12903225806,0.00150129657431
343,179,2,4,0.691244239631,0.000141820636604
343,181,2,2,1.38248847926,0.0009063225058
343,183,2,2,3.04147465438,0.00236315201512
343,187,2,2,3.51152073733,0.00287944859693
343,190,2,2,2.66359447005,0.00138874596162
343,195,2,2,0.497695852535,0.000301177940389
343,197,2,3,0.138248847926,4.05626855743e-05
343,198,2,2,2.07373271889,0.00145415532964
343,205,2,2,0.304147465438,0.000181007388392
343,218,2,3,5.22580645161,0.00268478621147
343,223,2,2,0.0552995391705,3.22248002062e-05
343,231,2,2,0.0552995391705,3.22248002062e-05
343,232,2,3,0.193548387097,5.70537446274e-05
343,237,2,2,7.88940092166,0.329473551683
343,240,2,2,0.0552995391705,3.22248002062e-05
343,245,2,3,1.82488479263,0.000624180369212
343,267,2,3,2.51612903226,0.000923339173256
343,270,2,2,5.19815668203,0.00531944994624
343,271,2,2,0.304147465438,0.000181007388392
343,277,2,2,5.22580645161,0.00536957242294
343,282,2,2,3.48387096774,0.00284750052731
343,294,2,2,0.0552995391705,3.22248002062e-05
343,298,2,2,0.0552995391705,3.22248002062e-05
343,299,2,2,0.0829493087557,4.84493515862e-05
343,314,2,2,0.0829493087557,4.84493515862e-05
356,52,2,2,0.0737327188941,4.30663221361e-05
356,55,2,2,5.99078341014,0.0138039415562
356,57,2,2,0.0737327188941,4.30663221361e-05
356,63,2,3,6.00921658986,0.00698731138546
356,67,2,2,0.036866359447,2.14334705075e-05
356,71,2,5,5.97235023041,0.00340909090909
356,73,2,4,1.29032258065,0.000296771130104
356,83,2,2,0.036866359447,2.14334705075e-05
356,88,2,3,4.55299539171,0.00305753614577
356,91,2,2,4.53456221198,0.00605791962175
356,96,2,2,4.40552995392,0.0056742640076
356,102,2,2,0.0552995391705,3.22248002062e-05
356,103,2,2,0.239631336406,0.000142957684525
356,123,2,2,0.442396313364,0.000271002710027
356,131,2,4,6.30414746544,0.00573671497585
356,140,2,2,0.0552995391705,3.22248002062e-05
356,141,2,2,5.67741935484,0.011316872428
356,142,2,2,0.036866359447,2.14334705075e-05
356,143,2,2,0.0737327188941,4.30663221361e-05
356,151,2,3,4.57142857143,0.00308641975309
356,152,2,3,4.51612903226,0.00300068587106
356,156,2,2,0.0552995391705,3.22248002062e-05
356,163,2,2,4.53456221198,0.00605791962175
356,164,2,3,5.29032258065,0.00451940035273
356,165,2,4,4.58986175115,0.00304583904893
356,177,2,2,1.41935483871,0.000998547567175
356,179,2,4,0.460829493088,9.43282320625e-05
356,181,2,2,3.07834101382,0.00672477816358
356,183,2,2,5.97235023041,0.0136363636364
356,187,2,2,2.34101382488,0.00191518880444
356,190,2,2,4.44239631336,0.00578104010746
356,195,2,2,3.66820276498,0.0244842365068
356,197,2,3,0.0921658986175,2.69791936459e-05
356,198,2,2,1.38248847926,0.000967192819561
356,205,2,2,0.202764976959,0.000120392259872
356,218,2,3,5.36405529954,0.00471056721057
356,223,2,2,0.036866359447,2.14334705075e-05
356,231,2,2,0.036866359447,2.14334705075e-05
356,232,2,3,0.129032258064,3.79477838494e-05
356,237,2,2,0.0737327188941,4.30663221361e-05
356,240,2,2,0.036866359447,2.14334705075e-05
356,245,2,3,2.98617511521,0.00293417645659
356,267,2,3,1.67741935484,0.000614134542706
356,270,2,2,4.53456221198,0.00605791962175
356,271,2,2,0.202764976959,0.000120392259872
356,277,2,2,4.51612903226,0.00600137174211
356,282,2,2,5.67741935484,0.011316872428
356,294,2,2,0.036866359447,2.14334705075e-05
356,298,2,2,0.036866359447,2.14334705075e-05
356,299,2,2,0.0552995391705,3.22248002062e-05
356,314,2,2,0.0552995391705,3.22248002062e-05
357,52,2,2,1.8801843318,0.00123869087376
357,55,2,2,140.764976959,0.337108648553
357,57,2,2,1.8801843318,0.00123869087376
357,63,2,3,137.235023041,0.161773838491
357,67,2,2,0.940092165899,0.000616478096896
357,71,2,5,148.294930876,0.0929763701437
357,73,2,4,32.9032258065,0.0085358505724
357,83,2,2,0.940092165899,0.000616478096896
357,88,2,3,112.341013825,0.0833304929461
357,91,2,2,111.631336406,0.16239393966
357,96,2,2,108.341013825,0.151790224936
357,102,2,2,2.58986175115,0.00312640448359
357,103,2,2,2.11059907834,0.000490542416849
357,123,2,2,84.7188940092,0.439598278336
357,131,2,4,156.755760369,0.156902968459
357,140,2,2,1.41013824885,0.000926862660762
357,141,2,2,136.774193548,0.290521040022
357,142,2,2,0.940092165899,0.000616478096896
357,143,2,2,1.8801843318,0.00123869087376
357,151,2,3,112.571428571,0.082785479982
357,152,2,3,111.161290323,0.080416258911
357,156,2,2,1.41013824885,0.000926862660762
357,163,2,2,111.631336406,0.16239393966
357,164,2,3,126.903225806,0.1151838281
357,165,2,4,136.543778802,0.0927968269882
357,177,2,2,36.1935483871,0.0287206266319
357,179,2,4,9.40092165899,0.00236542835102
357,181,2,2,23.5023041475,0.0173384464752
357,183,2,2,148.294930876,0.371882243885
357,187,2,2,55.6958525346,0.0479506106196
357,190,2,2,109.281105991,0.154741334557
357,195,2,2,15.5391705069,0.019434812487
357,197,2,3,9.64976958525,0.0190068042164
357,198,2,2,35.2534562212,0.0278187887736
357,205,2,2,5.17050691244,0.00346277058682
357,218,2,3,132.783410138,0.127686070137
357,223,2,2,3.0599078341,0.00653120739641
357,231,2,2,0.940092165899,0.000616478096896
357,232,2,3,3.29032258065,0.00109146941745
357,237,2,2,6.1198156682,0.0131231702105
357,240,2,2,0.940092165899,0.000616478096896
357,245,2,3,38.8294930876,0.101742665043
357,267,2,3,125.225806452,0.15798231165
357,270,2,2,107.631336406,0.150964570374
357,271,2,2,5.17050691244,0.00346277058682
357,277,2,2,111.161290323,0.16083101261
357,282,2,2,136.774193548,0.290521040022
357,294,2,2,3.0599078341,0.00653120739641
357,298,2,2,0.940092165899,0.000616478096896
357,299,2,2,1.41013824885,0.000926862660762
357,314,2,2,1.41013824885,0.000926862660762
377,52,2,2,10.267281106,0.0396673430274
377,55,2,2,39.2165898618,0.0280983260024
377,57,2,2,1.73271889401,0.00112973979929
377,63,2,3,95.2258064516,0.0656659407626
377,67,2,2,7.133640553,0.0381205673759
377,71,2,5,75.1705069124,0.0197700999014
377,73,2,4,22.3225806452,0.00442739647754
377,83,2,2,0.866359447005,0.000562254761221
377,88,2,3,76.4700460829,0.040614659277
377,91,2,2,73.4377880184,0.075473913803
377,96,2,2,76.4700460829,0.0812083796153
377,102,2,2,1.29953917051,0.000845338944945
377,103,2,2,5.63133640553,0.00375014577081
377,123,2,2,10.3963133641,0.00710909434676
377,131,2,4,75.935483871,0.0269538339119
377,140,2,2,2.70046082949,0.00365029440594
377,141,2,2,46.5806451613,0.036185984314
377,142,2,2,0.866359447005,0.000562254761221
377,143,2,2,1.73271889401,0.00112973979929
377,151,2,3,73.4377880184,0.0377396863198
377,152,2,3,75.6036866359,0.0397730959127
377,156,2,2,1.29953917051,0.000845338944945
377,163,2,2,73.4377880184,0.075473913803
377,164,2,3,73.8709677419,0.0382085980799
377,165,2,4,73.4377880184,0.0256250293329
377,177,2,2,33.3548387097,0.026194457111
377,179,2,4,10.8294930876,0.00247447083178
377,181,2,2,13.6589861751,0.00628906894277
377,183,2,2,39.6497695853,0.0285492230569
377,187,2,2,40.9861751152,0.02788581485
377,190,2,2,75.6036866359,0.0795357258001
377,195,2,2,7.79723502304,0.00525491949911
377,197,2,3,2.70046082949,0.00209820966872
377,198,2,2,32.4884792627,0.0253719418713
377,205,2,2,4.76497695853,0.00315819695665
377,218,2,3,73.8709677419,0.0382176787422
377,223,2,2,0.866359447005,0.000562254761221
377,231,2,2,0.866359447005,0.000562254761221
377,232,2,3,3.03225806452,0.000995467446096
377,237,2,2,1.73271889401,0.00112973979929
377,240,2,2,0.866359447005,0.000562254761221
377,245,2,3,20.5898617512,0.00579314377343
377,267,2,3,39.4193548387,0.016110320097
377,270,2,2,73.4377880184,0.075473913803
377,271,2,2,4.76497695853,0.00315819695665
377,277,2,2,73.8709677419,0.0762729145268
377,282,2,2,46.5806451613,0.036185984314
377,294,2,2,0.866359447005,0.000562254761221
377,298,2,2,0.866359447005,0.000562254761221
377,299,2,2,1.29953917051,0.000845338944945
377,314,2,2,1.29953917051,0.000845338944945
387,52,2,2,0.331797235023,0.000196990424077
387,55,2,2,9.04147465438,0.00710226244344
387,57,2,2,0.331797235023,0.000196990424077
387,63,2,3,18.064516129,0.0113830285982
387,67,2,2,0.165898617512,9.80392156863e-05
387,71,2,5,15.9262672811,0.00420029168692
387,73,2,4,28.0184331797,0.0434735489637
387,83,2,2,0.165898617512,9.80392156863e-05
387,88,2,3,16.1751152074,0.00863893674625
387,91,2,2,15.5944700461,0.0161836441894
387,96,2,2,16.1751152074,0.0172778734925
387,102,2,2,0.248847926267,0.000147400027296
387,103,2,2,1.07834101382,0.00065390526757
387,123,2,2,1.99078341014,0.00123959827834
387,131,2,4,16.8387096774,0.00620320855615
387,140,2,2,0.248847926267,0.000147400027296
387,141,2,2,10.4516129032,0.00866310160428
387,142,2,2,0.165898617512,9.80392156863e-05
387,143,2,2,0.331797235023,0.000196990424077
387,151,2,3,15.5944700461,0.00809182209469
387,152,2,3,16.0092165899,0.00847937515255
387,156,2,2,0.248847926267,0.000147400027296
387,163,2,2,15.5944700461,0.0161836441894
387,164,2,3,15.6774193548,0.00816806722689
387,165,2,4,15.5944700461,0.00539454806313
387,177,2,2,6.38709677419,0.00456747404844
387,179,2,4,2.07373271889,0.000431468430893
387,181,2,2,4.14746543779,0.00275735294118
387,183,2,2,9.12442396313,0.00718954248366
387,187,2,2,6.53456221198,0.00337069094568
387,190,2,2,16.0092165899,0.0169587503051
387,195,2,2,1.4930875576,0.00091628959276
387,197,2,3,0.414746543779,0.000123406005759
387,198,2,2,6.22119815668,0.00442405374406
387,205,2,2,0.912442396313,0.000550688360451
387,218,2,3,15.6774193548,0.00816806722689
387,223,2,2,0.165898617512,9.80392156863e-05
387,231,2,2,0.165898617512,9.80392156863e-05
387,232,2,3,0.58064516129,0.000173577627772
387,237,2,2,0.331797235023,0.000196990424077
387,240,2,2,0.165898617512,9.80392156863e-05
387,245,2,3,5.47465437788,0.0018989769821
387,267,2,3,7.54838709677,0.00280912364946
387,270,2,2,15.5944700461,0.0161836441894
387,271,2,2,0.912442396313,0.000550688360451
387,277,2,2,15.6774193548,0.0163361344538
387,282,2,2,10.4516129032,0.00866310160428
387,294,2,2,0.165898617512,9.80392156863e-05
387,298,2,2,0.165898617512,9.80392156863e-05
387,299,2,2,0.248847926267,0.000147400027296
387,314,2,2,0.248847926267,0.000147400027296
390,52,2,2,1.8801843318,0.00123869087376
390,55,2,2,144.764976959,0.356539522479
390,57,2,2,1.8801843318,0.00123869087376
390,63,2,3,141.235023041,0.171053811131
390,67,2,2,0.940092165899,0.000616478096896
390,71,2,5,152.294930876,0.0980536434845
390,73,2,4,32.9032258065,0.0085358505724
390,83,2,2,0.940092165899,0.000616478096896
390,88,2,3,116.101382488,0.0879420840256
390,91,2,2,115.631336406,0.174240319982
390,96,2,2,112.341013825,0.163205462944
390,102,2,2,2.58986175115,0.00312640448359
390,103,2,2,2.11059907834,0.000490542416849
390,123,2,2,84.7188940092,0.439598278336
390,131,2,4,156.755760369,0.156944236089
390,140,2,2,1.41013824885,0.000926862660762
390,141,2,2,140.774193548,0.307762258845
390,142,2,2,0.940092165899,0.000616478096896
390,143,2,2,1.8801843318,0.00123869087376
390,151,2,3,116.571428571,0.088772845953
390,152,2,3,115.161290323,0.0863069335654
390,156,2,2,1.41013824885,0.000926862660762
390,163,2,2,115.631336406,0.174240319982
390,164,2,3,130.903225806,0.122620327504
390,165,2,4,136.543778802,0.0929148455953
390,177,2,2,36.1935483871,0.0287206266319
390,179,2,4,9.40092165899,0.00236542835102
390,181,2,2,19.5023041475,0.011938812949
390,183,2,2,152.294930876,0.392214573938
390,187,2,2,59.6958525346,0.0550854304692
390,190,2,2,113.281105991,0.166276600062
390,195,2,2,15.5391705069,0.019434812487
390,197,2,3,9.64976958525,0.0190068042164
390,198,2,2,35.2534562212,0.0278187887736
390,205,2,2,5.17050691244,0.00346277058682
390,218,2,3,132.783410138,0.127882234424
390,223,2,2,3.0599078341,0.00653120739641
390,231,2,2,0.940092165899,0.000616478096896
390,232,2,3,3.29032258065,0.00109146941745
390,237,2,2,6.1198156682,0.0131231702105
390,240,2,2,0.940092165899,0.000616478096896
390,245,2,3,38.8294930876,0.100024110409
390,267,2,3,129.225806452,0.167542506192
390,270,2,2,111.631336406,0.16239393966
390,271,2,2,5.17050691244,0.00346277058682
390,277,2,2,115.161290323,0.172613867131
390,282,2,2,140.774193548,0.307762258845
390,294,2,2,3.0599078341,0.00653120739641
390,298,2,2,0.940092165899,0.000616478096896
390,299,2,2,1.41013824885,0.000926862660762
390,314,2,2,1.41013824885,0.000926862660762
391,52,2,2,3.90783410138,0.00300623936472
391,55,2,2,137.511520737,0.180737419949
391,57,2,2,3.90783410138,0.00300623936472
391,63,2,3,164.129032258,0.130047320296
391,67,2,2,1.95391705069,0.00149616079494
391,71,2,5,249.032258065,0.118768256211
391,73,2,4,48.8479262673,0.0298060698314
391,83,2,2,1.95391705069,0.00149616079494
391,88,2,3,237.30875576,0.207168706211
391,91,2,2,240.331797235,0.422872340426
391,96,2,2,233.493087558,0.396091307067
391,102,2,2,5.06912442396,0.00672894758103
391,103,2,2,8.70046082949,0.00468315822922
391,123,2,2,23.4470046083,0.0189173111243
391,131,2,4,231.447004608,0.193229468771
391,140,2,2,5.06912442396,0.00672894758103
391,141,2,2,184.903225806,0.298296035598
391,142,2,2,1.95391705069,0.00149616079494
391,143,2,2,3.90783410138,0.00300623936472
391,151,2,3,238.285714286,0.208392260522
391,152,2,3,239.35483871,0.209462511292
391,156,2,2,5.06912442396,0.00672894758103
391,163,2,2,240.331797235,0.422872340426
391,164,2,3,239.35483871,0.226908158569
391,165,2,4,243.262672811,0.19697863226
391,177,2,2,100.774193548,0.125089106052
391,179,2,4,21.1612903226,0.0169304332069
391,181,2,2,151.152073733,0.402908805031
391,183,2,2,132.534562212,0.166878492446
391,187,2,2,124.073732719,0.133689520934
391,190,2,2,215.447004608,0.337898556613
391,195,2,2,10.4147465438,0.00490468750615
391,197,2,3,1.95391705069,0.000893971038932
391,198,2,2,110.728110599,0.154184186699
391,205,2,2,6.7465437788,0.00331214545312
391,218,2,3,239.35483871,0.282643150683
391,223,2,2,2.04608294931,0.0016406369842
391,231,2,2,1.95391705069,0.00149616079494
391,232,2,3,6.83870967742,0.00264894042383
391,237,2,2,3.90783410138,0.00300623936472
391,240,2,2,1.95391705069,0.00149616079494
391,245,2,3,146.267281106,0.175300671737
391,267,2,3,105.050691244,0.0612017624105
391,270,2,2,240.331797235,0.422872340426
391,271,2,2,29.2534562212,0.0622731856858
391,277,2,2,239.35483871,0.418925022584
391,282,2,2,124.903225806,0.136114946055
391,294,2,2,1.95391705069,0.00149616079494
391,298,2,2,2.04608294931,0.0016406369842
391,299,2,2,2.93087557604,0.00224944824854
391,314,2,2,2.93087557604,0.00224944824854
428,52,2,2,0.700460829493,0.000425889604931
428,55,2,2,19.0875576037,0.0153549582947
428,57,2,2,0.700460829493,0.000425889604931
428,63,2,3,48.331797235,0.0399877992985
428,67,2,2,0.350230414747,0.000211958946899
428,71,2,5,64.6175115207,0.0649768303985
428,73,2,4,12.2580645161,0.00293481618783
428,83,2,2,0.350230414747,0.000211958946899
428,88,2,3,43.2534562212,0.0302364538367
428,91,2,2,43.0783410138,0.0599077159703
428,96,2,2,41.8525345622,0.0561136855113
428,102,2,2,0.52534562212,0.000318676096497
428,103,2,2,2.27649769585,0.00141373093323
428,123,2,2,4.20276497696,0.00267998824567
428,131,2,4,58.3133640553,0.0503161159489
428,140,2,2,0.52534562212,0.000318676096497
428,141,2,2,22.064516129,0.0187294633078
428,142,2,2,7.64976958525,0.1011208577
428,143,2,2,0.700460829493,0.000425889604931
428,151,2,3,43.4285714286,0.0305220883534
428,152,2,3,42.9032258065,0.0296742525658
428,156,2,2,0.52534562212,0.000318676096497
428,163,2,2,43.0783410138,0.0599077159703
428,164,2,3,64.6451612903,0.189597487695
428,165,2,4,52.3594470046,0.0338003867321
428,177,2,2,58.5161290323,0.18597305066
428,179,2,4,4.37788018433,0.000932826661168
428,181,2,2,8.75576036866,0.00596134538153
428,183,2,2,19.2626728111,0.0155436561059
428,187,2,2,22.2396313364,0.0189396020564
428,190,2,2,22.202764977,0.0158233178031
428,195,2,2,3.15207373272,0.00198100092678
428,197,2,3,0.875576036866,0.000266801471621
428,198,2,2,62.866359447,0.219148594378
428,205,2,2,2.07373271889,0.00137984494222
428,218,2,3,50.9585253456,0.046583536945
428,223,2,2,0.350230414747,0.000211958946899
428,231,2,2,0.350230414747,0.000211958946899
428,232,2,3,1.22580645161,0.000375271578116
428,237,2,2,0.700460829493,0.000425889604931
428,240,2,2,0.350230414747,0.000211958946899
428,245,2,3,3.55760368664,0.000722584534101
428,267,2,3,15.935483871,0.00607327268257
428,270,2,2,43.0783410138,0.0599077159703
428,271,2,2,1.92626728111,0.00119057791449
428,277,2,2,42.9032258065,0.0593485051316
428,282,2,2,22.064516129,0.0187294633078
428,294,2,2,0.350230414747,0.000211958946899
428,298,2,2,0.350230414747,0.000211958946899
428,299,2,2,11.4746543779,0.152033215289
428,314,2,2,0.52534562212,0.000318676096497
454,52,2,2,0.184331797235,0.00010841871307
454,55,2,2,1.02304147465,0.000162146956784
454,57,2,2,0.184331797235,0.00010841871307
454,63,2,3,4.71889400922,0.0014739792166
454,67,2,2,0.0921658986175,5.39583872917e-05
454,71,2,5,1.85253456221,0.00020546311074
454,73,2,4,1.78801843318,0.000484629330783
454,83,2,2,0.0921658986175,5.39583872917e-05
454,88,2,3,0.986175115207,0.00014604165366
454,91,2,2,0.663594470046,5.22570320183e-05
454,96,2,2,0.986175115207,0.000114526963577
454,102,2,2,3.86175115207,0.0632997834854
454,103,2,2,3.40092165899,0.0115984508822
454,123,2,2,1.10599078341,0.000682244584684
454,131,2,4,4.70046082949,0.00141370780435
454,140,2,2,0.138248847926,8.11253711486e-05
454,141,2,2,1.8064516129,0.000461491370582
454,142,2,2,0.0921658986175,5.39583872917e-05
454,143,2,2,0.184331797235,0.00010841871307
454,151,2,3,0.663594470046,4.92732200049e-05
454,152,2,3,0.89400921659,9.1527754045e-05
454,156,2,2,0.138248847926,8.11253711486e-05
454,163,2,2,0.663594470046,5.22570320183e-05
454,164,2,3,1.93548387097,0.000641580641581
454,165,2,4,2.35944700461,0.000430903433613
454,177,2,2,0.451612903226,4.07198268161e-05
454,179,2,4,1.15207373272,0.000237469675122
454,181,2,2,1.69585253456,0.000822066822067
454,183,2,2,1.06912442396,0.000176015529551
454,187,2,2,5.85253456221,0.00482145433285
454,190,2,2,0.89400921659,9.43065419663e-05
454,195,2,2,0.829493087558,0.000504303388919
454,197,2,3,0.230414746544,6.79196483392e-05
454,198,2,2,0.543778801843,6.02727510806e-05
454,205,2,2,0.506912442396,0.000303085409468
454,218,2,3,2.58986175115,0.000795478971216
454,223,2,2,0.0921658986175,5.39583872917e-05
454,231,2,2,0.0921658986175,5.39583872917e-05
454,232,2,3,0.322580645161,9.55328824181e-05
454,237,2,2,0.184331797235,0.00010841871307
454,240,2,2,0.0921658986175,5.39583872917e-05
454,245,2,3,1.46543778802,0.000410366971632
454,267,2,3,0.193548387097,2.82756302018e-05
454,270,2,2,0.663594470046,5.22570320183e-05
454,271,2,2,0.506912442396,0.000303085409468
454,277,2,2,0.709677419355,5.96933930267e-05
454,282,2,2,1.8064516129,0.000461491370582
454,294,2,2,0.0921658986175,5.39583872917e-05
454,298,2,2,0.0921658986175,5.39583872917e-05
454,299,2,2,0.138248847926,8.11253711486e-05
454,314,2,2,0.138248847926,8.11253711486e-05
457,52,2,2,0.110599078341,6.47493659958e-05
457,55,2,2,4.98617511521,0.00638978354213
457,57,2,2,0.110599078341,6.47493659958e-05
457,63,2,3,7.63133640553,0.00607947369967
457,67,2,2,0.0552995391705,3.22248002062e-05
457,71,2,5,8.54377880184,0.00690548173147
457,73,2,4,1.93548387097,0.000446189541317
457,83,2,2,0.0552995391705,3.22248002062e-05
457,88,2,3,6.82949308756,0.00459694529573
457,91,2,2,6.80184331797,0.00910796267957
457,96,2,2,6.60829493088,0.00853114402998
457,102,2,2,0.0829493087557,4.84493515862e-05
457,103,2,2,0.359447004608,0.000214934059333
457,123,2,2,7.33640552995,0.0498003634329
457,131,2,4,9.45622119816,0.00862503782911
457,140,2,2,0.0829493087557,4.84493515862e-05
457,141,2,2,4.51612903226,0.00478489457608
457,142,2,2,0.0552995391705,3.22248002062e-05
457,143,2,2,0.110599078341,6.47493659958e-05
457,151,2,3,6.85714285714,0.0046403712297
457,152,2,3,6.77419354839,0.00451147202887
457,156,2,2,0.0829493087557,4.84493515862e-05
457,163,2,2,6.80184331797,0.00910796267957
457,164,2,3,6.77419354839,0.00508231134681
457,165,2,4,8.18433179724,0.0382897463073
457,177,2,2,1.87096774194,0.00115940350689
457,179,2,4,0.691244239631,0.000141820636604
457,181,2,2,1.38248847926,0.0009063225058
457,183,2,2,4.95852534562,0.00628099331373
457,187,2,2,3.51152073733,0.00287944859693
457,190,2,2,6.66359447005,0.00869167979034
457,195,2,2,0.497695852535,0.000301177940389
457,197,2,3,7.94470046083,0.332564445093
457,198,2,2,1.92626728111,0.00125469548551
457,205,2,2,0.304147465438,0.000181007388392
457,218,2,3,8.04608294931,0.00708224490127
457,223,2,2,0.0552995391705,3.22248002062e-05
457,231,2,2,0.0552995391705,3.22248002062e-05
457,232,2,3,0.193548387097,5.70537446274e-05
457,237,2,2,0.110599078341,6.47493659958e-05
457,240,2,2,0.0552995391705,3.22248002062e-05
457,245,2,3,1.82488479263,0.000624180369212
457,267,2,3,5.53917050691,0.00455178812837
457,270,2,2,6.80184331797,0.00910796267957
457,271,2,2,0.304147465438,0.000181007388392
457,277,2,2,6.77419354839,0.00902294405775
457,282,2,2,8.51612903226,0.0170146945089
457,294,2,2,0.0552995391705,3.22248002062e-05
457,298,2,2,0.0552995391705,3.22248002062e-05
457,299,2,2,0.0829493087557,4.84493515862e-05
457,314,2,2,0.0829493087557,4.84493515862e-05
460,52,2,2,0.0737327188941,4.30663221361e-05
460,55,2,2,2.00921658986,0.00155270655271
460,57,2,2,0.0737327188941,4.30663221361e-05
460,63,2,3,5.08755760369,0.00404360056259
460,67,2,2,0.036866359447,2.14334705075e-05
460,71,2,5,7.96313364055,0.25
460,73,2,4,1.29032258065,0.000296771130104
460,83,2,2,0.036866359447,2.14334705075e-05
460,88,2,3,3.59447004608,0.00188865643887
460,91,2,2,3.46543778802,0.00353809093646
460,96,2,2,3.59447004608,0.00377731287773
460,102,2,2,0.0552995391705,3.22248002062e-05
460,103,2,2,0.239631336406,0.000142957684525
460,123,2,2,0.442396313364,0.000271002710027
460,131,2,4,3.74193548387,0.00135615413393
460,140,2,2,0.0552995391705,3.22248002062e-05
460,141,2,2,2.32258064516,0.00189393939394
460,142,2,2,0.036866359447,2.14334705075e-05
460,143,2,2,0.0737327188941,4.30663221361e-05
460,151,2,3,3.46543778802,0.00176904546823
460,152,2,3,3.55760368664,0.00185377286
460,156,2,2,0.0552995391705,3.22248002062e-05
460,163,2,2,3.46543778802,0.00353809093646
460,164,2,3,3.48387096774,0.00178571428571
460,165,2,4,3.46543778802,0.00117936364549
460,177,2,2,1.41935483871,0.000998547567175
460,179,2,4,0.460829493088,9.43282320625e-05
460,181,2,2,0.921658986175,0.000602816358025
460,183,2,2,2.02764976959,0.00157178783722
460,187,2,2,5.65898617512,0.0111913094197
460,190,2,2,3.55760368664,0.00370754571999
460,195,2,2,0.331797235023,0.000200320512821
460,197,2,3,0.0921658986175,2.69791936459e-05
460,198,2,2,1.38248847926,0.000967192819561
460,205,2,2,0.202764976959,0.000120392259872
460,218,2,3,3.48387096774,0.00178571428571
460,223,2,2,0.036866359447,2.14334705075e-05
460,231,2,2,0.036866359447,2.14334705075e-05
460,232,2,3,0.129032258064,3.79477838494e-05
460,237,2,2,0.0737327188941,4.30663221361e-05
460,240,2,2,0.036866359447,2.14334705075e-05
460,245,2,3,1.21658986175,0.000415157004831
460,267,2,3,1.67741935484,0.000614134542706
460,270,2,2,3.46543778802,0.00353809093646
460,271,2,2,0.202764976959,0.000120392259872
460,277,2,2,3.48387096774,0.00357142857143
460,282,2,2,2.32258064516,0.00189393939394
460,294,2,2,0.036866359447,2.14334705075e-05
460,298,2,2,0.036866359447,2.14334705075e-05
460,299,2,2,0.0552995391705,3.22248002062e-05
460,314,2,2,0.0552995391705,3.22248002062e-05
474,52,2,2,0.608294930876,6.55678482727e-05
474,55,2,2,125.576036866,0.135673388101
474,57,2,2,11.3917050691,0.0229953488372
474,63,2,3,282.451612903,0.272575655784
474,67,2,2,2.30414746544,0.00187282752008
474,71,2,5,217.198156682,0.0773904040061
474,73,2,4,127.35483871,0.0852873731087
474,83,2,2,2.30414746544,0.00187282752008
474,88,2,3,220.65437788,0.15987730701
474,91,2,2,216.589861751,0.309153576973
474,96,2,2,224.65437788,0.330056465044
474,102,2,2,3.45622119816,0.00281575924132
474,103,2,2,14.9769585253,0.0124914481624
474,123,2,2,27.6497695853,0.023679848449
474,131,2,4,233.870967742,0.118498904907
474,140,2,2,3.45622119816,0.00281575924132
474,141,2,2,145.161290323,0.165489849956
474,142,2,2,2.30414746544,0.00187282752008
474,143,2,2,11.3917050691,0.0229953488372
474,151,2,3,216.589861751,0.154576788486
474,152,2,3,222.350230415,0.161980152815
474,156,2,2,0.543778801843,6.97006785354e-05
474,163,2,2,216.589861751,0.309153576973
474,164,2,3,217.741935484,0.156033287101
474,165,2,4,216.589861751,0.103051192324
474,177,2,2,88.7096774194,0.0872517291706
474,179,2,4,28.801843318,0.00824227270449
474,181,2,2,57.6036866359,0.0526732740022
474,183,2,2,126.728110599,0.137340684806
474,187,2,2,25.6866359447,0.00515778635099
474,190,2,2,222.350230415,0.323960305631
474,195,2,2,20.7373271889,0.0175037341299
474,197,2,3,5.76036866359,0.00235740527003
474,198,2,2,82.4055299539,0.0768684254777
474,205,2,2,23.3271889401,0.0356436971797
474,218,2,3,217.741935484,0.156033287101
474,223,2,2,2.30414746544,0.00187282752008
474,231,2,2,1.69585253456,0.00101450317632
474,232,2,3,4.06451612903,0.00116330839832
474,237,2,2,4.60829493088,0.0037630766915
474,240,2,2,1.69585253456,0.00101450317632
474,245,2,3,72.0368663594,0.0325766094887
474,267,2,3,104.838709677,0.0536622415957
474,270,2,2,216.589861751,0.309153576973
474,271,2,2,8.67281105991,0.00492694486002
474,277,2,2,217.741935484,0.312066574202
474,282,2,2,145.161290323,0.165489849956
474,294,2,2,2.30414746544,0.00187282752008
474,298,2,2,2.30414746544,0.00187282752008
474,299,2,2,3.45622119816,0.00281575924132
474,314,2,2,3.45622119816,0.00281575924132
508,52,2,2,6.96774193548,0.00717607973422
508,55,2,2,246.129032258,0.434757834758
508,57,2,2,6.96774193548,0.00717607973422
508,63,2,3,292.64516129,0.310514415695
508,67,2,2,3.48387096774,0.00357142857143
508,71,2,5,425.032258065,0.247692889121
508,73,2,4,87.0967741935,0.0363288563289
508,83,2,2,0.516129032258,7.83852635704e-05
508,88,2,3,422.258064516,0.492970521542
508,91,2,2,424.516129032,0.99066546221
508,96,2,2,416.322580645,0.945494505495
508,102,2,2,6.77419354839,0.00902294405775
508,103,2,2,6.64516129032,0.00205124338141
508,123,2,2,54.1935483871,0.0758807588076
508,131,2,4,415.806451613,0.315450553004
508,140,2,2,2.77419354839,0.0015132356973
508,141,2,2,284.516129032,0.530303030303
508,142,2,2,4.51612903226,0.00600137174211
508,143,2,2,6.96774193548,0.00717607973422
508,151,2,3,420.0,0.486112493778
508,152,2,3,426.774193548,0.5
508,156,2,2,2.77419354839,0.0015132356973
508,163,2,2,424.516129032,0.99066546221
508,164,2,3,426.774193548,0.5
508,165,2,4,424.516129032,0.330221820737
508,177,2,2,173.870967742,0.279593318809
508,179,2,4,15.8064516129,0.00870055133415
508,181,2,2,112.903225806,0.168788580247
508,183,2,2,248.387096774,0.440100594422
508,187,2,2,221.225806452,0.3191251745
508,190,2,2,399.806451613,0.873688928293
508,195,2,2,40.6451612903,0.0560897435897
508,197,2,3,7.29032258065,0.00377453234596
508,198,2,2,165.35483871,0.258172328583
508,205,2,2,15.1612903226,0.0125594570039
508,218,2,3,426.774193548,0.5
508,223,2,2,4.51612903226,0.00600137174211
508,231,2,2,0.516129032258,7.83852635704e-05
508,232,2,3,8.70967741935,0.00744263357177
508,237,2,2,1.03225806452,0.000157499692383
508,240,2,2,3.48387096774,0.00357142857143
508,245,2,3,145.032258065,0.110101966127
508,267,2,3,201.483870968,0.165329248576
508,270,2,2,424.516129032,0.99066546221
508,271,2,2,20.8387096774,0.0237268554053
508,277,2,2,426.774193548,1.0
508,282,2,2,284.516129032,0.530303030303
508,294,2,2,0.516129032258,7.83852635704e-05
508,298,2,2,4.51612903226,0.00600137174211
508,299,2,2,6.77419354839,0.00902294405775
508,314,2,2,5.22580645161,0.00536957242294
605,52,2,2,0.0737327188941,4.30663221361e-05
605,55,2,2,2.00921658986,0.00155270655271
605,57,2,2,0.0737327188941,4.30663221361e-05
605,63,2,3,1.99078341014,0.000769773597437
605,67,2,2,0.036866359447,2.14334705075e-05
605,71,2,5,3.53917050691,0.000918273645546
605,73,2,4,1.29032258065,0.000296771130104
605,83,2,2,0.036866359447,2.14334705075e-05
605,88,2,3,3.59447004608,0.00188865643887
605,91,2,2,3.46543778802,0.00353809093646
605,96,2,2,3.59447004608,0.00377731287773
605,102,2,2,0.0552995391705,3.22248002062e-05
605,103,2,2,0.239631336406,0.000142957684525
605,123,2,2,0.442396313364,0.000271002710027
605,131,2,4,3.74193548387,0.00135615413393
605,140,2,2,0.0552995391705,3.22248002062e-05
605,141,2,2,2.32258064516,0.00189393939394
605,142,2,2,0.036866359447,2.14334705075e-05
605,143,2,2,0.0737327188941,4.30663221361e-05
605,151,2,3,3.46543778802,0.00176904546823
605,152,2,3,3.55760368664,0.00185377286
605,156,2,2,0.0552995391705,3.22248002062e-05
605,163,2,2,3.46543778802,0.00353809093646
605,164,2,3,3.48387096774,0.00178571428571
605,165,2,4,3.46543778802,0.00117936364549
605,177,2,2,1.41935483871,0.000998547567175
605,179,2,4,0.460829493088,9.43282320625e-05
605,181,2,2,0.921658986175,0.000602816358025
605,183,2,2,2.02764976959,0.00157178783722
605,187,2,2,5.65898617512,0.0111913094197
605,190,2,2,3.55760368664,0.00370754571999
605,195,2,2,0.331797235023,0.000200320512821
605,197,2,3,0.0921658986175,2.69791936459e-05
605,198,2,2,1.38248847926,0.000967192819561
605,205,2,2,0.202764976959,0.000120392259872
605,218,2,3,3.48387096774,0.00178571428571
605,223,2,2,0.036866359447,2.14334705075e-05
605,231,2,2,0.036866359447,2.14334705075e-05
605,232,2,3,0.129032258064,3.79477838494e-05
605,237,2,2,0.0737327188941,4.30663221361e-05
605,240,2,2,0.036866359447,2.14334705075e-05
605,245,2,3,1.21658986175,0.000415157004831
605,267,2,3,1.67741935484,0.000614134542706
605,270,2,2,3.46543778802,0.00353809093646
605,271,2,2,0.202764976959,0.000120392259872
605,277,2,2,3.48387096774,0.00357142857143
605,282,2,2,2.32258064516,0.00189393939394
605,294,2,2,0.036866359447,2.14334705075e-05
605,298,2,2,0.036866359447,2.14334705075e-05
605,299,2,2,0.0552995391705,3.22248002062e-05
605,314,2,2,0.0552995391705,3.22248002062e-05
608,52,2,2,0.110599078341,6.47493659958e-05
608,55,2,2,3.01382488479,0.00233446368017
608,57,2,2,0.110599078341,6.47493659958e-05
608,63,2,3,7.35483870968,0.00551044083527
608,67,2,2,0.0552995391705,3.22248002062e-05
608,71,2,5,5.30875576037,0.00138060631627
608,73,2,4,1.93548387097,0.000446189541317
608,83,2,2,0.0552995391705,3.22248002062e-05
608,88,2,3,5.39170506912,0.00283955770855
608,91,2,2,5.19815668203,0.00531944994624
608,96,2,2,5.39170506912,0.0056791154171
608,102,2,2,0.0829493087557,4.84493515862e-05
608,103,2,2,0.359447004608,0.000214934059333
608,123,2,2,0.663594470046,0.000407447229925
608,131,2,4,5.61290322581,0.00203895099487
608,140,2,2,0.0829493087557,4.84493515862e-05
608,141,2,2,3.48387096774,0.00284750052731
608,142,2,2,0.0552995391705,3.22248002062e-05
608,143,2,2,0.110599078341,6.47493659958e-05
608,151,2,3,5.19815668203,0.00265972497312
608,152,2,3,5.33640552995,0.00278711093568
608,156,2,2,0.0829493087557,4.84493515862e-05
608,163,2,2,5.19815668203,0.00531944994624
608,164,2,3,5.22580645161,0.00268478621147
608,165,2,4,5.19815668203,0.00177314998208
608,177,2,2,2.12903225806,0.00150129657431
608,179,2,4,0.691244239631,0.000141820636604
608,181,2,2,1.38248847926,0.0009063225058
608,183,2,2,3.04147465438,0.00236315201512
608,187,2,2,8.48847926267,0.0168259130022
608,190,2,2,5.33640552995,0.00557422187136
608,195,2,2,0.497695852535,0.000301177940389
608,197,2,3,0.138248847926,4.05626855743e-05
608,198,2,2,2.07373271889,0.00145415532964
608,205,2,2,0.304147465438,0.000181007388392
608,218,2,3,5.22580645161,0.00268478621147
608,223,2,2,0.0552995391705,3.22248002062e-05
608,231,2,2,0.0552995391705,3.22248002062e-05
608,232,2,3,0.193548387097,5.70537446274e-05
608,237,2,2,0.110599078341,6.47493659958e-05
608,240,2,2,0.0552995391705,3.22248002062e-05
608,245,2,3,1.82488479263,0.000624180369212
608,267,2,3,2.51612903226,0.000923339173256
608,270,2,2,5.19815668203,0.00531944994624
608,271,2,2,0.304147465438,0.000181007388392
608,277,2,2,5.22580645161,0.00536957242294
608,282,2,2,3.48387096774,0.00284750052731
608,294,2,2,0.0552995391705,3.22248002062e-05
608,298,2,2,0.0552995391705,3.22248002062e-05
608,299,2,2,0.0829493087557,4.84493515862e-05
608,314,2,2,0.0829493087557,4.84493515862e-05
613,52,2,2,0.626728110599,0.000379231498522
613,55,2,2,17.0783410138,0.0136727541044
613,57,2,2,0.626728110599,0.000379231498522
613,63,2,3,43.2442396313,0.035606957472
613,67,2,2,0.3133640553,0.00018873789857
613,71,2,5,53.8156682028,0.050151138952
613,73,2,4,44.866359447,0.134744331232
613,83,2,2,0.3133640553,0.00018873789857
613,88,2,3,37.4470046083,0.0317528927471
613,91,2,2,34.5437788018,0.0428470801307
613,96,2,2,33.4470046083,0.0398617579554
613,102,2,2,0.470046082949,0.000283763708291
613,103,2,2,2.03686635945,0.00125885040186
613,123,2,2,3.76036866359,0.00238638357607
613,131,2,4,48.1751152074,0.0382244036225
613,140,2,2,0.470046082949,0.000283763708291
613,141,2,2,28.2580645161,0.0341694558791
613,142,2,2,0.3133640553,0.00018873789857
613,143,2,2,0.626728110599,0.000379231498522
613,151,2,3,34.8571428571,0.0218717422045
613,152,2,3,34.3870967742,0.0212055777774
613,156,2,2,0.470046082949,0.000283763708291
613,163,2,2,34.5437788018,0.0428470801307
613,164,2,3,40.9677419355,0.0330498626309
613,165,2,4,42.8479262673,0.0251919321124
613,177,2,2,51.935483871,0.162946082266
613,179,2,4,18.9032258065,0.0664786738134
613,181,2,2,7.83410138249,0.00530825339728
613,183,2,2,17.2350230415,0.0138407792285
613,187,2,2,15.8986175115,0.0107659194477
613,190,2,2,33.7603686636,0.0406925128591
613,195,2,2,2.8202764977,0.00176397343664
613,197,2,3,0.783410138249,0.000237572180018
613,198,2,2,52.2488479263,0.168372913008
613,205,2,2,1.72350230415,0.00106014479197
613,218,2,3,41.5944700461,0.034541012662
613,223,2,2,3.6866359447,0.0261228925356
613,231,2,2,0.3133640553,0.00018873789857
613,232,2,3,1.09677419355,0.000334158902386
613,237,2,2,0.626728110599,0.000379231498522
613,240,2,2,0.3133640553,0.00018873789857
613,245,2,3,10.3410138249,0.00365577103535
613,267,2,3,14.2580645161,0.00540791856311
613,270,2,2,34.5437788018,0.0428470801307
613,271,2,2,1.72350230415,0.00106014479197
613,277,2,2,34.3870967742,0.0424070081003
613,282,2,2,19.7419354839,0.0166775670373
613,294,2,2,0.3133640553,0.00018873789857
613,298,2,2,0.3133640553,0.00018873789857
613,299,2,2,0.470046082949,0.000283763708291
613,314,2,2,0.470046082949,0.000283763708291
614,52,2,2,0.479262672811,0.000287245207977
614,55,2,2,26.9400921659,0.0440678967939
614,57,2,2,0.479262672811,0.000287245207977
614,63,2,3,27.0599078341,0.0235312781691
614,67,2,2,0.239631336406,0.000142957684525
614,71,2,5,31.0322580645,0.0130475864351
614,73,2,4,8.38709677419,0.00197941409343
614,83,2,2,0.239631336406,0.000142957684525
614,88,2,3,29.5944700461,0.0203932577134
614,91,2,2,29.4746543779,0.040405316622
614,96,2,2,28.6359447005,0.0378463974663
614,102,2,2,0.359447004608,0.000214934059333
614,103,2,2,1.55760368664,0.000953503986098
614,123,2,2,2.87557603687,0.00180754301605
614,131,2,4,28.9769585253,0.0207937388246
614,140,2,2,7.64055299539,0.0971147257528
614,141,2,2,36.9032258065,0.0754816574294
614,142,2,2,0.239631336406,0.000142957684525
614,143,2,2,0.479262672811,0.000287245207977
614,151,2,3,29.7142857143,0.0205859065717
614,152,2,3,29.3548387097,0.0200140758336
614,156,2,2,0.359447004608,0.000214934059333
614,163,2,2,29.4746543779,0.040405316622
614,164,2,3,34.3870967742,0.0301436489085
614,165,2,4,35.8248847926,0.0227969854256
614,177,2,2,2.77419354839,0.000602210885849
614,179,2,4,13.8433179724,0.0185280856755
614,181,2,2,5.99078341014,0.00402068487728
614,183,2,2,26.8202764977,0.0434133035083
614,187,2,2,15.2165898618,0.0127739908857
614,190,2,2,28.8755760369,0.0385585762987
614,195,2,2,25.8433179724,0.191851294857
614,197,2,3,0.599078341014,0.000179946735766
614,198,2,2,3.01382488479,0.000725628522293
614,205,2,2,1.31797235023,0.000802996355632
614,218,2,3,34.866359447,0.0314187000648
614,223,2,2,0.239631336406,0.000142957684525
614,231,2,2,0.239631336406,0.000142957684525
614,232,2,3,0.838709677419,0.000253105408668
614,237,2,2,0.479262672811,0.000287245207977
614,240,2,2,0.239631336406,0.000142957684525
614,245,2,3,7.90783410138,0.00276902819374
614,267,2,3,10.9032258065,0.00409617528722
614,270,2,2,29.4746543779,0.040405316622
614,271,2,2,38.6820276498,0.691702647178
614,277,2,2,29.3548387097,0.0400281516671
614,282,2,2,24.9032258065,0.0343735177464
614,294,2,2,0.239631336406,0.000142957684525
614,298,2,2,0.239631336406,0.000142957684525
614,299,2,2,0.359447004608,0.000214934059333
614,314,2,2,0.359447004608,0.000214934059333
620,52,2,2,0.811059907834,0.000496726123278
620,55,2,2,65.8986175115,0.159214393872
620,57,2,2,0.811059907834,0.000496726123278
620,63,2,3,62.1013824885,0.0712110272567
620,67,2,2,0.405529953917,0.00024721323265
620,71,2,5,65.6958525346,0.0393203883495
620,73,2,4,14.1935483871,0.00342295245208
620,83,2,2,0.405529953917,0.00024721323265
620,88,2,3,50.0829493088,0.0352655625357
620,91,2,2,49.8801843318,0.0698719272878
620,96,2,2,48.4608294931,0.0654468508837
620,102,2,2,0.608294930876,0.000371680219854
620,103,2,2,2.63594470046,0.00164887115744
620,123,2,2,0.866359447005,9.90696689844e-05
620,131,2,4,63.5207373272,0.0520633822563
620,140,2,2,0.608294930876,0.000371680219854
620,141,2,2,62.4516129032,0.130528586839
620,142,2,2,0.405529953917,0.00024721323265
620,143,2,2,0.811059907834,0.000496726123278
620,151,2,3,50.2857142857,0.0355987055016
620,152,2,3,49.6774193548,0.034609852571
620,156,2,2,7.39170506912,0.0548820486986
620,163,2,2,49.8801843318,0.0698719272878
620,164,2,3,58.1935483871,0.0521266759131
620,165,2,4,73.8617511521,0.123091159709
620,177,2,2,15.6129032258,0.0115172282505
620,179,2,4,5.06912442396,0.00108797999699
620,181,2,2,73.8617511521,0.369043491652
620,183,2,2,65.6958525346,0.157281553398
620,187,2,2,25.7511520737,0.0220897504823
620,190,2,2,48.866359447,0.0666784043463
620,195,2,2,3.64976958525,0.00231049290515
620,197,2,3,1.01382488479,0.000311177495644
620,198,2,2,15.2073732719,0.0111555832004
620,205,2,2,2.23041474654,0.00138860198765
620,218,2,3,74.6728110599,0.202988420977
620,223,2,2,0.405529953917,0.00024721323265
620,231,2,2,0.405529953917,0.00024721323265
620,232,2,3,1.41935483871,0.000437689002069
620,237,2,2,0.811059907834,0.000496726123278
620,240,2,2,0.405529953917,0.00024721323265
620,245,2,3,72.8479262673,0.165328235708
620,267,2,3,69.9539170507,0.1034962365
620,270,2,2,49.8801843318,0.0698719272878
620,271,2,2,2.23041474654,0.00138860198765
620,277,2,2,49.6774193548,0.069219705142
620,282,2,2,62.4516129032,0.130528586839
620,294,2,2,0.405529953917,0.00024721323265
620,298,2,2,0.405529953917,0.00024721323265
620,299,2,2,0.608294930876,0.000371680219854
620,314,2,2,0.608294930876,0.000371680219854
652,52,2,2,1.84331797235,0.00121124031008
652,55,2,2,149.769585253,0.388235856269
652,57,2,2,1.84331797235,0.00121124031008
652,63,2,3,150.230414747,0.196518132716
652,67,2,2,0.921658986175,0.000602816358025
652,71,2,5,149.30875576,0.0958806818182
652,73,2,4,32.2580645161,0.00834668803419
652,83,2,2,0.921658986175,0.000602816358025
652,88,2,3,113.824884793,0.0859932040998
652,91,2,2,113.3640553,0.170378989362
652,96,2,2,110.138248848,0.159588675214
652,102,2,2,1.38248847926,0.0009063225058
652,103,2,2,5.99078341014,0.00402068487728
652,123,2,2,11.0599078341,0.00762195121951
652,131,2,4,111.059907834,0.0725672360035
652,140,2,2,1.38248847926,0.0009063225058
652,141,2,2,141.935483871,0.318287037037
652,142,2,2,0.921658986175,0.000602816358025
652,143,2,2,1.84331797235,0.00121124031008
652,151,2,3,114.285714286,0.0868055555556
652,152,2,3,112.903225806,0.0843942901235
652,156,2,2,6.61751152074,0.0207658223769
652,163,2,2,113.3640553,0.170378989362
652,164,2,3,132.258064516,0.127108134921
652,165,2,4,176.958525346,0.333333333333
652,177,2,2,35.4838709677,0.0280841503268
652,179,2,4,11.5207373272,0.00265298152676
652,181,2,2,176.958525346,1.0
652,183,2,2,149.30875576,0.383522727273
652,187,2,2,58.5253456221,0.0538646851249
652,190,2,2,111.059907834,0.162591753022
652,195,2,2,8.29493087558,0.00563401442308
652,197,2,3,2.61751152074,0.00191797785548
652,198,2,2,34.5622119816,0.0272022980501
652,205,2,2,5.06912442396,0.0033860323089
652,218,2,3,162.801843318,0.456056235431
652,223,2,2,0.921658986175,0.000602816358025
652,231,2,2,0.921658986175,0.000602816358025
652,232,2,3,3.22580645161,0.00106728142077
652,237,2,2,1.84331797235,0.00121124031008
652,240,2,2,0.921658986175,0.000602816358025
652,245,2,3,174.65437788,0.448626893939
652,267,2,3,150.986175115,0.227611905717
652,270,2,2,113.3640553,0.170378989362
652,271,2,2,5.06912442396,0.0033860323089
652,277,2,2,112.903225806,0.168788580247
652,282,2,2,141.935483871,0.318287037037
652,294,2,2,0.921658986175,0.000602816358025
652,298,2,2,3.07834101382,0.00672477816358
652,299,2,2,1.38248847926,0.0009063225058
652,314,2,2,1.38248847926,0.0009063225058
722,52,2,2,0.0737327188941,4.30663221361e-05
722,55,2,2,2.00921658986,0.00155270655271
722,57,2,2,0.0737327188941,4.30663221361e-05
722,63,2,3,5.08755760369,0.00404360056259
722,67,2,2,0.036866359447,2.14334705075e-05
722,71,2,5,2.80184331797,0.00129349291281
722,73,2,4,1.29032258065,0.000296771130104
722,83,2,2,0.036866359447,2.14334705075e-05
722,88,2,3,0.552995391705,7.91407387519e-05
722,91,2,2,0.534562211982,8.41878247388e-05
722,96,2,2,0.405529953917,4.80794065173e-05
722,102,2,2,3.94470046083,0.163974105583
722,103,2,2,3.76036866359,0.0352031183385
722,123,2,2,0.442396313364,0.000271002710027
722,131,2,4,2.13824884793,0.000839435795431
722,140,2,2,0.0552995391705,3.22248002062e-05
722,141,2,2,2.32258064516,0.00189393939394
722,142,2,2,0.036866359447,2.14334705075e-05
722,143,2,2,0.0737327188941,4.30663221361e-05
722,151,2,3,0.571428571429,5.64588979223e-05
722,152,2,3,0.516129032258,5.62072753559e-05
722,156,2,2,0.0552995391705,3.22248002062e-05
722,163,2,2,0.534562211982,8.41878247388e-05
722,164,2,3,1.29032258065,0.000418871252205
722,165,2,4,1.51152073733,0.000377716997335
722,177,2,2,2.58064516129,0.00330098369314
722,179,2,4,0.460829493088,9.43282320625e-05
722,181,2,2,0.921658986175,0.000602816358025
722,183,2,2,2.02764976959,0.00157178783722
722,187,2,2,1.65898617512,0.000961809741209
722,190,2,2,0.442396313364,5.73316420499e-05
722,195,2,2,0.331797235023,0.000200320512821
722,197,2,3,0.0921658986175,2.69791936459e-05
722,198,2,2,2.61751152074,0.00346710684687
722,205,2,2,3.79723502304,0.0422228590077
722,218,2,3,1.36405529954,0.000466662966663
722,223,2,2,0.036866359447,2.14334705075e-05
722,231,2,2,0.036866359447,2.14334705075e-05
722,232,2,3,0.129032258064,3.79477838494e-05
722,237,2,2,0.0737327188941,4.30663221361e-05
722,240,2,2,0.036866359447,2.14334705075e-05
722,245,2,3,1.21658986175,0.000415157004831
722,267,2,3,1.67741935484,0.000614134542706
722,270,2,2,0.534562211982,8.41878247388e-05
722,271,2,2,0.202764976959,0.000120392259872
722,277,2,2,0.516129032258,7.83852635704e-05
722,282,2,2,2.32258064516,0.00189393939394
722,294,2,2,0.036866359447,2.14334705075e-05
722,298,2,2,0.036866359447,2.14334705075e-05
722,299,2,2,0.0552995391705,3.22248002062e-05
722,314,2,2,0.0552995391705,3.22248002062e-05
735,52,2,2,0.0737327188941,4.30663221361e-05
735,55,2,2,1.99078341014,0.00152434721242
735,57,2,2,0.0737327188941,4.30663221361e-05
735,63,2,3,2.91244239631,0.00150570130316
735,67,2,2,0.036866359447,2.14334705075e-05
735,71,2,5,1.97235023041,0.000503137434956
735,73,2,4,3.11520737327,0.00240508270022
735,83,2,2,0.036866359447,2.14334705075e-05
735,88,2,3,0.552995391705,7.91407387519e-05
735,91,2,2,0.534562211982,8.41878247388e-05
735,96,2,2,0.405529953917,4.80794065173e-05
735,102,2,2,0.0552995391705,3.22248002062e-05
735,103,2,2,0.239631336406,0.000142957684525
735,123,2,2,0.442396313364,0.000271002710027
735,131,2,4,2.30414746544,0.00100161233917
735,140,2,2,0.0552995391705,3.22248002062e-05
735,141,2,2,1.67741935484,0.000987888140666
735,142,2,2,0.036866359447,2.14334705075e-05
735,143,2,2,0.0737327188941,4.30663221361e-05
735,151,2,3,0.571428571429,5.64588979223e-05
735,152,2,3,0.516129032258,5.62072753559e-05
735,156,2,2,0.0552995391705,3.22248002062e-05
735,163,2,2,0.534562211982,8.41878247388e-05
735,164,2,3,1.29032258065,0.000418871252205
735,165,2,4,3.07834101382,0.00248619893606
735,177,2,2,1.41935483871,0.000998547567175
735,179,2,4,0.460829493088,9.43282320625e-05
735,181,2,2,3.07834101382,0.00672477816358
735,183,2,2,1.97235023041,0.00148722305358
735,187,2,2,2.34101382488,0.00191518880444
735,190,2,2,0.442396313364,5.73316420499e-05
735,195,2,2,0.331797235023,0.000200320512821
735,197,2,3,0.0921658986175,2.69791936459e-05
735,198,2,2,1.38248847926,0.000967192819561
735,205,2,2,0.202764976959,0.000120392259872
735,218,2,3,1.36405529954,0.000466662966663
735,223,2,2,0.036866359447,2.14334705075e-05
735,231,2,2,0.036866359447,2.14334705075e-05
735,232,2,3,0.129032258064,3.79477838494e-05
735,237,2,2,0.0737327188941,4.30663221361e-05
735,240,2,2,0.036866359447,2.14334705075e-05
735,245,2,3,2.98617511521,0.00293417645659
735,267,2,3,2.35944700461,0.00123941586622
735,270,2,2,0.534562211982,8.41878247388e-05
735,271,2,2,0.202764976959,0.000120392259872
735,277,2,2,0.516129032258,7.83852635704e-05
735,282,2,2,1.67741935484,0.000987888140666
735,294,2,2,0.036866359447,2.14334705075e-05
735,298,2,2,0.036866359447,2.14334705075e-05
735,299,2,2,0.0552995391705,3.22248002062e-05
735,314,2,2,0.0552995391705,3.22248002062e-05
744,52,2,2,0.0737327188941,4.30663221361e-05
744,55,2,2,2.00921658986,0.00155270655271
744,57,2,2,0.0737327188941,4.30663221361e-05
744,63,2,3,1.99078341014,0.000769773597437
744,67,2,2,0.036866359447,2.14334705075e-05
744,71,2,5,3.53917050691,0.000918273645546
744,73,2,4,3.11520737327,0.00240508270022
744,83,2,2,0.036866359447,2.14334705075e-05
744,88,2,3,3.59447004608,0.00188865643887
744,91,2,2,3.46543778802,0.00353809093646
744,96,2,2,3.59447004608,0.00377731287773
744,102,2,2,0.0552995391705,3.22248002062e-05
744,103,2,2,0.239631336406,0.000142957684525
744,123,2,2,0.442396313364,0.000271002710027
744,131,2,4,3.81566820276,0.0159254582866
744,140,2,2,0.0552995391705,3.22248002062e-05
744,141,2,2,2.32258064516,0.00189393939394
744,142,2,2,0.036866359447,2.14334705075e-05
744,143,2,2,0.0737327188941,4.30663221361e-05
744,151,2,3,3.46543778802,0.00176904546823
744,152,2,3,3.55760368664,0.00185377286
744,156,2,2,0.0552995391705,3.22248002062e-05
744,163,2,2,3.46543778802,0.00353809093646
744,164,2,3,3.48387096774,0.00178571428571
744,165,2,4,3.46543778802,0.00117936364549
744,177,2,2,1.41935483871,0.000998547567175
744,179,2,4,3.76036866359,0.0117460416971
744,181,2,2,0.921658986175,0.000602816358025
744,183,2,2,2.02764976959,0.00157178783722
744,187,2,2,1.65898617512,0.000961809741209
744,190,2,2,3.55760368664,0.00370754571999
744,195,2,2,0.331797235023,0.000200320512821
744,197,2,3,0.0921658986175,2.69791936459e-05
744,198,2,2,1.38248847926,0.000967192819561
744,205,2,2,0.202764976959,0.000120392259872
744,218,2,3,3.48387096774,0.00178571428571
744,223,2,2,0.036866359447,2.14334705075e-05
744,231,2,2,0.036866359447,2.14334705075e-05
744,232,2,3,0.129032258064,3.79477838494e-05
744,237,2,2,0.0737327188941,4.30663221361e-05
744,240,2,2,0.036866359447,2.14334705075e-05
744,245,2,3,1.21658986175,0.000415157004831
744,267,2,3,1.67741935484,0.000614134542706
744,270,2,2,3.46543778802,0.00353809093646
744,271,2,2,0.202764976959,0.000120392259872
744,277,2,2,3.48387096774,0.00357142857143
744,282,2,2,2.32258064516,0.00189393939394
744,294,2,2,0.036866359447,2.14334705075e-05
744,298,2,2,0.036866359447,2.14334705075e-05
744,299,2,2,0.0552995391705,3.22248002062e-05
744,314,2,2,0.0552995391705,3.22248002062e-05
