PB1 site,M1 site,N alleles PB1,N alleles M1,Chi,ChiSqDf
66,77,2,2,1.06912442396,0.00071414499606
66,105,2,2,158.285714286,0.426471242135
66,140,2,2,3.20737327189,0.00216245774508
66,167,2,2,1.06912442396,0.00071414499606
66,188,2,2,1.06912442396,0.00071414499606
66,207,2,2,3.74193548387,0.00252877572375
69,77,2,2,0.405529953917,0.00024721323265
69,105,2,2,14.8571428571,0.00904009200567
69,140,2,2,1.21658986175,0.000748570910081
69,167,2,2,3.59447004608,0.0194220726684
69,188,2,2,3.59447004608,0.0194220726684
69,207,2,2,1.41935483871,0.000875378004138
94,77,2,2,0.0552995391705,3.22248002062e-05
94,105,2,2,1.42857142857,0.000585905458295
94,140,2,2,0.165898617511,9.75778996899e-05
94,167,2,2,0.0552995391705,3.22248002062e-05
94,188,2,2,0.0552995391705,3.22248002062e-05
94,207,2,2,0.193548387097,0.000114107489255
164,77,2,2,4.99539170507,0.00769711429221
164,105,2,2,123.714285714,0.128618949324
164,140,2,2,9.01382488479,0.00843190674897
164,167,2,2,0.995391705069,0.000305616553098
164,188,2,2,0.995391705069,0.000305616553098
164,207,2,2,9.48387096774,0.00801951195616
171,77,2,2,0.036866359447,2.14334705075e-05
171,105,2,2,6.28571428571,0.016975308642
171,140,2,2,0.110599078341,6.49013499481e-05
171,167,2,2,0.036866359447,2.14334705075e-05
171,188,2,2,0.036866359447,2.14334705075e-05
171,207,2,2,0.129032258064,7.58955676988e-05
176,77,2,2,3.48387096774,0.00357142857143
176,105,2,2,158.0,0.200128266795
176,140,2,2,10.4516129032,0.0108144192256
176,167,2,2,0.516129032258,7.83852635704e-05
176,188,2,2,3.48387096774,0.00357142857143
176,207,2,2,8.1935483871,0.00571017894537
177,77,2,2,0.0552995391705,3.22248002062e-05
177,105,2,2,2.57142857143,0.00189833368488
177,140,2,2,0.165898617511,9.75778996899e-05
177,167,2,2,0.0552995391705,3.22248002062e-05
177,188,2,2,0.0552995391705,3.22248002062e-05
177,207,2,2,0.193548387097,0.000114107489255
190,77,2,2,0.036866359447,2.14334705075e-05
190,105,2,2,1.71428571429,0.00126262626263
190,140,2,2,0.110599078341,6.49013499481e-05
190,167,2,2,0.036866359447,2.14334705075e-05
190,188,2,2,0.036866359447,2.14334705075e-05
190,207,2,2,0.129032258064,7.58955676988e-05
196,77,2,2,0.497695852535,0.000307125307125
196,105,2,2,15.1428571429,0.00774603804907
196,140,2,2,1.4930875576,0.000929986911295
196,167,2,2,0.497695852535,0.000307125307125
196,188,2,2,0.497695852535,0.000307125307125
196,207,2,2,1.74193548387,0.00108752567769
211,77,2,2,3.53917050691,0.00367309458219
211,105,2,2,163.428571429,0.213383838384
211,140,2,2,10.6175115207,0.0111222677068
211,167,2,2,0.460829493088,6.22744171513e-05
211,188,2,2,3.53917050691,0.00367309458219
211,207,2,2,8.38709677419,0.00596266314411
213,77,2,2,3.22580645161,0.00312812812813
213,105,2,2,170.0,0.236691236691
213,140,2,2,9.67741935484,0.00947208891134
213,167,2,2,0.774193548387,0.00018018018018
213,188,2,2,3.22580645161,0.00312812812813
213,207,2,2,7.29032258065,0.00461837548489
214,77,2,2,4.29493087558,0.00536668509305
214,105,2,2,124.285714286,0.122436976258
214,140,2,2,11.1152073733,0.0120933777225
214,167,2,2,0.294930875576,2.53066253536e-05
214,188,2,2,4.29493087558,0.00536668509305
214,207,2,2,11.0322580645,0.0102355316921
298,77,3,2,0.110599078341,3.2450674974e-05
298,105,3,2,4.57142857143,0.00287088552087
298,140,3,2,0.331797235023,9.82618569307e-05
298,167,3,2,0.110599078341,3.2450674974e-05
298,188,3,2,0.110599078341,3.2450674974e-05
298,207,3,2,0.387096774194,0.000114907308105
317,77,2,2,0.0552995391705,3.22248002062e-05
317,105,2,2,2.57142857143,0.00189833368488
317,140,2,2,0.165898617511,9.75778996899e-05
317,167,2,2,0.0552995391705,3.22248002062e-05
317,188,2,2,0.0552995391705,3.22248002062e-05
317,207,2,2,0.193548387097,0.000114107489255
339,77,2,2,0.036866359447,2.14334705075e-05
339,105,2,2,6.28571428571,0.016975308642
339,140,2,2,0.110599078341,6.49013499481e-05
339,167,2,2,0.036866359447,2.14334705075e-05
339,188,2,2,0.036866359447,2.14334705075e-05
339,207,2,2,0.129032258064,7.58955676988e-05
343,77,2,2,0.0552995391705,3.22248002062e-05
343,105,2,2,5.42857142857,0.00846047481778
343,140,2,2,0.165898617511,9.75778996899e-05
343,167,2,2,0.0552995391705,3.22248002062e-05
343,188,2,2,0.0552995391705,3.22248002062e-05
343,207,2,2,0.193548387097,0.000114107489255
356,77,2,2,0.036866359447,2.14334705075e-05
356,105,2,2,2.28571428571,0.00224466891134
356,140,2,2,0.110599078341,6.49013499481e-05
356,167,2,2,0.036866359447,2.14334705075e-05
356,188,2,2,0.036866359447,2.14334705075e-05
356,207,2,2,0.129032258064,7.58955676988e-05
357,77,2,2,0.940092165899,0.000616478096896
357,105,2,2,76.2857142857,0.11059605423
357,140,2,2,2.8202764977,0.00186671872331
357,167,2,2,0.940092165899,0.000616478096896
357,188,2,2,0.940092165899,0.000616478096896
357,207,2,2,3.29032258065,0.00218293883491
377,77,2,2,0.866359447005,0.000562254761221
377,105,2,2,7.71428571429,0.0012145202645
377,140,2,2,2.59907834101,0.00170252843585
377,167,2,2,0.866359447005,0.000562254761221
377,188,2,2,0.866359447005,0.000562254761221
377,207,2,2,12.9677419355,0.036412748112
387,77,2,2,0.165898617512,9.80392156863e-05
387,105,2,2,7.71428571429,0.00577540106952
387,140,2,2,0.497695852535,0.000296866410115
387,167,2,2,0.165898617512,9.80392156863e-05
387,188,2,2,0.165898617512,9.80392156863e-05
387,207,2,2,0.58064516129,0.000347155255545
390,77,2,2,0.940092165899,0.000616478096896
390,105,2,2,80.2857142857,0.122498212039
390,140,2,2,2.8202764977,0.00186671872331
390,167,2,2,0.940092165899,0.000616478096896
390,188,2,2,0.940092165899,0.000616478096896
390,207,2,2,3.29032258065,0.00218293883491
391,77,2,2,1.95391705069,0.00149616079494
391,105,2,2,109.142857143,0.127184174929
391,140,2,2,5.86175115207,0.00453043081833
391,167,2,2,2.04608294931,0.0016406369842
391,188,2,2,1.95391705069,0.00149616079494
391,207,2,2,2.83870967742,0.000912842410206
428,77,2,2,0.350230414747,0.000211958946899
428,105,2,2,16.2857142857,0.0124863088719
428,140,2,2,1.05069124424,0.000641819614908
428,167,2,2,3.64976958525,0.0230183893469
428,188,2,2,0.350230414747,0.000211958946899
428,207,2,2,1.22580645161,0.000750543156231
454,77,2,2,0.0921658986175,5.39583872917e-05
454,105,2,2,0.285714285714,1.41272868546e-05
454,140,2,2,0.276497695853,0.000163388013855
454,167,2,2,0.0921658986175,5.39583872917e-05
454,188,2,2,0.0921658986175,5.39583872917e-05
454,207,2,2,0.322580645161,0.000191065764836
457,77,2,2,0.0552995391705,3.22248002062e-05
457,105,2,2,5.42857142857,0.00846047481778
457,140,2,2,0.165898617511,9.75778996899e-05
457,167,2,2,0.0552995391705,3.22248002062e-05
457,188,2,2,0.0552995391705,3.22248002062e-05
457,207,2,2,0.193548387097,0.000114107489255
460,77,2,2,0.036866359447,2.14334705075e-05
460,105,2,2,1.71428571429,0.00126262626263
460,140,2,2,0.110599078341,6.49013499481e-05
460,167,2,2,0.036866359447,2.14334705075e-05
460,188,2,2,0.036866359447,2.14334705075e-05
460,207,2,2,0.129032258064,7.58955676988e-05
474,77,2,2,5.69585253456,0.0114444444444
474,105,2,2,103.142857143,0.102242620379
474,140,2,2,6.91244239631,0.00567099174304
474,167,2,2,1.69585253456,0.00101450317632
474,188,2,2,1.69585253456,0.00101450317632
474,207,2,2,0.0645161290323,4.24425698976e-07
508,77,2,2,3.48387096774,0.00357142857143
508,105,2,2,158.0,0.200128266795
508,140,2,2,10.4516129032,0.0108144192256
508,167,2,2,0.516129032258,7.83852635704e-05
508,188,2,2,3.48387096774,0.00357142857143
508,207,2,2,8.1935483871,0.00571017894537
605,77,2,2,0.036866359447,2.14334705075e-05
605,105,2,2,1.71428571429,0.00126262626263
605,140,2,2,0.110599078341,6.49013499481e-05
605,167,2,2,0.036866359447,2.14334705075e-05
605,188,2,2,0.036866359447,2.14334705075e-05
605,207,2,2,0.129032258064,7.58955676988e-05
608,77,2,2,0.0552995391705,3.22248002062e-05
608,105,2,2,9.42857142857,0.0255220417633
608,140,2,2,0.165898617511,9.75778996899e-05
608,167,2,2,0.0552995391705,3.22248002062e-05
608,188,2,2,0.0552995391705,3.22248002062e-05
608,207,2,2,0.193548387097,0.000114107489255
613,77,2,2,0.3133640553,0.00018873789857
613,105,2,2,14.5714285714,0.0111183780249
613,140,2,2,0.940092165899,0.000571505412492
613,167,2,2,0.3133640553,0.00018873789857
613,188,2,2,0.3133640553,0.00018873789857
613,207,2,2,1.09677419355,0.000668317804773
614,77,2,2,0.239631336406,0.000142957684525
614,105,2,2,11.1428571429,0.00842150723386
614,140,2,2,0.718894009217,0.000432881212955
614,167,2,2,0.239631336406,0.000142957684525
614,188,2,2,0.239631336406,0.000142957684525
614,207,2,2,0.838709677419,0.000506210817336
620,77,2,2,0.405529953917,0.00024721323265
620,105,2,2,69.1428571429,0.195792880259
620,140,2,2,1.21658986175,0.000748570910081
620,167,2,2,0.405529953917,0.00024721323265
620,188,2,2,0.405529953917,0.00024721323265
620,207,2,2,1.41935483871,0.000875378004138
652,77,2,2,0.921658986175,0.000602816358025
652,105,2,2,157.142857143,0.477430555556
652,140,2,2,2.76497695853,0.00182535046729
652,167,2,2,0.921658986175,0.000602816358025
652,188,2,2,0.921658986175,0.000602816358025
652,207,2,2,3.22580645161,0.00213456284153
722,77,2,2,0.036866359447,2.14334705075e-05
722,105,2,2,1.71428571429,0.00126262626263
722,140,2,2,0.110599078341,6.49013499481e-05
722,167,2,2,0.036866359447,2.14334705075e-05
722,188,2,2,0.036866359447,2.14334705075e-05
722,207,2,2,0.129032258064,7.58955676988e-05
735,77,2,2,0.036866359447,2.14334705075e-05
735,105,2,2,2.28571428571,0.00224466891134
735,140,2,2,0.110599078341,6.49013499481e-05
735,167,2,2,0.036866359447,2.14334705075e-05
735,188,2,2,0.036866359447,2.14334705075e-05
735,207,2,2,0.129032258064,7.58955676988e-05
744,77,2,2,0.036866359447,2.14334705075e-05
744,105,2,2,1.71428571429,0.00126262626263
744,140,2,2,3.88940092166,0.0802631389177
744,167,2,2,0.036866359447,2.14334705075e-05
744,188,2,2,3.96313364055,0.247690543553
744,207,2,2,0.129032258064,7.58955676988e-05
