PB2 site,NS1 site,N alleles PB2,N alleles NS1,Chi,ChiSqDf
14,35,2,2,0.147465437788,8.65332612223e-05
14,50,2,2,0.294930875576,0.000174691560214
14,63,2,2,0.0737327188941,4.30663221361e-05
14,86,2,3,0.36866359447,0.00010969723563
14,93,2,2,1.12442396313,0.000311635277013
14,98,2,2,1.62211981567,0.00104949314252
14,102,2,2,0.110599078341,6.47493659958e-05
14,104,2,3,0.331797235023,9.84952120383e-05
14,105,2,2,0.0737327188941,4.30663221361e-05
14,108,2,3,1.14285714286,0.000357781753131
14,109,2,3,1.65898617512,0.000538052250852
14,112,2,2,0.147465437788,8.65332612223e-05
14,113,2,2,0.0737327188941,4.30663221361e-05
14,114,2,2,0.552995391705,0.000333018815563
14,115,2,6,2.28571428571,0.000310328507196
14,116,2,3,0.995391705069,0.000308553796926
14,117,2,2,1.03225806452,0.000641539695269
14,118,2,2,0.36866359447,0.000219394471259
14,119,2,2,0.184331797235,0.00010841871307
14,122,2,3,0.184331797235,5.42093565349e-05
14,123,2,2,3.92626728111,0.122117248062
14,124,2,3,1.40092165899,0.000446323702138
14,127,2,2,0.516129032258,0.00031007751938
14,129,2,2,1.03225806452,0.000641539695269
14,138,2,3,0.73732718894,0.000224693854623
14,142,2,3,0.921658986175,0.000284300904077
14,143,2,3,1.47465437788,0.000472199268091
14,149,2,2,0.0737327188941,4.30663221361e-05
14,155,2,2,0.110599078341,6.47493659958e-05
14,162,2,2,0.110599078341,6.47493659958e-05
14,178,2,2,1.2534562212,0.000790697674419
14,184,2,2,0.294930875576,0.000174691560214
14,196,2,2,0.847926267281,0.000520568098229
14,199,2,2,3.66820276498,0.0240772153823
14,202,2,3,0.294930875576,8.7345780107e-05
14,206,2,2,0.626728110599,0.000379231498522
14,213,2,3,1.14285714286,0.000357781753131
14,217,2,3,0.774193548387,0.000236499802917
14,224,2,2,0.0737327188941,4.30663221361e-05
14,236,2,2,3.92626728111,0.122117248062
14,239,2,2,0.110599078341,6.47493659958e-05
14,249,2,2,0.958525345622,0.000592795257638
14,254,2,2,0.405529953917,0.000241904447743
14,257,2,2,0.0737327188941,4.30663221361e-05
14,264,2,2,1.1797235023,0.00074048362837
14,281,2,2,0.847926267281,0.000520568098229
16,35,2,2,0.110599078341,6.47493659958e-05
16,50,2,2,7.77880184332,0.161654121688
16,63,2,2,0.0552995391705,3.22248002062e-05
16,86,2,3,0.276497695853,8.20820382612e-05
16,93,2,2,2.15668202765,0.00152506582549
16,98,2,2,2.78341013825,0.0041105324168
16,102,2,2,0.0829493087557,4.84493515862e-05
16,104,2,3,0.248847926267,7.37000136482e-05
16,105,2,2,0.0552995391705,3.22248002062e-05
16,108,2,3,0.857142857143,0.00026771372479
16,109,2,3,2.81105990783,0.00214839450563
16,112,2,2,0.110599078341,6.47493659958e-05
16,113,2,2,0.0552995391705,3.22248002062e-05
16,114,2,2,0.414746543779,0.000249184612573
16,115,2,6,5.88940092166,0.00207046522888
16,116,2,3,0.746543778802,0.000230878421134
16,117,2,2,0.774193548387,0.000480038403072
16,118,2,2,0.276497695853,0.000164164076522
16,119,2,2,0.138248847926,8.11253711486e-05
16,122,2,3,0.138248847926,4.05626855743e-05
16,123,2,2,0.0552995391705,3.22248002062e-05
16,124,2,3,1.05069124424,0.000333966111228
16,127,2,2,0.387096774194,0.000232018561485
16,129,2,2,0.774193548387,0.000480038403072
16,138,2,3,0.552995391705,0.00016812939238
16,142,2,3,0.691244239631,0.000212730954907
16,143,2,3,1.10599078341,0.000353327758606
16,149,2,2,0.0552995391705,3.22248002062e-05
16,155,2,2,0.0829493087557,4.84493515862e-05
16,162,2,2,0.0829493087557,4.84493515862e-05
16,178,2,2,0.940092165899,0.000591647331787
16,184,2,2,0.221198156682,0.000130714682527
16,196,2,2,0.635944700461,0.000389520212712
16,199,2,2,0.248847926267,0.000147400027296
16,202,2,3,0.221198156682,6.53573412634e-05
16,206,2,2,0.470046082949,0.000283763708291
16,213,2,3,0.857142857143,0.00026771372479
16,217,2,3,0.58064516129,0.000176963309607
16,224,2,2,0.0552995391705,3.22248002062e-05
16,236,2,2,0.0552995391705,3.22248002062e-05
16,239,2,2,0.0829493087557,4.84493515862e-05
16,249,2,2,0.718894009217,0.000443564896956
16,254,2,2,0.304147465438,0.000181007388392
16,257,2,2,0.0552995391705,3.22248002062e-05
16,264,2,2,3.11520737327,0.00686845163202
16,281,2,2,0.635944700461,0.000389520212712
65,35,2,2,0.0737327188941,4.30663221361e-05
65,50,2,2,0.147465437788,8.69414014954e-05
65,63,2,2,0.036866359447,2.14334705075e-05
65,86,2,3,0.184331797235,5.45946890287e-05
65,93,2,2,2.56221198157,0.00322130056447
65,98,2,2,0.811059907834,0.000522317188984
65,102,2,2,0.0552995391705,3.22248002062e-05
65,104,2,3,0.165898617512,4.90196078431e-05
65,105,2,2,0.036866359447,2.14334705075e-05
65,108,2,3,0.571428571429,0.000178062678063
65,109,2,3,0.829493087558,0.000267780634105
65,112,2,2,0.0737327188941,4.30663221361e-05
65,113,2,2,0.036866359447,2.14334705075e-05
65,114,2,2,0.276497695853,0.000165738530894
65,115,2,6,4.60829493088,0.00125805152979
65,116,2,3,0.497695852535,0.000153562653563
65,117,2,2,0.516129032258,0.000319284802043
65,118,2,2,0.184331797235,0.000109189378057
65,119,2,2,0.0921658986175,5.39583872917e-05
65,122,2,3,0.0921658986175,2.69791936459e-05
65,123,2,2,0.036866359447,2.14334705075e-05
65,124,2,3,0.700460829493,0.000222128694351
65,127,2,2,0.258064516129,0.000154320987654
65,129,2,2,0.516129032258,0.000319284802043
65,138,2,3,0.36866359447,0.000111826802648
65,142,2,3,0.460829493088,0.000141492348094
65,143,2,3,0.73732718894,0.000235006580184
65,149,2,2,0.036866359447,2.14334705075e-05
65,155,2,2,0.0552995391705,3.22248002062e-05
65,162,2,2,0.0552995391705,3.22248002062e-05
65,178,2,2,0.626728110599,0.000393518518519
65,184,2,2,0.147465437788,8.69414014954e-05
65,196,2,2,0.423963133641,0.000259079030369
65,199,2,2,0.165898617512,9.80392156863e-05
65,202,2,3,0.147465437788,4.34707007477e-05
65,206,2,2,0.3133640553,0.00018873789857
65,213,2,3,0.571428571429,0.000178062678063
65,217,2,3,0.387096774194,0.000117702448211
65,224,2,2,0.036866359447,2.14334705075e-05
65,236,2,2,0.036866359447,2.14334705075e-05
65,239,2,2,0.0552995391705,3.22248002062e-05
65,249,2,2,0.479262672811,0.000295025417574
65,254,2,2,0.202764976959,0.000120392259872
65,257,2,2,0.036866359447,2.14334705075e-05
65,264,2,2,0.589861751152,0.000368527731712
65,281,2,2,0.423963133641,0.000259079030369
77,35,2,2,0.0737327188941,4.30663221361e-05
77,50,2,2,0.147465437788,8.69414014954e-05
77,63,2,2,0.036866359447,2.14334705075e-05
77,86,2,3,0.184331797235,5.45946890287e-05
77,93,2,2,2.56221198157,0.00322130056447
77,98,2,2,0.811059907834,0.000522317188984
77,102,2,2,0.0552995391705,3.22248002062e-05
77,104,2,3,0.165898617512,4.90196078431e-05
77,105,2,2,0.036866359447,2.14334705075e-05
77,108,2,3,0.571428571429,0.000178062678063
77,109,2,3,0.829493087558,0.000267780634105
77,112,2,2,0.0737327188941,4.30663221361e-05
77,113,2,2,0.036866359447,2.14334705075e-05
77,114,2,2,0.276497695853,0.000165738530894
77,115,2,6,4.60829493088,0.00125805152979
77,116,2,3,0.497695852535,0.000153562653563
77,117,2,2,0.516129032258,0.000319284802043
77,118,2,2,0.184331797235,0.000109189378057
77,119,2,2,0.0921658986175,5.39583872917e-05
77,122,2,3,0.0921658986175,2.69791936459e-05
77,123,2,2,0.036866359447,2.14334705075e-05
77,124,2,3,0.700460829493,0.000222128694351
77,127,2,2,0.258064516129,0.000154320987654
77,129,2,2,0.516129032258,0.000319284802043
77,138,2,3,0.36866359447,0.000111826802648
77,142,2,3,0.460829493088,0.000141492348094
77,143,2,3,0.73732718894,0.000235006580184
77,149,2,2,0.036866359447,2.14334705075e-05
77,155,2,2,0.0552995391705,3.22248002062e-05
77,162,2,2,0.0552995391705,3.22248002062e-05
77,178,2,2,0.626728110599,0.000393518518519
77,184,2,2,0.147465437788,8.69414014954e-05
77,196,2,2,0.423963133641,0.000259079030369
77,199,2,2,0.165898617512,9.80392156863e-05
77,202,2,3,0.147465437788,4.34707007477e-05
77,206,2,2,0.3133640553,0.00018873789857
77,213,2,3,3.61290322581,0.0102682811016
77,217,2,3,0.387096774194,0.000117702448211
77,224,2,2,0.036866359447,2.14334705075e-05
77,236,2,2,0.036866359447,2.14334705075e-05
77,239,2,2,3.94470046083,0.163974105583
77,249,2,2,0.479262672811,0.000295025417574
77,254,2,2,0.202764976959,0.000120392259872
77,257,2,2,0.036866359447,2.14334705075e-05
77,264,2,2,0.589861751152,0.000368527731712
77,281,2,2,0.423963133641,0.000259079030369
104,35,2,2,0.700460829493,0.000425889604931
104,50,2,2,1.40092165899,0.000859777136716
104,63,2,2,0.350230414747,0.000211958946899
104,86,2,3,1.75115207373,0.00053989543078
104,93,2,2,2.34101382488,0.000294659966345
104,98,2,2,7.70506912442,0.00516527649058
104,102,2,2,0.52534562212,0.000318676096497
104,104,2,3,1.57603686636,0.000484762579731
104,105,2,2,0.350230414747,0.000211958946899
104,108,2,3,5.42857142857,0.0017608897127
104,109,2,3,7.8801843318,0.0026481246322
104,112,2,2,0.700460829493,0.000425889604931
104,113,2,2,0.350230414747,0.000211958946899
104,114,2,2,1.3732718894,0.000447987150209
104,115,2,6,43.0783410138,0.0119815431941
104,116,2,3,4.72811059908,0.00151860513306
104,117,2,2,4.90322580645,0.00315745741587
104,118,2,2,1.75115207373,0.00107979086156
104,119,2,2,0.875576036866,0.000533602943241
104,122,2,3,0.875576036866,0.000266801471621
104,123,2,2,0.350230414747,0.000211958946899
104,124,2,3,6.65437788018,0.00219666544968
104,127,2,2,2.45161290323,0.00152610441767
104,129,2,2,4.90322580645,0.00315745741587
104,138,2,3,2.42396313364,0.00170414686971
104,142,2,3,4.37788018433,0.00139923999175
104,143,2,3,3.00460829493,0.000463820776589
104,149,2,2,0.350230414747,0.000211958946899
104,155,2,2,0.52534562212,0.000318676096497
104,162,2,2,0.52534562212,0.000318676096497
104,178,2,2,5.95391705069,0.00389156626506
104,184,2,2,6.59907834101,0.0190776449013
104,196,2,2,4.02764976959,0.00256207310996
104,199,2,2,1.57603686636,0.000969525159461
104,202,2,3,1.40092165899,0.000429888568358
104,206,2,2,2.97695852535,0.00186645864032
104,213,2,3,5.42857142857,0.0017608897127
104,217,2,3,3.67741935484,0.00116397794568
104,224,2,2,0.350230414747,0.000211958946899
104,236,2,2,0.350230414747,0.000211958946899
104,239,2,2,0.52534562212,0.000318676096497
104,249,2,2,4.55299539171,0.00291755256319
104,254,2,2,2.07373271889,0.00137984494222
104,257,2,2,0.350230414747,0.000211958946899
104,264,2,2,6.39631336406,0.0047483334753
104,281,2,2,4.02764976959,0.00256207310996
107,35,2,2,0.0737327188941,4.30663221361e-05
107,50,2,2,0.147465437788,8.69414014954e-05
107,63,2,2,0.036866359447,2.14334705075e-05
107,86,2,3,0.184331797235,5.45946890287e-05
107,93,2,2,2.56221198157,0.00322130056447
107,98,2,2,0.811059907834,0.000522317188984
107,102,2,2,0.0552995391705,3.22248002062e-05
107,104,2,3,0.165898617512,4.90196078431e-05
107,105,2,2,0.036866359447,2.14334705075e-05
107,108,2,3,0.571428571429,0.000178062678063
107,109,2,3,0.829493087558,0.000267780634105
107,112,2,2,0.0737327188941,4.30663221361e-05
107,113,2,2,0.036866359447,2.14334705075e-05
107,114,2,2,0.276497695853,0.000165738530894
107,115,2,6,7.39170506912,0.0112514029181
107,116,2,3,0.497695852535,0.000153562653563
107,117,2,2,0.516129032258,0.000319284802043
107,118,2,2,0.184331797235,0.000109189378057
107,119,2,2,0.0921658986175,5.39583872917e-05
107,122,2,3,0.0921658986175,2.69791936459e-05
107,123,2,2,0.036866359447,2.14334705075e-05
107,124,2,3,0.700460829493,0.000222128694351
107,127,2,2,0.258064516129,0.000154320987654
107,129,2,2,0.516129032258,0.000319284802043
107,138,2,3,0.36866359447,0.000111826802648
107,142,2,3,0.460829493088,0.000141492348094
107,143,2,3,0.73732718894,0.000235006580184
107,149,2,2,0.036866359447,2.14334705075e-05
107,155,2,2,0.0552995391705,3.22248002062e-05
107,162,2,2,0.0552995391705,3.22248002062e-05
107,178,2,2,0.626728110599,0.000393518518519
107,184,2,2,0.147465437788,8.69414014954e-05
107,196,2,2,0.423963133641,0.000259079030369
107,199,2,2,0.165898617512,9.80392156863e-05
107,202,2,3,0.147465437788,4.34707007477e-05
107,206,2,2,0.3133640553,0.00018873789857
107,213,2,3,0.571428571429,0.000178062678063
107,217,2,3,0.387096774194,0.000117702448211
107,224,2,2,0.036866359447,2.14334705075e-05
107,236,2,2,0.036866359447,2.14334705075e-05
107,239,2,2,0.0552995391705,3.22248002062e-05
107,249,2,2,0.479262672811,0.000295025417574
107,254,2,2,0.202764976959,0.000120392259872
107,257,2,2,0.036866359447,2.14334705075e-05
107,264,2,2,0.589861751152,0.000368527731712
107,281,2,2,0.423963133641,0.000259079030369
109,35,3,2,0.294930875576,8.7345780107e-05
109,50,3,2,0.589861751152,0.000176331856554
109,63,3,2,0.147465437788,4.34707007477e-05
109,86,3,3,0.73732718894,0.000110727256621
109,93,3,2,3.6866359447,0.00161701989523
109,98,3,2,3.24423963134,0.00105934753822
109,102,3,2,0.221198156682,6.53573412634e-05
109,104,3,3,0.663594470046,9.942004971e-05
109,105,3,2,0.147465437788,4.34707007477e-05
109,108,3,3,2.28571428571,0.000361141206212
109,109,3,3,3.31797235023,0.000543104384663
109,112,3,2,0.294930875576,8.7345780107e-05
109,113,3,2,0.147465437788,4.34707007477e-05
109,114,3,2,1.10599078341,0.000336145752798
109,115,3,6,7.39170506912,0.00103017115955
109,116,3,3,1.99078341014,0.000311451015676
109,117,3,2,2.06451612903,0.000647563542173
109,118,3,2,0.73732718894,0.000221454513243
109,119,3,2,0.36866359447,0.000109436729155
109,122,3,3,0.36866359447,5.47183645775e-05
109,123,3,2,0.147465437788,4.34707007477e-05
109,124,3,3,2.80184331797,0.000450514535022
109,127,3,2,1.03225806452,0.000312989045383
109,129,3,2,2.06451612903,0.000647563542173
109,138,3,3,7.47465437788,0.013539147342
109,142,3,3,1.84331797235,0.000286970396134
109,143,3,3,1.91705069124,0.000402943083741
109,149,3,2,0.147465437788,4.34707007477e-05
109,155,3,2,0.221198156682,6.53573412634e-05
109,162,3,2,0.221198156682,6.53573412634e-05
109,178,3,2,2.5069124424,0.000798122065728
109,184,3,2,0.589861751152,0.000176331856554
109,196,3,2,1.69585253456,0.000525456061593
109,199,3,2,0.663594470046,0.00019884009942
109,202,3,3,0.589861751152,8.8165928277e-05
109,206,3,2,1.2534562212,0.000382792357663
109,213,3,3,6.93087557604,0.00630083228902
109,217,3,3,1.54838709677,0.000238720458343
109,224,3,2,0.147465437788,4.34707007477e-05
109,236,3,2,0.147465437788,4.34707007477e-05
109,239,3,2,0.221198156682,6.53573412634e-05
109,249,3,2,1.91705069124,0.000598361410292
109,254,3,2,0.811059907834,0.000244175851008
109,257,3,2,0.147465437788,4.34707007477e-05
109,264,3,2,2.35944700461,0.000747436526289
109,281,3,2,1.69585253456,0.000525456061593
115,35,2,2,2.96774193548,0.00130183339486
115,50,2,2,18.064516129,0.0243435924187
115,63,2,2,3.48387096774,0.00357142857143
115,86,2,3,13.4193548387,0.0055159799769
115,93,2,2,31.8709677419,0.00929988308265
115,98,2,2,7.35483870968,0.000801420801421
115,102,2,2,2.77419354839,0.0015132356973
115,104,2,3,6.96774193548,0.00419847939176
115,105,2,2,3.48387096774,0.00357142857143
115,108,2,3,33.4838709677,0.0137552103069
115,109,2,3,5.09677419355,0.00195638726585
115,112,2,2,2.96774193548,0.00130183339486
115,113,2,2,0.516129032258,7.83852635704e-05
115,114,2,2,18.1290322581,0.0132946083941
115,115,2,6,371.225806452,0.150218058425
115,116,2,3,47.4193548387,0.0376779376779
115,117,2,2,35.2258064516,0.027750410509
115,118,2,2,10.5806451613,0.00671258859938
115,119,2,2,11.2903225806,0.0151083484417
115,122,2,3,7.29032258065,0.00377453234596
115,123,2,2,0.516129032258,7.83852635704e-05
115,124,2,3,39.2258064516,0.0253343825906
115,127,2,2,24.3870967742,0.0257142857143
115,129,2,2,35.2258064516,0.027750410509
115,138,2,3,24.8387096774,0.0244857792822
115,142,2,3,52.4516129032,0.0351864788295
115,143,2,3,21.8064516129,0.0056922582017
115,149,2,2,4.51612903226,0.00600137174211
115,155,2,2,6.77419354839,0.00902294405775
115,162,2,2,2.77419354839,0.0015132356973
115,178,2,2,55.2258064516,0.057013383131
115,184,2,2,1.93548387097,0.000279454504807
115,196,2,2,43.935483871,0.0519149879353
115,199,2,2,16.3225806452,0.0177083376561
115,202,2,3,13.935483871,0.00724346076459
115,206,2,2,9.61290322581,0.00331402478391
115,213,2,3,42.0,0.0185965961476
115,217,2,3,31.4193548387,0.014728244519
115,224,2,2,0.516129032258,7.83852635704e-05
115,236,2,2,4.51612903226,0.00600137174211
115,239,2,2,1.22580645161,0.000295445152367
115,249,2,2,30.7096774194,0.0226020892688
115,254,2,2,15.1612903226,0.0125594570039
115,257,2,2,3.48387096774,0.00357142857143
115,264,2,2,39.7419354839,0.031214298876
115,281,2,2,43.935483871,0.0519149879353
199,35,2,2,0.0737327188941,4.30663221361e-05
199,50,2,2,0.147465437788,8.69414014954e-05
199,63,2,2,0.036866359447,2.14334705075e-05
199,86,2,3,0.184331797235,5.45946890287e-05
199,93,2,2,1.43778801843,0.00101435705368
199,98,2,2,3.18894009217,0.00807460286627
199,102,2,2,0.0552995391705,3.22248002062e-05
199,104,2,3,0.165898617512,4.90196078431e-05
199,105,2,2,0.036866359447,2.14334705075e-05
199,108,2,3,0.571428571429,0.000178062678063
199,109,2,3,3.20737327189,0.00417170398712
199,112,2,2,0.0737327188941,4.30663221361e-05
199,113,2,2,0.036866359447,2.14334705075e-05
199,114,2,2,0.276497695853,0.000165738530894
199,115,2,6,4.0,0.002664400649
199,116,2,3,0.497695852535,0.000153562653563
199,117,2,2,0.516129032258,0.000319284802043
199,118,2,2,0.184331797235,0.000109189378057
199,119,2,2,0.0921658986175,5.39583872917e-05
199,122,2,3,0.0921658986175,2.69791936459e-05
199,123,2,2,0.036866359447,2.14334705075e-05
199,124,2,3,0.700460829493,0.000222128694351
199,127,2,2,0.258064516129,0.000154320987654
199,129,2,2,0.516129032258,0.000319284802043
199,138,2,3,0.36866359447,0.000111826802648
199,142,2,3,0.460829493088,0.000141492348094
199,143,2,3,0.73732718894,0.000235006580184
199,149,2,2,0.036866359447,2.14334705075e-05
199,155,2,2,0.0552995391705,3.22248002062e-05
199,162,2,2,0.0552995391705,3.22248002062e-05
199,178,2,2,0.626728110599,0.000393518518519
199,184,2,2,0.147465437788,8.69414014954e-05
199,196,2,2,0.423963133641,0.000259079030369
199,199,2,2,0.165898617512,9.80392156863e-05
199,202,2,3,0.147465437788,4.34707007477e-05
199,206,2,2,0.3133640553,0.00018873789857
199,213,2,3,0.571428571429,0.000178062678063
199,217,2,3,0.387096774194,0.000117702448211
199,224,2,2,0.036866359447,2.14334705075e-05
199,236,2,2,0.036866359447,2.14334705075e-05
199,239,2,2,0.0552995391705,3.22248002062e-05
199,249,2,2,0.479262672811,0.000295025417574
199,254,2,2,0.202764976959,0.000120392259872
199,257,2,2,0.036866359447,2.14334705075e-05
199,264,2,2,7.41013824885,0.0581597222222
199,281,2,2,0.423963133641,0.000259079030369
261,35,2,2,0.0737327188941,4.30663221361e-05
261,50,2,2,0.147465437788,8.69414014954e-05
261,63,2,2,0.036866359447,2.14334705075e-05
261,86,2,3,0.184331797235,5.45946890287e-05
261,93,2,2,2.56221198157,0.00322130056447
261,98,2,2,3.18894009217,0.00807460286627
261,102,2,2,0.0552995391705,3.22248002062e-05
261,104,2,3,0.165898617512,4.90196078431e-05
261,105,2,2,0.036866359447,2.14334705075e-05
261,108,2,3,3.46543778802,0.00696900481383
261,109,2,3,0.829493087558,0.000267780634105
261,112,2,2,0.0737327188941,4.30663221361e-05
261,113,2,2,0.036866359447,2.14334705075e-05
261,114,2,2,0.276497695853,0.000165738530894
261,115,2,6,4.53456221198,0.00121158392435
261,116,2,3,3.61290322581,0.0102621560955
261,117,2,2,3.48387096774,0.0145474137931
261,118,2,2,0.184331797235,0.000109189378057
261,119,2,2,0.0921658986175,5.39583872917e-05
261,122,2,3,0.0921658986175,2.69791936459e-05
261,123,2,2,0.036866359447,2.14334705075e-05
261,124,2,3,7.29953917051,0.0317708333333
261,127,2,2,0.258064516129,0.000154320987654
261,129,2,2,3.48387096774,0.0145474137931
261,138,2,3,0.36866359447,0.000111826802648
261,142,2,3,3.61290322581,0.0102591385191
261,143,2,3,3.29953917051,0.00493204599202
261,149,2,2,0.036866359447,2.14334705075e-05
261,155,2,2,0.0552995391705,3.22248002062e-05
261,162,2,2,0.0552995391705,3.22248002062e-05
261,178,2,2,0.626728110599,0.000393518518519
261,184,2,2,0.147465437788,8.69414014954e-05
261,196,2,2,3.57603686636,0.0184323220925
261,199,2,2,0.165898617512,9.80392156863e-05
261,202,2,3,0.147465437788,4.34707007477e-05
261,206,2,2,3.6866359447,0.0261228925356
261,213,2,3,3.81566820276,0.0234241452991
261,217,2,3,0.387096774194,0.000117702448211
261,224,2,2,0.036866359447,2.14334705075e-05
261,236,2,2,0.036866359447,2.14334705075e-05
261,239,2,2,0.0552995391705,3.22248002062e-05
261,249,2,2,3.52073732719,0.015921334702
261,254,2,2,0.202764976959,0.000120392259872
261,257,2,2,0.036866359447,2.14334705075e-05
261,264,2,2,3.41013824885,0.0123172476737
261,281,2,2,3.57603686636,0.0184323220925
272,35,2,2,0.0737327188941,4.30663221361e-05
272,50,2,2,0.147465437788,8.69414014954e-05
272,63,2,2,0.036866359447,2.14334705075e-05
272,86,2,3,0.184331797235,5.45946890287e-05
272,93,2,2,1.43778801843,0.00101435705368
272,98,2,2,0.811059907834,0.000522317188984
272,102,2,2,0.0552995391705,3.22248002062e-05
272,104,2,3,0.165898617512,4.90196078431e-05
272,105,2,2,0.036866359447,2.14334705075e-05
272,108,2,3,3.46543778802,0.00696900481383
272,109,2,3,0.829493087558,0.000267780634105
272,112,2,2,0.0737327188941,4.30663221361e-05
272,113,2,2,3.96313364055,0.247690543553
272,114,2,2,0.276497695853,0.000165738530894
272,115,2,6,3.92626728111,0.00265278374764
272,116,2,3,0.497695852535,0.000153562653563
272,117,2,2,0.516129032258,0.000319284802043
272,118,2,2,0.184331797235,0.000109189378057
272,119,2,2,0.0921658986175,5.39583872917e-05
272,122,2,3,0.0921658986175,2.69791936459e-05
272,123,2,2,0.036866359447,2.14334705075e-05
272,124,2,3,0.700460829493,0.000222128694351
272,127,2,2,0.258064516129,0.000154320987654
272,129,2,2,0.516129032258,0.000319284802043
272,138,2,3,0.36866359447,0.000111826802648
272,142,2,3,0.460829493088,0.000141492348094
272,143,2,3,0.73732718894,0.000235006580184
272,149,2,2,0.036866359447,2.14334705075e-05
272,155,2,2,0.0552995391705,3.22248002062e-05
272,162,2,2,0.0552995391705,3.22248002062e-05
272,178,2,2,0.626728110599,0.000393518518519
272,184,2,2,0.147465437788,8.69414014954e-05
272,196,2,2,0.423963133641,0.000259079030369
272,199,2,2,0.165898617512,9.80392156863e-05
272,202,2,3,0.147465437788,4.34707007477e-05
272,206,2,2,0.3133640553,0.00018873789857
272,213,2,3,0.571428571429,0.000178062678063
272,217,2,3,0.387096774194,0.000117702448211
272,224,2,2,0.036866359447,2.14334705075e-05
272,236,2,2,0.036866359447,2.14334705075e-05
272,239,2,2,0.0552995391705,3.22248002062e-05
272,249,2,2,0.479262672811,0.000295025417574
272,254,2,2,0.202764976959,0.000120392259872
272,257,2,2,0.036866359447,2.14334705075e-05
272,264,2,2,0.589861751152,0.000368527731712
272,281,2,2,0.423963133641,0.000259079030369
301,35,2,2,3.04147465438,0.00136414266452
301,50,2,2,17.9170506912,0.0238920433596
301,63,2,2,3.52073732719,0.00363892699284
301,86,2,3,13.6036866359,0.00565213511667
301,93,2,2,29.3087557604,0.00784639194742
301,98,2,2,10.5437788018,0.00164321777663
301,102,2,2,2.71889400922,0.00145012642386
301,104,2,3,7.04147465438,0.00423007752645
301,105,2,2,3.52073732719,0.00363892699284
301,108,2,3,32.9493087558,0.0133784718347
301,109,2,3,8.30414746544,0.00229688790298
301,112,2,2,3.04147465438,0.00136414266452
301,113,2,2,0.479262672811,6.74300223995e-05
301,114,2,2,18.4055299539,0.0136713438635
301,115,2,6,367.281105991,0.147000432114
301,116,2,3,47.0322580645,0.037168455144
301,117,2,2,34.7096774194,0.0268804741834
301,118,2,2,10.3963133641,0.00646565759675
301,119,2,2,11.198156682,0.0148281038333
301,122,2,3,7.19815668203,0.00368679862572
301,123,2,2,0.479262672811,6.74300223995e-05
301,124,2,3,38.7096774194,0.0250221060931
301,127,2,2,24.6451612903,0.0262002743484
301,129,2,2,34.7096774194,0.0268804741834
301,138,2,3,24.6359447005,0.0243274232575
301,142,2,3,51.9907834101,0.0345076444258
301,143,2,3,21.1059907834,0.00546596193215
301,149,2,2,4.47926267281,0.00589005235602
301,155,2,2,6.71889400922,0.00885557755615
301,162,2,2,2.71889400922,0.00145012642386
301,178,2,2,55.8525345622,0.0581790598729
301,184,2,2,2.08294930876,0.000322907142436
301,196,2,2,43.5115207373,0.0507994139582
301,199,2,2,16.1566820276,0.0173098279739
301,202,2,3,14.0829493088,0.00738035897139
301,206,2,2,9.92626728111,0.00352538692449
301,213,2,3,38.5714285714,0.0162518016891
301,217,2,3,31.0322580645,0.0143404775126
301,224,2,2,0.479262672811,6.74300223995e-05
301,236,2,2,4.47926267281,0.00589005235602
301,239,2,2,1.28110599078,0.000321952227928
301,249,2,2,30.2304147465,0.0218511619349
301,254,2,2,15.3640552995,0.012867628273
301,257,2,2,3.52073732719,0.00363892699284
301,264,2,2,36.331797235,0.0260266077987
301,281,2,2,43.5115207373,0.0507994139582
346,35,2,2,0.221198156682,0.000130406433384
346,50,2,2,0.442396313364,0.000263261813874
346,63,2,2,0.110599078341,6.49013499481e-05
346,86,2,3,0.552995391705,0.000165314759302
346,93,2,2,4.3133640553,0.00307151107844
346,98,2,2,2.4331797235,0.00158159597412
346,102,2,2,0.165898617511,9.75778996899e-05
346,104,2,3,0.497695852535,0.000148433205058
346,105,2,2,0.110599078341,6.49013499481e-05
346,108,2,3,1.71428571429,0.000539180445723
346,109,2,3,2.48847926267,0.00081084977056
346,112,2,2,0.221198156682,0.000130406433384
346,113,2,2,0.110599078341,6.49013499481e-05
346,114,2,2,0.829493087558,0.000501862467379
346,115,2,6,13.6036866359,0.00366872141579
346,116,2,3,1.4930875576,0.000464993455648
346,117,2,2,1.54838709677,0.000966806316468
346,118,2,2,0.552995391705,0.000330629518603
346,119,2,2,19.7235023041,0.831390831391
346,122,2,3,0.276497695853,8.16940069277e-05
346,123,2,2,0.110599078341,6.49013499481e-05
346,124,2,3,2.10138248848,0.000672613990371
346,127,2,2,0.774193548387,0.000467289719626
346,129,2,2,1.54838709677,0.000966806316468
346,138,2,3,1.10599078341,0.00033861573886
346,142,2,3,1.38248847926,0.000428444119462
346,143,2,3,2.21198156682,0.000711608710091
346,149,2,2,0.110599078341,6.49013499481e-05
346,155,2,2,0.165898617511,9.75778996899e-05
346,162,2,2,0.165898617511,9.75778996899e-05
346,178,2,2,1.8801843318,0.00119158878505
346,184,2,2,0.442396313364,0.000263261813874
346,196,2,2,1.27188940092,0.000784500989153
346,199,2,2,3.50230414747,0.014700792051
346,202,2,3,0.442396313364,0.000131630906937
346,206,2,2,0.940092165899,0.000571505412492
346,213,2,3,1.71428571429,0.000539180445723
346,217,2,3,1.16129032258,0.000356407413274
346,224,2,2,0.110599078341,6.49013499481e-05
346,236,2,2,0.110599078341,6.49013499481e-05
346,239,2,2,0.165898617511,9.75778996899e-05
346,249,2,2,1.43778801843,0.000893347993403
346,254,2,2,0.608294930876,0.000364552263538
346,257,2,2,0.110599078341,6.49013499481e-05
346,264,2,2,1.76958525346,0.00111591574836
346,281,2,2,1.27188940092,0.000784500989153
353,35,2,2,0.110599078341,6.47493659958e-05
353,50,2,2,0.221198156682,0.000130714682527
353,63,2,2,0.0552995391705,3.22248002062e-05
353,86,2,3,0.276497695853,8.20820382612e-05
353,93,2,2,1.84331797235,0.00111408125173
353,98,2,2,1.21658986175,0.000785293592718
353,102,2,2,0.0829493087557,4.84493515862e-05
353,104,2,3,0.248847926267,7.37000136482e-05
353,105,2,2,0.0552995391705,3.22248002062e-05
353,108,2,3,0.857142857143,0.00026771372479
353,109,2,3,1.24423963134,0.00040260290232
353,112,2,2,0.110599078341,6.47493659958e-05
353,113,2,2,0.0552995391705,3.22248002062e-05
353,114,2,2,3.58525345622,0.0186206739552
353,115,2,6,6.80184331797,0.00182159253591
353,116,2,3,0.746543778802,0.000230878421134
353,117,2,2,0.774193548387,0.000480038403072
353,118,2,2,0.276497695853,0.000164164076522
353,119,2,2,0.138248847926,8.11253711486e-05
353,122,2,3,0.138248847926,4.05626855743e-05
353,123,2,2,0.0552995391705,3.22248002062e-05
353,124,2,3,1.05069124424,0.000333966111228
353,127,2,2,0.387096774194,0.000232018561485
353,129,2,2,0.774193548387,0.000480038403072
353,138,2,3,3.75115207373,0.0167886538814
353,142,2,3,0.691244239631,0.000212730954907
353,143,2,3,2.94930875576,0.00264004021738
353,149,2,2,0.0552995391705,3.22248002062e-05
353,155,2,2,0.0829493087557,4.84493515862e-05
353,162,2,2,0.0829493087557,4.84493515862e-05
353,178,2,2,0.940092165899,0.000591647331787
353,184,2,2,0.221198156682,0.000130714682527
353,196,2,2,0.635944700461,0.000389520212712
353,199,2,2,3.75115207373,0.0334933705372
353,202,2,3,0.221198156682,6.53573412634e-05
353,206,2,2,0.470046082949,0.000283763708291
353,213,2,3,0.857142857143,0.00026771372479
353,217,2,3,0.58064516129,0.000176963309607
353,224,2,2,0.0552995391705,3.22248002062e-05
353,236,2,2,0.0552995391705,3.22248002062e-05
353,239,2,2,0.0829493087557,4.84493515862e-05
353,249,2,2,0.718894009217,0.000443564896956
353,254,2,2,3.69585253456,0.0267274279714
353,257,2,2,0.0552995391705,3.22248002062e-05
353,264,2,2,0.884792626728,0.00055407417668
353,281,2,2,0.635944700461,0.000389520212712
382,35,2,2,4.47926267281,0.00292675310771
382,50,2,2,16.9585253456,0.0211727883642
382,63,2,2,3.76036866359,0.00410628019324
382,86,2,3,14.801843318,0.00659804323698
382,93,2,2,29.3456221198,0.00778114510118
382,98,2,2,17.2718894009,0.00436178129912
382,102,2,2,2.35944700461,0.00108024782932
382,104,2,3,11.0783410138,0.00566962539491
382,105,2,2,3.76036866359,0.00410628019324
382,108,2,3,61.4746543779,0.042101121385
382,109,2,3,15.1520737327,0.00368343323512
382,112,2,2,4.47926267281,0.00292675310771
382,113,2,2,4.23963133641,0.00521968046478
382,114,2,2,11.797235023,0.00555592857322
382,115,2,6,401.640552995,0.172938856926
382,116,2,3,57.2350230415,0.0373970226911
382,117,2,2,55.3548387097,0.0676283181938
382,118,2,2,9.19815668203,0.00500653460728
382,119,2,2,10.599078341,0.0131404543169
382,122,2,3,6.59907834101,0.00316354574667
382,123,2,2,0.239631336405,1.6675349689e-05
382,124,2,3,72.5529953917,0.0452468418197
382,127,2,2,26.3225806452,0.0295652173913
382,129,2,2,51.3548387097,0.0582076608754
382,138,2,3,38.3963133641,0.022619393273
382,142,2,3,48.9953917051,0.0304234878282
382,143,2,3,72.5529953917,0.0455569578132
382,149,2,2,4.23963133641,0.00521968046478
382,155,2,2,6.35944700461,0.00784768663846
382,162,2,2,1.64055299539,0.0005222560459
382,178,2,2,59.9262672811,0.0662516987613
382,184,2,2,3.04147465438,0.000681036345953
382,196,2,2,48.7557603687,0.0630933638662
382,199,2,2,12.9216589862,0.0109523316004
382,202,2,3,15.0414746544,0.00832823025107
382,206,2,2,28.0368663594,0.0278211731803
382,213,2,3,27.4838709677,0.0155787264739
382,217,2,3,28.5161290323,0.0120182894738
382,224,2,2,0.239631336405,1.6675349689e-05
382,236,2,2,4.23963133641,0.00521968046478
382,239,2,2,1.64055299539,0.0005222560459
382,249,2,2,51.1152073733,0.0617971172009
382,254,2,2,7.31797235023,0.00288768587729
382,257,2,2,3.76036866359,0.00410628019324
382,264,2,2,16.1658986175,0.00509712334534
382,281,2,2,48.7557603687,0.0630933638662
383,35,2,2,3.04147465438,0.00136414266452
383,50,2,2,17.9170506912,0.0238920433596
383,63,2,2,3.52073732719,0.00363892699284
383,86,2,3,13.6036866359,0.00565213511667
383,93,2,2,33.3087557604,0.0101342602982
383,98,2,2,14.5437788018,0.00312649021201
383,102,2,2,2.71889400922,0.00145012642386
383,104,2,3,4.15668202765,0.000676762722412
383,105,2,2,3.52073732719,0.00363892699284
383,108,2,3,40.9493087558,0.0197233053645
383,109,2,3,12.3041474654,0.00289784088703
383,112,2,2,3.04147465438,0.00136414266452
383,113,2,2,0.479262672811,6.74300223995e-05
383,114,2,2,18.4055299539,0.0136713438635
383,115,2,6,375.281105991,0.152999878602
383,116,2,3,47.0322580645,0.0325198451047
383,117,2,2,42.7096774194,0.0406994324569
383,118,2,2,10.3963133641,0.00646565759675
383,119,2,2,11.198156682,0.0148281038333
383,122,2,3,7.19815668203,0.00368679862572
383,123,2,2,0.479262672811,6.74300223995e-05
383,124,2,3,46.7096774194,0.0324501451287
383,127,2,2,24.6451612903,0.0262002743484
383,129,2,2,38.7096774194,0.0334329635648
383,138,2,3,24.6359447005,0.0243274232575
383,142,2,3,51.9907834101,0.0345076444258
383,143,2,3,29.1059907834,0.00881107528241
383,149,2,2,4.47926267281,0.00589005235602
383,155,2,2,6.71889400922,0.00885557755615
383,162,2,2,2.71889400922,0.00145012642386
383,178,2,2,55.8525345622,0.0581790598729
383,184,2,2,2.08294930876,0.000322907142436
383,196,2,2,43.5115207373,0.0507994139582
383,199,2,2,16.1566820276,0.0173098279739
383,202,2,3,14.0829493088,0.00738035897139
383,206,2,2,9.92626728111,0.00352538692449
383,213,2,3,42.5714285714,0.0190439018246
383,217,2,3,31.0322580645,0.0143404775126
383,224,2,2,0.479262672811,6.74300223995e-05
383,236,2,2,4.47926267281,0.00589005235602
383,239,2,2,1.28110599078,0.000321952227928
383,249,2,2,38.2304147465,0.0349465528833
383,254,2,2,15.3640552995,0.012867628273
383,257,2,2,3.52073732719,0.00363892699284
383,264,2,2,40.331797235,0.0320729534839
383,281,2,2,43.5115207373,0.0507994139582
393,35,2,2,0.0737327188941,4.30663221361e-05
393,50,2,2,0.147465437788,8.69414014954e-05
393,63,2,2,0.036866359447,2.14334705075e-05
393,86,2,3,0.184331797235,5.45946890287e-05
393,93,2,2,1.43778801843,0.00101435705368
393,98,2,2,0.811059907834,0.000522317188984
393,102,2,2,0.0552995391705,3.22248002062e-05
393,104,2,3,0.165898617512,4.90196078431e-05
393,105,2,2,0.036866359447,2.14334705075e-05
393,108,2,3,0.571428571429,0.000178062678063
393,109,2,3,0.829493087558,0.000267780634105
393,112,2,2,0.0737327188941,4.30663221361e-05
393,113,2,2,0.036866359447,2.14334705075e-05
393,114,2,2,0.276497695853,0.000165738530894
393,115,2,6,4.60829493088,0.00125805152979
393,116,2,3,0.497695852535,0.000153562653563
393,117,2,2,0.516129032258,0.000319284802043
393,118,2,2,0.184331797235,0.000109189378057
393,119,2,2,0.0921658986175,5.39583872917e-05
393,122,2,3,0.0921658986175,2.69791936459e-05
393,123,2,2,0.036866359447,2.14334705075e-05
393,124,2,3,0.700460829493,0.000222128694351
393,127,2,2,0.258064516129,0.000154320987654
393,129,2,2,0.516129032258,0.000319284802043
393,138,2,3,0.36866359447,0.000111826802648
393,142,2,3,0.460829493088,0.000141492348094
393,143,2,3,0.73732718894,0.000235006580184
393,149,2,2,0.036866359447,2.14334705075e-05
393,155,2,2,0.0552995391705,3.22248002062e-05
393,162,2,2,0.0552995391705,3.22248002062e-05
393,178,2,2,0.626728110599,0.000393518518519
393,184,2,2,3.85253456221,0.05933886498
393,196,2,2,0.423963133641,0.000259079030369
393,199,2,2,0.165898617512,9.80392156863e-05
393,202,2,3,0.147465437788,4.34707007477e-05
393,206,2,2,0.3133640553,0.00018873789857
393,213,2,3,0.571428571429,0.000178062678063
393,217,2,3,0.387096774194,0.000117702448211
393,224,2,2,0.036866359447,2.14334705075e-05
393,236,2,2,0.036866359447,2.14334705075e-05
393,239,2,2,0.0552995391705,3.22248002062e-05
393,249,2,2,0.479262672811,0.000295025417574
393,254,2,2,0.202764976959,0.000120392259872
393,257,2,2,0.036866359447,2.14334705075e-05
393,264,2,2,0.589861751152,0.000368527731712
393,281,2,2,0.423963133641,0.000259079030369
397,35,2,2,3.00460829493,0.00133279491141
397,50,2,2,17.9907834101,0.0241166296022
397,63,2,2,3.50230414747,0.0036050394657
397,86,2,3,13.5115207373,0.00558376202647
397,93,2,2,32.5898617512,0.00971262194905
397,98,2,2,10.9493087558,0.00177407579478
397,102,2,2,2.7465437788,0.00148146220406
397,104,2,3,3.24423963134,0.0012761127747
397,105,2,2,3.50230414747,0.0036050394657
397,108,2,3,37.2165898618,0.0165917522423
397,109,2,3,8.70046082949,0.00232954031686
397,112,2,2,3.00460829493,0.00133279491141
397,113,2,2,0.497695852535,7.27998274374e-05
397,114,2,2,18.267281106,0.0134821324998
397,115,2,6,373.253456221,0.151601673389
397,116,2,3,47.2258064516,0.0343257888448
397,117,2,2,38.9677419355,0.033918955104
397,118,2,2,10.4884792627,0.00658832842235
397,119,2,2,11.2442396313,0.0149674886517
397,122,2,3,7.24423963134,0.00373040821703
397,123,2,2,0.497695852535,7.27998274374e-05
397,124,2,3,42.9677419355,0.0287394000401
397,127,2,2,24.5161290323,0.025956284153
397,129,2,2,34.9677419355,0.0273128588855
397,138,2,3,24.7373271889,0.0244054615631
397,142,2,3,52.2211981567,0.0348452553736
397,143,2,3,25.4562211982,0.00714093400001
397,149,2,2,4.49769585253,0.00594541910331
397,155,2,2,6.7465437788,0.00893882036879
397,162,2,2,2.7465437788,0.00148146220406
397,178,2,2,55.5391705069,0.0575938245445
397,184,2,2,2.00921658986,0.000300794557393
397,196,2,2,43.7235023041,0.0513542363486
397,199,2,2,16.2396313364,0.0175080162637
397,202,2,3,14.0092165899,0.00731162933887
397,206,2,2,9.76958525346,0.00341887582154
397,213,2,3,42.2857142857,0.0188192739099
397,217,2,3,31.2258064516,0.014533273272
397,224,2,2,0.497695852535,7.27998274374e-05
397,236,2,2,4.49769585253,0.00594541910331
397,239,2,2,1.2534562212,0.000308557327669
397,249,2,2,34.4700460829,0.0284424017168
397,254,2,2,15.2626728111,0.0127128869515
397,257,2,2,3.50230414747,0.0036050394657
397,264,2,2,40.0368663594,0.0316417266558
397,281,2,2,43.7235023041,0.0513542363486
442,35,2,2,3.53917050691,0.0026420806385
442,50,2,2,7.07834101382,0.00533377781482
442,63,2,2,1.76958525346,0.00131492439185
442,86,2,3,4.84792626728,0.0011727036117
442,93,2,2,57.0138248848,0.0424704925128
442,98,2,2,38.930875576,0.032043695949
442,102,2,2,2.65437788018,0.00197696289076
442,104,2,3,3.57603686636,0.00237788606567
442,105,2,2,1.76958525346,0.00131492439185
442,108,2,3,27.4285714286,0.0109239872553
442,109,2,3,39.8156682028,0.0164281042272
442,112,2,2,3.53917050691,0.0026420806385
442,113,2,2,1.76958525346,0.00131492439185
442,114,2,2,13.2718894009,0.0101679117651
442,115,2,6,178.65437788,0.0715985798604
442,116,2,3,23.8894009217,0.00942093249786
442,117,2,2,24.7741935484,0.0195878392165
442,118,2,2,19.1520737327,0.0313860958375
442,119,2,2,4.42396313364,0.00331029916829
442,122,2,3,4.42396313364,0.00165514958414
442,123,2,2,1.76958525346,0.00131492439185
442,124,2,3,33.6221198157,0.0136273982428
442,127,2,2,12.3870967742,0.0094674556213
442,129,2,2,24.7741935484,0.0195878392165
442,138,2,3,17.6958525346,0.0068604750879
442,142,2,3,22.1198156682,0.00868042997063
442,143,2,3,35.3917050691,0.0144174451086
442,149,2,2,1.76958525346,0.00131492439185
442,155,2,2,2.65437788018,0.00197696289076
442,162,2,2,1.34562211982,0.000508064971299
442,178,2,2,30.0829493088,0.0241420118343
442,184,2,2,4.92165898618,0.00257866540962
442,196,2,2,20.3502304147,0.0158942685613
442,199,2,2,24.0368663594,0.0548019233992
442,202,2,3,7.07834101382,0.00266688890741
442,206,2,2,4.95852534562,0.00125832157108
442,213,2,3,27.4285714286,0.0109239872553
442,217,2,3,7.50230414747,0.00189787161615
442,224,2,2,2.23041474654,0.00208895486339
442,236,2,2,6.23041474654,0.016300154321
442,239,2,2,2.65437788018,0.00197696289076
442,249,2,2,23.0046082949,0.0180995475113
442,254,2,2,9.73271889401,0.00738595828612
442,257,2,2,1.76958525346,0.00131492439185
442,264,2,2,24.3133640553,0.0166719200012
442,281,2,2,20.3502304147,0.0158942685613
468,35,2,2,2.96774193548,0.00130183339486
468,50,2,2,18.064516129,0.0243435924187
468,63,2,2,3.48387096774,0.00357142857143
468,86,2,3,13.4193548387,0.0055159799769
468,93,2,2,31.8709677419,0.00929988308265
468,98,2,2,7.35483870968,0.000801420801421
468,102,2,2,2.77419354839,0.0015132356973
468,104,2,3,6.96774193548,0.00419847939176
468,105,2,2,3.48387096774,0.00357142857143
468,108,2,3,33.4838709677,0.0137552103069
468,109,2,3,5.09677419355,0.00195638726585
468,112,2,2,6.96774193548,0.00717607973422
468,113,2,2,0.516129032258,7.83852635704e-05
468,114,2,2,18.1290322581,0.0132946083941
468,115,2,6,367.225806452,0.147047531709
468,116,2,3,47.4193548387,0.0376779376779
468,117,2,2,35.2258064516,0.027750410509
468,118,2,2,10.5806451613,0.00671258859938
468,119,2,2,11.2903225806,0.0151083484417
468,122,2,3,7.29032258065,0.00377453234596
468,123,2,2,0.516129032258,7.83852635704e-05
468,124,2,3,39.2258064516,0.0253343825906
468,127,2,2,24.3870967742,0.0257142857143
468,129,2,2,35.2258064516,0.027750410509
468,138,2,3,20.8387096774,0.0195802714781
468,142,2,3,52.4516129032,0.0351864788295
468,143,2,3,21.8064516129,0.0056922582017
468,149,2,2,4.51612903226,0.00600137174211
468,155,2,2,6.77419354839,0.00902294405775
468,162,2,2,2.77419354839,0.0015132356973
468,178,2,2,51.2258064516,0.0490535325241
468,184,2,2,1.93548387097,0.000279454504807
468,196,2,2,43.935483871,0.0519149879353
468,199,2,2,16.3225806452,0.0177083376561
468,202,2,3,13.935483871,0.00724346076459
468,206,2,2,9.61290322581,0.00331402478391
468,213,2,3,42.0,0.0185965961476
468,217,2,3,31.4193548387,0.014728244519
468,224,2,2,0.516129032258,7.83852635704e-05
468,236,2,2,4.51612903226,0.00600137174211
468,239,2,2,1.22580645161,0.000295445152367
468,249,2,2,30.7096774194,0.0226020892688
468,254,2,2,15.1612903226,0.0125594570039
468,257,2,2,3.48387096774,0.00357142857143
468,264,2,2,39.7419354839,0.031214298876
468,281,2,2,43.935483871,0.0519149879353
483,35,2,2,3.96313364055,0.00228295956507
483,50,2,2,15.9262672811,0.0186070551751
483,63,2,2,4.01843317972,0.00467249657064
483,86,2,3,12.0921658986,0.00477167599485
483,93,2,2,27.2811059908,0.00670082964005
483,98,2,2,11.5944700461,0.00195854589968
483,102,2,2,5.97235023041,0.00689669852487
483,104,2,3,9.91705069124,0.00485259139334
483,105,2,2,4.01843317972,0.00467249657064
483,108,2,3,57.732718894,0.0374911785462
483,109,2,3,9.60368663594,0.00296636420805
483,112,2,2,3.96313364055,0.00228295956507
483,113,2,2,3.98156682028,0.0045871559633
483,114,2,2,13.8617511521,0.00764328661973
483,115,2,6,422.02764977,0.18949246912
483,116,2,3,53.7511520737,0.0328652255258
483,117,2,2,51.7419354839,0.0588776553365
483,118,2,2,7.90783410138,0.00368721510588
483,119,2,2,9.95391705069,0.0115480849426
483,122,2,3,9.95391705069,0.00577404247129
483,123,2,2,0.0184331797235,9.8318672053e-08
483,124,2,3,75.6497695853,0.047539616347
483,127,2,2,24.1290322581,0.0247543606297
483,129,2,2,47.7419354839,0.0501262493116
483,138,2,3,39.8156682028,0.0239329876346
483,142,2,3,45.7695852535,0.0265777798755
483,143,2,3,71.6497695853,0.0445804759211
483,149,2,2,3.98156682028,0.0045871559633
483,155,2,2,5.97235023041,0.00689669852487
483,162,2,2,1.97235023041,0.000752174796251
483,178,2,2,64.3133640553,0.0760348646339
483,184,2,2,4.07373271889,0.00121740395368
483,196,2,2,45.7880184332,0.0554476662426
483,199,2,2,17.9170506912,0.0209821910416
483,202,2,3,8.07373271889,0.00315900385892
483,206,2,2,33.8433179724,0.0403933733747
483,213,2,3,30.1935483871,0.0239943542696
483,217,2,3,25.8064516129,0.00985388712681
483,224,2,2,0.0184331797235,9.8318672053e-08
483,236,2,2,3.98156682028,0.0045871559633
483,239,2,2,2.02764976959,0.000794944102947
483,249,2,2,47.7603686636,0.0537589851343
483,254,2,2,9.89861751152,0.0052645986181
483,257,2,2,4.01843317972,0.00467249657064
483,264,2,2,20.2949308756,0.00800476069576
483,281,2,2,45.7880184332,0.0554476662426
506,35,2,2,0.0737327188941,4.30663221361e-05
506,50,2,2,0.147465437788,8.69414014954e-05
506,63,2,2,0.036866359447,2.14334705075e-05
506,86,2,3,0.184331797235,5.45946890287e-05
506,93,2,2,1.43778801843,0.00101435705368
506,98,2,2,3.18894009217,0.00807460286627
506,102,2,2,0.0552995391705,3.22248002062e-05
506,104,2,3,0.165898617512,4.90196078431e-05
506,105,2,2,0.036866359447,2.14334705075e-05
506,108,2,3,3.46543778802,0.00696900481383
506,109,2,3,3.20737327189,0.00417170398712
506,112,2,2,0.0737327188941,4.30663221361e-05
506,113,2,2,0.036866359447,2.14334705075e-05
506,114,2,2,0.276497695853,0.000165738530894
506,115,2,6,1.14285714286,0.000154445900572
506,116,2,3,3.61290322581,0.0102621560955
506,117,2,2,3.48387096774,0.0145474137931
506,118,2,2,0.184331797235,0.000109189378057
506,119,2,2,0.0921658986175,5.39583872917e-05
506,122,2,3,0.0921658986175,2.69791936459e-05
506,123,2,2,0.036866359447,2.14334705075e-05
506,124,2,3,3.48387096774,0.00728932846988
506,127,2,2,0.258064516129,0.000154320987654
506,129,2,2,3.48387096774,0.0145474137931
506,138,2,3,0.36866359447,0.000111826802648
506,142,2,3,3.61290322581,0.0102591385191
506,143,2,3,3.29953917051,0.00493204599202
506,149,2,2,0.036866359447,2.14334705075e-05
506,155,2,2,0.0552995391705,3.22248002062e-05
506,162,2,2,3.94470046083,0.163974105583
506,178,2,2,0.626728110599,0.000393518518519
506,184,2,2,0.147465437788,8.69414014954e-05
506,196,2,2,3.57603686636,0.0184323220925
506,199,2,2,0.165898617512,9.80392156863e-05
506,202,2,3,0.147465437788,4.34707007477e-05
506,206,2,2,0.3133640553,0.00018873789857
506,213,2,3,0.571428571429,0.000178062678063
506,217,2,3,3.76036866359,0.0176131150707
506,224,2,2,0.036866359447,2.14334705075e-05
506,236,2,2,0.036866359447,2.14334705075e-05
506,239,2,2,0.0552995391705,3.22248002062e-05
506,249,2,2,3.52073732719,0.015921334702
506,254,2,2,0.202764976959,0.000120392259872
506,257,2,2,0.036866359447,2.14334705075e-05
506,264,2,2,0.589861751152,0.000368527731712
506,281,2,2,3.57603686636,0.0184323220925
555,35,3,2,1.62211981567,0.000524746571258
555,50,3,2,3.24423963134,0.00105934753822
555,63,3,2,0.811059907834,0.000261158594492
555,86,3,3,31.1705069124,0.17917876149
555,93,3,2,29.5299539171,0.0536603653717
555,98,3,2,17.8433179724,0.00636423405654
555,102,3,2,1.21658986175,0.000392646796359
555,104,3,3,8.23041474654,0.0209813976873
555,105,3,2,0.811059907834,0.000261158594492
555,108,3,3,12.5714285714,0.00216962524655
555,109,3,3,18.2488479263,0.00326280403401
555,112,3,2,1.62211981567,0.000524746571258
555,113,3,2,0.811059907834,0.000261158594492
555,114,3,2,4.83870967742,0.00328838844352
555,115,3,6,91.9953917051,0.0667616387621
555,116,3,3,10.9493087558,0.0018711018711
555,117,3,2,11.3548387097,0.00389036251105
555,118,3,2,4.05529953917,0.00133043057571
555,119,3,2,2.02764976959,0.000657462195924
555,122,3,3,2.02764976959,0.000328731097962
555,123,3,2,0.811059907834,0.000261158594492
555,124,3,3,15.4101382488,0.00270655270655
555,127,3,2,5.67741935484,0.00188034188034
555,129,3,2,9.03225806452,0.00331933392278
555,138,3,3,7.08294930876,0.00324486973038
555,142,3,3,10.1382488479,0.00172402984139
555,143,3,3,12.9861751152,0.00227124821033
555,149,3,2,0.811059907834,0.000261158594492
555,155,3,2,1.21658986175,0.000392646796359
555,162,3,2,1.21658986175,0.000392646796359
555,178,3,2,29.1797235023,0.0986209150327
555,184,3,2,3.24423963134,0.00105934753822
555,196,3,2,9.32718894009,0.00315677833926
555,199,3,2,3.64976958525,0.00119457013575
555,202,3,3,3.24423963134,0.00052967376911
555,206,3,2,14.5161290323,0.0127836192584
555,213,3,3,31.8709677419,0.0822471068129
555,217,3,3,6.21658986175,0.00270700848788
555,224,3,2,0.811059907834,0.000261158594492
555,236,3,2,0.811059907834,0.000261158594492
555,239,3,2,1.21658986175,0.000392646796359
555,249,3,2,10.5437788018,0.00359477124183
555,254,3,2,3.54838709677,0.00413757505956
555,257,3,2,0.811059907834,0.000261158594492
555,264,3,2,8.97695852535,0.00224737689756
555,281,3,2,9.32718894009,0.00315677833926
559,35,2,2,0.0737327188941,4.30663221361e-05
559,50,2,2,0.147465437788,8.69414014954e-05
559,63,2,2,0.036866359447,2.14334705075e-05
559,86,2,3,0.184331797235,5.45946890287e-05
559,93,2,2,6.56221198157,0.0211301044634
559,98,2,2,0.811059907834,0.000522317188984
559,102,2,2,0.0552995391705,3.22248002062e-05
559,104,2,3,0.165898617512,4.90196078431e-05
559,105,2,2,0.036866359447,2.14334705075e-05
559,108,2,3,0.571428571429,0.000178062678063
559,109,2,3,0.829493087558,0.000267780634105
559,112,2,2,0.0737327188941,4.30663221361e-05
559,113,2,2,0.036866359447,2.14334705075e-05
559,114,2,2,3.72350230415,0.0300568667315
559,115,2,6,4.53456221198,0.00121158392435
559,116,2,3,0.497695852535,0.000153562653563
559,117,2,2,0.516129032258,0.000319284802043
559,118,2,2,0.184331797235,0.000109189378057
559,119,2,2,0.0921658986175,5.39583872917e-05
559,122,2,3,0.0921658986175,2.69791936459e-05
559,123,2,2,0.036866359447,2.14334705075e-05
559,124,2,3,0.700460829493,0.000222128694351
559,127,2,2,0.258064516129,0.000154320987654
559,129,2,2,0.516129032258,0.000319284802043
559,138,2,3,3.83410138249,0.0261982241904
559,142,2,3,3.92626728111,0.0610886138278
559,143,2,3,3.29953917051,0.00493204599202
559,149,2,2,0.036866359447,2.14334705075e-05
559,155,2,2,0.0552995391705,3.22248002062e-05
559,162,2,2,0.0552995391705,3.22248002062e-05
559,178,2,2,0.626728110599,0.000393518518519
559,184,2,2,0.147465437788,8.69414014954e-05
559,196,2,2,0.423963133641,0.000259079030369
559,199,2,2,0.165898617512,9.80392156863e-05
559,202,2,3,0.147465437788,4.34707007477e-05
559,206,2,2,0.3133640553,0.00018873789857
559,213,2,3,0.571428571429,0.000178062678063
559,217,2,3,0.387096774194,0.000117702448211
559,224,2,2,0.036866359447,2.14334705075e-05
559,236,2,2,0.036866359447,2.14334705075e-05
559,239,2,2,0.0552995391705,3.22248002062e-05
559,249,2,2,0.479262672811,0.000295025417574
559,254,2,2,3.79723502304,0.0422228590077
559,257,2,2,0.036866359447,2.14334705075e-05
559,264,2,2,0.589861751152,0.000368527731712
559,281,2,2,0.423963133641,0.000259079030369
611,35,2,2,0.147465437788,8.65332612223e-05
611,50,2,2,0.294930875576,0.000174691560214
611,63,2,2,0.0737327188941,4.30663221361e-05
611,86,2,3,0.36866359447,0.00010969723563
611,93,2,2,2.87557603687,0.00203814998693
611,98,2,2,1.62211981567,0.00104949314252
611,102,2,2,0.110599078341,6.47493659958e-05
611,104,2,3,0.331797235023,9.84952120383e-05
611,105,2,2,0.0737327188941,4.30663221361e-05
611,108,2,3,1.14285714286,0.000357781753131
611,109,2,3,1.65898617512,0.000538052250852
611,112,2,2,0.147465437788,8.65332612223e-05
611,113,2,2,0.0737327188941,4.30663221361e-05
611,114,2,2,0.552995391705,0.000333018815563
611,115,2,6,9.06912442396,0.00243443839683
611,116,2,3,0.995391705069,0.000308553796926
611,117,2,2,1.03225806452,0.000641539695269
611,118,2,2,0.36866359447,0.000219394471259
611,119,2,2,0.184331797235,0.00010841871307
611,122,2,3,0.184331797235,5.42093565349e-05
611,123,2,2,0.0737327188941,4.30663221361e-05
611,124,2,3,1.40092165899,0.000446323702138
611,127,2,2,0.516129032258,0.00031007751938
611,129,2,2,1.03225806452,0.000641539695269
611,138,2,3,0.73732718894,0.000224693854623
611,142,2,3,0.921658986175,0.000284300904077
611,143,2,3,1.47465437788,0.000472199268091
611,149,2,2,0.0737327188941,4.30663221361e-05
611,155,2,2,0.110599078341,6.47493659958e-05
611,162,2,2,0.110599078341,6.47493659958e-05
611,178,2,2,1.2534562212,0.000790697674419
611,184,2,2,0.294930875576,0.000174691560214
611,196,2,2,0.847926267281,0.000520568098229
611,199,2,2,0.331797235023,0.000196990424077
611,202,2,3,0.294930875576,8.7345780107e-05
611,206,2,2,0.626728110599,0.000379231498522
611,213,2,3,1.14285714286,0.000357781753131
611,217,2,3,7.70506912442,0.0596521482065
611,224,2,2,0.0737327188941,4.30663221361e-05
611,236,2,2,0.0737327188941,4.30663221361e-05
611,239,2,2,0.110599078341,6.47493659958e-05
611,249,2,2,0.958525345622,0.000592795257638
611,254,2,2,0.405529953917,0.000241904447743
611,257,2,2,0.0737327188941,4.30663221361e-05
611,264,2,2,1.1797235023,0.00074048362837
611,281,2,2,0.847926267281,0.000520568098229
627,35,2,2,0.147465437788,8.65332612223e-05
627,50,2,2,0.294930875576,0.000174691560214
627,63,2,2,0.0737327188941,4.30663221361e-05
627,86,2,3,0.36866359447,0.00010969723563
627,93,2,2,2.87557603687,0.00203814998693
627,98,2,2,1.62211981567,0.00104949314252
627,102,2,2,0.110599078341,6.47493659958e-05
627,104,2,3,0.331797235023,9.84952120383e-05
627,105,2,2,0.0737327188941,4.30663221361e-05
627,108,2,3,1.14285714286,0.000357781753131
627,109,2,3,1.65898617512,0.000538052250852
627,112,2,2,0.147465437788,8.65332612223e-05
627,113,2,2,0.0737327188941,4.30663221361e-05
627,114,2,2,3.44700460829,0.0129392610683
627,115,2,6,5.06912442396,0.000829685046146
627,116,2,3,0.995391705069,0.000308553796926
627,117,2,2,1.03225806452,0.000641539695269
627,118,2,2,0.36866359447,0.000219394471259
627,119,2,2,0.184331797235,0.00010841871307
627,122,2,3,0.184331797235,5.42093565349e-05
627,123,2,2,0.0737327188941,4.30663221361e-05
627,124,2,3,1.40092165899,0.000446323702138
627,127,2,2,0.516129032258,0.00031007751938
627,129,2,2,1.03225806452,0.000641539695269
627,138,2,3,11.5944700461,0.0988776797296
627,142,2,3,0.921658986175,0.000284300904077
627,143,2,3,1.47465437788,0.000472199268091
627,149,2,2,0.0737327188941,4.30663221361e-05
627,155,2,2,0.110599078341,6.47493659958e-05
627,162,2,2,0.110599078341,6.47493659958e-05
627,178,2,2,2.7465437788,0.00379634062927
627,184,2,2,0.294930875576,0.000174691560214
627,196,2,2,0.847926267281,0.000520568098229
627,199,2,2,0.331797235023,0.000196990424077
627,202,2,3,0.294930875576,8.7345780107e-05
627,206,2,2,0.626728110599,0.000379231498522
627,213,2,3,1.14285714286,0.000357781753131
627,217,2,3,0.774193548387,0.000236499802917
627,224,2,2,0.0737327188941,4.30663221361e-05
627,236,2,2,0.0737327188941,4.30663221361e-05
627,239,2,2,0.110599078341,6.47493659958e-05
627,249,2,2,0.958525345622,0.000592795257638
627,254,2,2,0.405529953917,0.000241904447743
627,257,2,2,0.0737327188941,4.30663221361e-05
627,264,2,2,1.1797235023,0.00074048362837
627,281,2,2,0.847926267281,0.000520568098229
639,35,2,2,2.96774193548,0.00130183339486
639,50,2,2,18.064516129,0.0243435924187
639,63,2,2,3.48387096774,0.00357142857143
639,86,2,3,13.4193548387,0.0055159799769
639,93,2,2,31.8709677419,0.00929988308265
639,98,2,2,7.35483870968,0.000801420801421
639,102,2,2,2.77419354839,0.0015132356973
639,104,2,3,6.96774193548,0.00419847939176
639,105,2,2,3.48387096774,0.00357142857143
639,108,2,3,33.4838709677,0.0137552103069
639,109,2,3,5.09677419355,0.00195638726585
639,112,2,2,2.96774193548,0.00130183339486
639,113,2,2,0.516129032258,7.83852635704e-05
639,114,2,2,18.1290322581,0.0132946083941
639,115,2,6,371.225806452,0.150218058425
639,116,2,3,47.4193548387,0.0376779376779
639,117,2,2,35.2258064516,0.027750410509
639,118,2,2,10.5806451613,0.00671258859938
639,119,2,2,11.2903225806,0.0151083484417
639,122,2,3,7.29032258065,0.00377453234596
639,123,2,2,0.516129032258,7.83852635704e-05
639,124,2,3,39.2258064516,0.0253343825906
639,127,2,2,24.3870967742,0.0257142857143
639,129,2,2,35.2258064516,0.027750410509
639,138,2,3,24.8387096774,0.0244857792822
639,142,2,3,52.4516129032,0.0351864788295
639,143,2,3,21.8064516129,0.0056922582017
639,149,2,2,4.51612903226,0.00600137174211
639,155,2,2,6.77419354839,0.00902294405775
639,162,2,2,2.77419354839,0.0015132356973
639,178,2,2,55.2258064516,0.057013383131
639,184,2,2,1.93548387097,0.000279454504807
639,196,2,2,43.935483871,0.0519149879353
639,199,2,2,16.3225806452,0.0177083376561
639,202,2,3,13.935483871,0.00724346076459
639,206,2,2,9.61290322581,0.00331402478391
639,213,2,3,42.0,0.0185965961476
639,217,2,3,31.4193548387,0.014728244519
639,224,2,2,0.516129032258,7.83852635704e-05
639,236,2,2,4.51612903226,0.00600137174211
639,239,2,2,1.22580645161,0.000295445152367
639,249,2,2,30.7096774194,0.0226020892688
639,254,2,2,15.1612903226,0.0125594570039
639,257,2,2,3.48387096774,0.00357142857143
639,264,2,2,39.7419354839,0.031214298876
639,281,2,2,43.935483871,0.0519149879353
640,35,2,2,0.147465437788,8.65332612223e-05
640,50,2,2,0.294930875576,0.000174691560214
640,63,2,2,0.0737327188941,4.30663221361e-05
640,86,2,3,0.36866359447,0.00010969723563
640,93,2,2,13.1244239631,0.0424567680382
640,98,2,2,1.62211981567,0.00104949314252
640,102,2,2,0.110599078341,6.47493659958e-05
640,104,2,3,0.331797235023,9.84952120383e-05
640,105,2,2,0.0737327188941,4.30663221361e-05
640,108,2,3,1.14285714286,0.000357781753131
640,109,2,3,1.65898617512,0.000538052250852
640,112,2,2,0.147465437788,8.65332612223e-05
640,113,2,2,0.0737327188941,4.30663221361e-05
640,114,2,2,11.4470046083,0.142695232281
640,115,2,6,11.8894009217,0.149809150657
640,116,2,3,0.995391705069,0.000308553796926
640,117,2,2,1.03225806452,0.000641539695269
640,118,2,2,0.36866359447,0.000219394471259
640,119,2,2,0.184331797235,0.00010841871307
640,122,2,3,0.184331797235,5.42093565349e-05
640,123,2,2,0.0737327188941,4.30663221361e-05
640,124,2,3,1.40092165899,0.000446323702138
640,127,2,2,3.48387096774,0.0141279069767
640,129,2,2,1.03225806452,0.000641539695269
640,138,2,3,0.73732718894,0.000224693854623
640,142,2,3,0.921658986175,0.000284300904077
640,143,2,3,1.47465437788,0.000472199268091
640,149,2,2,0.0737327188941,4.30663221361e-05
640,155,2,2,0.110599078341,6.47493659958e-05
640,162,2,2,0.110599078341,6.47493659958e-05
640,178,2,2,1.2534562212,0.000790697674419
640,184,2,2,0.294930875576,0.000174691560214
640,196,2,2,0.847926267281,0.000520568098229
640,199,2,2,0.331797235023,0.000196990424077
640,202,2,3,0.294930875576,8.7345780107e-05
640,206,2,2,0.626728110599,0.000379231498522
640,213,2,3,1.14285714286,0.000357781753131
640,217,2,3,0.774193548387,0.000236499802917
640,224,2,2,0.0737327188941,4.30663221361e-05
640,236,2,2,0.0737327188941,4.30663221361e-05
640,239,2,2,0.110599078341,6.47493659958e-05
640,249,2,2,0.958525345622,0.000592795257638
640,254,2,2,0.405529953917,0.000241904447743
640,257,2,2,7.92626728111,0.497685185185
640,264,2,2,1.1797235023,0.00074048362837
640,281,2,2,0.847926267281,0.000520568098229
719,35,2,2,0.958525345622,0.000592795257638
719,50,2,2,1.91705069124,0.00119672282058
719,63,2,2,0.479262672811,0.000295025417574
719,86,2,3,2.39631336406,0.000751479837218
719,93,2,2,33.3087557604,0.0443402548285
719,98,2,2,2.54377880184,0.000418472929785
719,102,2,2,0.718894009217,0.000443564896956
719,104,2,3,3.04147465438,0.00333405420992
719,105,2,2,0.479262672811,0.000295025417574
719,108,2,3,3.42857142857,0.000567611251805
719,109,2,3,2.78341013825,0.0003301510072
719,112,2,2,0.958525345622,0.000592795257638
719,113,2,2,0.479262672811,0.000295025417574
719,114,2,2,8.40552995392,0.0124752967095
719,115,2,6,47.2811059908,0.0430451018044
719,116,2,3,5.03225806452,0.00295980626863
719,117,2,2,2.70967741935,0.000716765486035
719,118,2,2,2.39631336406,0.00150295967444
719,119,2,2,1.19815668203,0.000742721330957
719,122,2,3,1.19815668203,0.000371360665478
719,123,2,2,0.479262672811,0.000295025417574
719,124,2,3,5.10599078341,0.00115359858007
719,127,2,2,4.64516129032,0.00407239819005
719,129,2,2,2.70967741935,0.000716765486035
719,138,2,3,4.79262672811,0.00153926304821
719,142,2,3,5.99078341014,0.00194760055611
719,143,2,3,5.58525345622,0.0011252276245
719,149,2,2,0.479262672811,0.000295025417574
719,155,2,2,0.718894009217,0.000443564896956
719,162,2,2,0.718894009217,0.000443564896956
719,178,2,2,8.14746543779,0.00541666666667
719,184,2,2,1.91705069124,0.00119672282058
719,196,2,2,5.51152073733,0.00356614665331
719,199,2,2,2.15668202765,0.00134948096886
719,202,2,3,6.08294930876,0.00943392886226
719,206,2,2,4.07373271889,0.00259792166267
719,213,2,3,7.42857142857,0.00245098039216
719,217,2,3,1.91705069124,0.00066762237941
719,224,2,2,0.479262672811,0.000295025417574
719,236,2,2,0.479262672811,0.000295025417574
719,239,2,2,0.718894009217,0.000443564896956
719,249,2,2,2.23041474654,0.000520431661468
719,254,2,2,2.63594470046,0.00165716404765
719,257,2,2,7.52073732719,0.0726495726496
719,264,2,2,3.66820276498,0.00116079786775
719,281,2,2,5.51152073733,0.00356614665331
