HA site,NP site,N alleles HA,N alleles NP,Chi,ChiSqDf
52,21,2,2,0.626728110599,0.000379231498522
52,22,2,3,0.479262672811,0.000143622603988
52,23,2,2,11.7419354839,0.31570720549
52,29,2,2,0.0737327188941,4.30663221361e-05
52,42,2,2,0.258064516129,0.000152497140679
52,53,2,2,0.0737327188941,4.30663221361e-05
52,54,2,2,0.147465437788,8.65332612223e-05
52,56,2,2,0.0737327188941,4.30663221361e-05
52,58,2,3,1.73271889401,0.000564869899645
52,60,2,3,3.85253456221,0.00108461633218
52,63,2,3,11.3732718894,0.0624456439131
52,64,2,2,0.147465437788,8.65332612223e-05
52,65,2,2,0.147465437788,8.65332612223e-05
52,68,2,3,0.442396313364,0.00013226055329
52,95,2,2,11.8525345622,0.559017036236
52,112,2,2,1.62211981567,0.00104949314252
52,113,2,2,0.0737327188941,4.30663221361e-05
52,128,2,2,0.0737327188941,4.30663221361e-05
52,133,2,2,0.0737327188941,4.30663221361e-05
52,135,2,3,0.147465437788,4.32666306111e-05
52,142,2,2,0.294930875576,0.000174691560214
52,158,2,2,0.184331797235,0.00010841871307
52,171,2,2,8.23963133641,0.0137217131179
52,192,2,2,0.0737327188941,4.30663221361e-05
52,233,2,3,7.0599078341,0.00462604213417
52,242,2,2,0.0737327188941,4.30663221361e-05
52,244,2,3,0.258064516129,7.62485703393e-05
52,324,2,2,0.0737327188941,4.30663221361e-05
52,374,2,3,8.42396313364,0.00743467155604
52,454,2,2,0.184331797235,0.00010841871307
52,463,2,2,0.0737327188941,4.30663221361e-05
52,489,2,2,0.258064516129,0.000152497140679
55,21,2,2,17.0783410138,0.0136727541044
55,22,2,3,13.0599078341,0.00517814726841
55,23,2,2,4.96774193548,0.0027437324294
55,29,2,2,5.99078341014,0.0138039415562
55,42,2,2,3.03225806452,0.00102224741719
55,53,2,2,2.00921658986,0.00155270655271
55,54,2,2,4.01843317972,0.0031198568873
55,56,2,2,5.99078341014,0.0138039415562
55,58,2,3,47.2165898618,0.0203657324588
55,60,2,3,152.02764977,0.0816969490358
55,63,2,3,23.9078341014,0.0124850980352
55,64,2,2,4.01843317972,0.0031198568873
55,65,2,2,4.01843317972,0.0031198568873
55,68,2,3,12.0552995392,0.00476850164054
55,95,2,2,4.01843317972,0.0031198568873
55,112,2,2,127.797235023,0.316282562885
55,113,2,2,1.99078341014,0.00152434721242
55,128,2,2,5.99078341014,0.0138039415562
55,133,2,2,1.99078341014,0.00152434721242
55,135,2,3,4.01843317972,0.00155992844365
55,142,2,2,19.9631336406,0.0388604172672
55,158,2,2,5.02304147465,0.00390891160122
55,171,2,2,102.470046083,0.103039851715
55,192,2,2,1.99078341014,0.00152434721242
55,233,2,3,134.617511521,0.0801980714403
55,242,2,2,5.99078341014,0.0138039415562
55,244,2,3,5.02304147465,0.00269884424494
55,324,2,2,2.00921658986,0.00155270655271
55,374,2,3,97.4470046083,0.0553281410752
55,454,2,2,2.97695852535,0.00137299162846
55,463,2,2,5.99078341014,0.0138039415562
55,489,2,2,4.96774193548,0.0027437324294
57,21,2,2,0.626728110599,0.000379231498522
57,22,2,3,0.479262672811,0.000143622603988
57,23,2,2,0.258064516129,0.000152497140679
57,29,2,2,0.0737327188941,4.30663221361e-05
57,42,2,2,0.258064516129,0.000152497140679
57,53,2,2,0.0737327188941,4.30663221361e-05
57,54,2,2,7.85253456221,0.245370470525
57,56,2,2,0.0737327188941,4.30663221361e-05
57,58,2,3,10.4516129032,0.0227097229734
57,60,2,3,3.85253456221,0.00108461633218
57,63,2,3,0.73732718894,0.000224693854623
57,64,2,2,0.147465437788,8.65332612223e-05
57,65,2,2,0.147465437788,8.65332612223e-05
57,68,2,3,0.442396313364,0.00013226055329
57,95,2,2,0.147465437788,8.65332612223e-05
57,112,2,2,1.62211981567,0.00104949314252
57,113,2,2,0.0737327188941,4.30663221361e-05
57,128,2,2,0.0737327188941,4.30663221361e-05
57,133,2,2,0.0737327188941,4.30663221361e-05
57,135,2,3,0.147465437788,4.32666306111e-05
57,142,2,2,0.294930875576,0.000174691560214
57,158,2,2,0.184331797235,0.00010841871307
57,171,2,2,8.23963133641,0.0137217131179
57,192,2,2,0.0737327188941,4.30663221361e-05
57,233,2,3,7.0599078341,0.00470471475765
57,242,2,2,0.0737327188941,4.30663221361e-05
57,244,2,3,0.258064516129,7.62485703393e-05
57,324,2,2,0.0737327188941,4.30663221361e-05
57,374,2,3,8.42396313364,0.00743467155604
57,454,2,2,0.184331797235,0.00010841871307
57,463,2,2,0.0737327188941,4.30663221361e-05
57,489,2,2,11.7419354839,0.31570720549
63,21,3,2,39.2442396313,0.0293957685676
63,22,3,3,33.069124424,0.0134850717099
63,23,3,2,6.1935483871,0.00220199098523
63,29,3,2,5.08755760369,0.00404360056259
63,42,3,2,5.16129032258,0.00122770050586
63,53,3,2,5.08755760369,0.00404360056259
63,54,3,2,9.8064516129,0.00736434108527
63,56,3,2,6.00921658986,0.00698731138546
63,58,3,3,81.4562211982,0.0303023476096
63,60,3,3,295.714285714,0.12697862389
63,63,3,3,24.0921658986,0.0064409555957
63,64,3,2,10.1751152074,0.00812481601413
63,65,3,2,10.1751152074,0.00812481601413
63,68,3,3,30.5253456221,0.0124182614434
63,95,3,2,5.8064516129,0.00290605681484
63,112,3,2,128.202764977,0.160163871622
63,113,3,2,3.09677419355,0.0016003205796
63,128,3,2,6.00921658986,0.00698731138546
63,133,3,2,6.00921658986,0.00698731138546
63,135,3,3,10.1751152074,0.00406240800707
63,142,3,2,20.0368663594,0.0199023243619
63,158,3,2,12.7188940092,0.010179693724
63,171,3,2,97.5299539171,0.0520585312763
63,192,3,2,1.99078341014,0.000769773597437
63,233,3,3,273.456221198,0.12179035175
63,242,3,2,6.00921658986,0.00698731138546
63,244,3,3,14.8110599078,0.00590040003689
63,324,3,2,4.90322580645,0.00366512345679
63,374,3,3,92.5529953917,0.0257676876923
63,454,3,2,8.71889400922,0.00535381948884
63,463,3,2,6.00921658986,0.00698731138546
63,489,3,2,6.1935483871,0.00220199098523
67,21,2,2,0.3133640553,0.00018873789857
67,22,2,3,0.239631336406,7.14788422627e-05
67,23,2,2,0.129032258064,7.58955676988e-05
67,29,2,2,0.036866359447,2.14334705075e-05
67,42,2,2,0.129032258064,7.58955676988e-05
67,53,2,2,0.036866359447,2.14334705075e-05
67,54,2,2,0.0737327188941,4.30663221361e-05
67,56,2,2,0.036866359447,2.14334705075e-05
67,58,2,3,0.866359447005,0.000281127380611
67,60,2,3,4.11059907834,0.00244646305073
67,63,2,3,0.36866359447,0.000111826802648
67,64,2,2,0.0737327188941,4.30663221361e-05
67,65,2,2,0.0737327188941,4.30663221361e-05
67,68,2,3,0.221198156682,6.58241179568e-05
67,95,2,2,0.0737327188941,4.30663221361e-05
67,112,2,2,0.811059907834,0.000522317188984
67,113,2,2,0.036866359447,2.14334705075e-05
67,128,2,2,0.036866359447,2.14334705075e-05
67,133,2,2,0.036866359447,2.14334705075e-05
67,135,2,3,0.0737327188941,2.1533161068e-05
67,142,2,2,0.147465437788,8.69414014954e-05
67,158,2,2,0.0921658986175,5.39583872917e-05
67,171,2,2,1.8801843318,0.00142235609103
67,192,2,2,0.036866359447,2.14334705075e-05
67,233,2,3,5.10599078341,0.00408410002359
67,242,2,2,0.036866359447,2.14334705075e-05
67,244,2,3,0.129032258064,3.79477838494e-05
67,324,2,2,0.036866359447,2.14334705075e-05
67,374,2,3,1.8801843318,0.000711178045515
67,454,2,2,0.0921658986175,5.39583872917e-05
67,463,2,2,0.036866359447,2.14334705075e-05
67,489,2,2,0.129032258064,7.58955676988e-05
71,21,5,2,26.0829493088,0.00623446047022
71,22,5,3,18.7419354839,0.00502064090873
71,23,5,2,5.29032258065,0.00127160469932
71,29,5,2,5.97235023041,0.00340909090909
71,42,5,2,4.1935483871,0.000865453473501
71,53,5,2,3.53917050691,0.000918273645546
71,54,5,2,7.07834101382,0.00184508937152
71,56,5,2,5.97235023041,0.00340909090909
71,58,5,3,77.2488479263,0.0186073616306
71,60,5,3,157.99078341,0.0366398551024
71,63,5,3,26.267281106,0.00383989111029
71,64,5,2,5.60368663594,0.00259901831783
71,65,5,2,7.07834101382,0.00184508937152
71,68,5,3,19.2718894009,0.00559756916931
71,95,5,2,4.68202764977,0.00099090391638
71,112,5,2,127.391705069,0.0781022558709
71,113,5,2,4.77419354839,0.0019161972287
71,128,5,2,5.97235023041,0.00340909090909
71,133,5,2,5.97235023041,0.00340909090909
71,135,5,3,5.51152073733,0.00110535342036
71,142,5,2,19.8894009217,0.00961859310131
71,158,5,2,17.0046082949,0.0165411511565
71,171,5,2,178.617511521,0.0619971377977
71,192,5,2,1.97235023041,0.000503137434956
71,233,5,3,302.184331797,0.0825491406736
71,242,5,2,5.97235023041,0.00340909090909
71,244,5,3,9.60368663594,0.00140611996052
71,324,5,2,3.53917050691,0.000918273645546
71,374,5,3,167.705069124,0.0298400120461
71,454,5,2,13.0046082949,0.00999722887835
71,463,5,2,5.97235023041,0.00340909090909
71,489,5,2,5.29032258065,0.00127160469932
73,21,4,2,6.96774193548,0.00118834042871
73,22,4,3,8.38709677419,0.000989707046714
73,23,4,2,4.51612903226,0.0010508617066
73,29,4,2,1.29032258065,0.000296771130104
73,42,4,2,4.51612903226,0.0010508617066
73,53,4,2,1.29032258065,0.000296771130104
73,54,4,2,2.58064516129,0.000596302921884
73,56,4,2,1.29032258065,0.000296771130104
73,58,4,3,24.8847926267,0.0116989359847
73,60,4,3,102.949308756,0.0287799435094
73,63,4,3,12.9032258065,0.00154837111359
73,64,4,2,2.58064516129,0.000596302921884
73,65,4,2,2.58064516129,0.000596302921884
73,68,4,3,7.8064516129,0.00438605628179
73,95,4,2,2.58064516129,0.000596302921884
73,112,4,2,24.3870967742,0.00539274649852
73,113,4,2,1.29032258065,0.000296771130104
73,128,4,2,1.29032258065,0.000296771130104
73,133,4,2,1.29032258065,0.000296771130104
73,135,4,3,2.58064516129,0.000298151460942
73,142,4,2,5.16129032258,0.00120380402071
73,158,4,2,3.22580645161,0.000747116131732
73,171,4,2,47.0046082949,0.0134410946955
73,192,4,2,3.11520737327,0.00240508270022
73,233,4,3,128.0,0.0427295909475
73,242,4,2,1.29032258065,0.000296771130104
73,244,4,3,4.51612903226,0.0005254308533
73,324,4,2,1.29032258065,0.000296771130104
73,374,4,3,47.465437788,0.00688048443917
73,454,4,2,3.22580645161,0.000747116131732
73,463,4,2,1.29032258065,0.000296771130104
73,489,4,2,4.51612903226,0.0010508617066
83,21,2,2,3.6866359447,0.0261228925356
83,22,2,3,0.239631336406,7.14788422627e-05
83,23,2,2,0.129032258064,7.58955676988e-05
83,29,2,2,0.036866359447,2.14334705075e-05
83,42,2,2,0.129032258064,7.58955676988e-05
83,53,2,2,0.036866359447,2.14334705075e-05
83,54,2,2,0.0737327188941,4.30663221361e-05
83,56,2,2,0.036866359447,2.14334705075e-05
83,58,2,3,0.866359447005,0.000281127380611
83,60,2,3,3.92626728111,0.00223102061337
83,63,2,3,0.36866359447,0.000111826802648
83,64,2,2,0.0737327188941,4.30663221361e-05
83,65,2,2,0.0737327188941,4.30663221361e-05
83,68,2,3,0.221198156682,6.58241179568e-05
83,95,2,2,0.0737327188941,4.30663221361e-05
83,112,2,2,0.811059907834,0.000522317188984
83,113,2,2,0.036866359447,2.14334705075e-05
83,128,2,2,0.036866359447,2.14334705075e-05
83,133,2,2,0.036866359447,2.14334705075e-05
83,135,2,3,0.0737327188941,2.1533161068e-05
83,142,2,2,0.147465437788,8.69414014954e-05
83,158,2,2,0.0921658986175,5.39583872917e-05
83,171,2,2,1.8801843318,0.00142235609103
83,192,2,2,0.036866359447,2.14334705075e-05
83,233,2,3,5.52995391705,0.0051824212272
83,242,2,2,0.036866359447,2.14334705075e-05
83,244,2,3,3.90783410138,0.0485048573163
83,324,2,2,0.036866359447,2.14334705075e-05
83,374,2,3,1.8801843318,0.000711178045515
83,454,2,2,0.0921658986175,5.39583872917e-05
83,463,2,2,0.036866359447,2.14334705075e-05
83,489,2,2,0.129032258064,7.58955676988e-05
88,21,3,2,25.2995391705,0.0201888258997
88,22,3,3,15.8433179724,0.00486197897339
88,23,3,2,0.58064516129,0.000157593482803
88,29,3,2,4.55299539171,0.00305753614577
88,42,3,2,0.58064516129,0.000157593482803
88,53,3,2,7.85253456221,0.123263888889
88,54,3,2,7.18894009217,0.00379488177484
88,56,3,2,4.55299539171,0.00305753614577
88,58,3,3,75.668202765,0.0251100805952
88,60,3,3,14.9815668203,0.00349485132807
88,63,3,3,17.5299539171,0.00245413808443
88,64,3,2,1.10599078341,0.000159017670422
88,65,3,2,7.70506912442,0.0605417436995
88,68,3,3,18.0460829493,0.00628558836838
88,95,3,2,3.18894009217,0.00077440460735
88,112,3,2,96.1658986175,0.0686794269134
88,113,3,2,4.55299539171,0.00305753614577
88,128,3,2,4.55299539171,0.00305753614577
88,133,3,2,4.55299539171,0.00305753614577
88,135,3,3,3.66820276498,0.000982933178756
88,142,3,2,14.2119815668,0.00756130057442
88,158,3,2,11.3824884793,0.00769729379355
88,171,3,2,179.31797235,0.12069220458
88,192,3,2,0.552995391705,7.91407387519e-05
88,233,3,3,277.32718894,0.127635768456
88,242,3,2,4.55299539171,0.00305753614577
88,244,3,3,8.61751152074,0.0243110125592
88,324,3,2,3.59447004608,0.00188865643887
88,374,3,3,166.516129032,0.0545709134143
88,454,3,2,11.3824884793,0.00769729379355
88,463,3,2,4.55299539171,0.00305753614577
88,489,3,2,0.58064516129,0.000157593482803
91,21,2,2,25.4562211982,0.023268555094
91,22,2,3,15.0599078341,0.0091385954428
91,23,2,2,0.129032258064,1.41787256729e-06
91,29,2,2,4.53456221198,0.00605791962175
91,42,2,2,0.129032258064,1.41787256729e-06
91,53,2,2,3.46543778802,0.00353809093646
91,54,2,2,6.93087557604,0.00710909434676
91,56,2,2,4.53456221198,0.00605791962175
91,58,2,3,72.7741935484,0.047376530173
91,60,2,3,5.06912442396,0.00179856492069
91,63,2,3,17.3456221198,0.00462932547602
91,64,2,2,1.06912442396,0.000169158792033
91,65,2,2,6.93087557604,0.00710909434676
91,68,2,3,17.3271889401,0.0119331918337
91,95,2,2,2.93087557604,0.00127125547604
91,112,2,2,95.7603686636,0.136025664211
91,113,2,2,4.53456221198,0.00605791962175
91,128,2,2,4.53456221198,0.00605791962175
91,133,2,2,4.53456221198,0.00605791962175
91,135,2,3,3.46543778802,0.00180865143634
91,142,2,2,14.1382488479,0.0149299439316
91,158,2,2,11.33640553,0.0152507067401
91,171,2,2,176.737327189,0.234792829856
91,192,2,2,0.534562211982,8.41878247388e-05
91,233,2,3,276.221198157,0.254967542194
91,242,2,2,4.53456221198,0.00605791962175
91,244,2,3,8.66359447005,0.00448951625024
91,324,2,2,3.46543778802,0.00353809093646
91,374,2,3,164.073732719,0.106243117361
91,454,2,2,11.33640553,0.0152507067401
91,463,2,2,4.53456221198,0.00605791962175
91,489,2,2,0.129032258064,1.41787256729e-06
96,21,2,2,10.5529953917,0.00396819937791
96,22,2,3,15.7695852535,0.00949225228238
96,23,2,2,0.58064516129,2.84919826727e-05
96,29,2,2,4.40552995392,0.0056742640076
96,42,2,2,0.58064516129,2.84919826727e-05
96,53,2,2,4.40552995392,0.0056742640076
96,54,2,2,7.18894009217,0.00758976354967
96,56,2,2,4.40552995392,0.0056742640076
96,58,2,3,75.4838709677,0.0496646038633
96,60,2,3,18.8110599078,0.00266524980374
96,63,2,3,16.0552995392,0.00393647384305
96,64,2,2,0.811059907834,9.66060633279e-05
96,65,2,2,4.81105990783,0.0033992260537
96,68,2,3,17.9723502304,0.0123507485264
96,95,2,2,3.18894009217,0.00149345189532
96,112,2,2,92.9216589862,0.12709942634
96,113,2,2,4.40552995392,0.0056742640076
96,128,2,2,4.40552995392,0.0056742640076
96,133,2,2,4.40552995392,0.0056742640076
96,135,2,3,3.59447004608,0.00191076414099
96,142,2,2,13.6221198157,0.0137536120417
96,158,2,2,11.0138248848,0.0142848604387
96,171,2,2,183.31797235,0.250667943741
96,192,2,2,0.405529953917,4.80794065173e-05
96,233,2,3,266.995391705,0.229845784186
96,242,2,2,4.40552995392,0.0056742640076
96,244,2,3,7.41935483871,0.00292461408313
96,324,2,2,3.59447004608,0.00377731287773
96,374,2,3,170.331797235,0.113284390969
96,454,2,2,11.0138248848,0.0142848604387
96,463,2,2,4.40552995392,0.0056742640076
96,489,2,2,0.58064516129,2.84919826727e-05
102,21,2,2,0.470046082949,0.000283763708291
102,22,2,3,0.359447004608,0.000107467029666
102,23,2,2,0.193548387097,0.000114107489255
102,29,2,2,0.0552995391705,3.22248002062e-05
102,42,2,2,0.193548387097,0.000114107489255
102,53,2,2,0.0552995391705,3.22248002062e-05
102,54,2,2,0.110599078341,6.47493659958e-05
102,56,2,2,0.0552995391705,3.22248002062e-05
102,58,2,3,3.86175115207,0.0318197169813
102,60,2,3,1.88940092166,0.000352697470156
102,63,2,3,0.552995391705,0.00016812939238
102,64,2,2,0.110599078341,6.47493659958e-05
102,65,2,2,0.110599078341,6.47493659958e-05
102,68,2,3,3.94470046083,0.0820238762861
102,95,2,2,0.110599078341,6.47493659958e-05
102,112,2,2,1.21658986175,0.000785293592718
102,113,2,2,0.0552995391705,3.22248002062e-05
102,128,2,2,0.0552995391705,3.22248002062e-05
102,133,2,2,0.0552995391705,3.22248002062e-05
102,135,2,3,0.110599078341,3.23746829979e-05
102,142,2,2,0.221198156682,0.000130714682527
102,158,2,2,0.138248847926,8.11253711486e-05
102,171,2,2,2.8202764977,0.00213848433176
102,192,2,2,0.0552995391705,3.22248002062e-05
102,233,2,3,8.04608294931,0.00708224490127
102,242,2,2,0.0552995391705,3.22248002062e-05
102,244,2,3,0.193548387097,5.70537446274e-05
102,324,2,2,0.0552995391705,3.22248002062e-05
102,374,2,3,2.8202764977,0.00106924216588
102,454,2,2,0.138248847926,8.11253711486e-05
102,463,2,2,0.0552995391705,3.22248002062e-05
102,489,2,2,0.193548387097,0.000114107489255
103,21,2,2,17.9631336406,0.0979068896085
103,22,2,3,7.76036866359,0.0752545534481
103,23,2,2,3.16129032258,0.0071917880025
103,29,2,2,0.239631336406,0.000142957684525
103,42,2,2,0.838709677419,0.000506210817336
103,53,2,2,7.76036866359,0.149928774929
103,54,2,2,0.479262672811,0.000287245207977
103,56,2,2,0.239631336406,0.000142957684525
103,58,2,3,7.40092165899,0.0286766938095
103,60,2,3,21.5207373272,0.0105832452361
103,63,2,3,2.39631336406,0.000745866180132
103,64,2,2,7.52073732719,0.0707337075453
103,65,2,2,15.5207373272,0.301252236136
103,68,2,3,1.43778801843,0.000439035922144
103,95,2,2,0.479262672811,0.000287245207977
103,112,2,2,5.27188940092,0.00348376880443
103,113,2,2,0.239631336406,0.000142957684525
103,128,2,2,0.239631336406,0.000142957684525
103,133,2,2,0.239631336406,0.000142957684525
103,135,2,3,0.479262672811,0.000143622603988
103,142,2,2,0.958525345622,0.000579884692159
103,158,2,2,0.599078341014,0.000359893471532
103,171,2,2,8.22119815668,0.00429305057851
103,192,2,2,0.239631336406,0.000142957684525
103,233,2,3,19.9447004608,0.0129638885567
103,242,2,2,0.239631336406,0.000142957684525
103,244,2,3,23.1612903226,0.207181004813
103,324,2,2,0.239631336406,0.000142957684525
103,374,2,3,8.22119815668,0.00216656227476
103,454,2,2,0.599078341014,0.000359893471532
103,463,2,2,0.239631336406,0.000142957684525
103,489,2,2,0.838709677419,0.000506210817336
123,21,2,2,3.76036866359,0.00238638357607
123,22,2,3,2.87557603687,0.000903771508024
123,23,2,2,1.54838709677,0.000959616153539
123,29,2,2,7.55760368664,0.0790895061728
123,42,2,2,1.54838709677,0.000959616153539
123,53,2,2,0.442396313364,0.000271002710027
123,54,2,2,0.884792626728,0.000544526375496
123,56,2,2,0.442396313364,0.000271002710027
123,58,2,3,10.3963133641,0.00355454717338
123,60,2,3,49.3271889401,0.0309328401341
123,63,2,3,4.42396313364,0.00141392718275
123,64,2,2,0.884792626728,0.000544526375496
123,65,2,2,0.884792626728,0.000544526375496
123,68,2,3,2.65437788018,0.000832273725581
123,95,2,2,0.884792626728,0.000544526375496
123,112,2,2,9.73271889401,0.00660412757974
123,113,2,2,0.442396313364,0.000271002710027
123,128,2,2,0.442396313364,0.000271002710027
123,133,2,2,0.442396313364,0.000271002710027
123,135,2,3,0.884792626728,0.000272263187748
123,142,2,2,1.76958525346,0.00109927859842
123,158,2,2,1.10599078341,0.000682244584684
123,171,2,2,22.5622119816,0.0179841316485
123,192,2,2,3.55760368664,0.0175253124059
123,233,2,3,64.3686635945,0.0595599522429
123,242,2,2,0.442396313364,0.000271002710027
123,244,2,3,1.54838709677,0.000479808076769
123,324,2,2,0.442396313364,0.000271002710027
123,374,2,3,21.4562211982,0.0102806959545
123,454,2,2,1.10599078341,0.000682244584684
123,463,2,2,0.442396313364,0.000271002710027
123,489,2,2,1.54838709677,0.000959616153539
131,21,4,2,38.4331797235,0.192985715004
131,22,4,3,41.9631336406,0.15381312478
131,23,4,2,7.16129032258,0.00262263051185
131,29,4,2,6.30414746544,0.00573671497585
131,42,4,2,2.58064516129,0.000330781328966
131,53,4,2,6.30414746544,0.00573671497585
131,54,4,2,7.48387096774,0.00272492365516
131,56,4,2,6.30414746544,0.00573671497585
131,58,4,3,80.930875576,0.021707984752
131,60,4,3,70.7557603687,0.00872793788697
131,63,4,3,31.6451612903,0.00848456286202
131,64,4,2,4.27649769585,0.00168668029594
131,65,4,2,4.60829493088,0.00201254200243
131,68,4,3,42.0552995392,0.169192748659
131,95,4,2,3.76036866359,0.00100893810311
131,112,4,2,107.041474654,0.0799988061034
131,113,4,2,4.44239631336,0.00193457600591
131,128,4,2,6.30414746544,0.00573671497585
131,133,4,2,6.30414746544,0.00573671497585
131,135,4,3,4.8202764977,0.00109738548606
131,142,4,2,20.4792626728,0.0150159542899
131,158,4,2,15.3456221198,0.012808973205
131,171,4,2,190.838709677,0.0899963490325
131,192,4,2,2.30414746544,0.00100161233917
131,233,4,3,276.866359447,0.0884221412092
131,242,4,2,6.30414746544,0.00573671497585
131,244,4,3,7.29032258065,0.00134750232627
131,324,4,2,3.74193548387,0.00135615413393
131,374,4,3,180.041474654,0.0438434683733
131,454,4,2,11.3456221198,0.00753222479439
131,463,4,2,4.44239631336,0.00193457600591
131,489,4,2,9.41935483871,0.00599594208188
140,21,2,2,0.470046082949,0.000283763708291
140,22,2,3,0.359447004608,0.000107467029666
140,23,2,2,0.193548387097,0.000114107489255
140,29,2,2,0.0552995391705,3.22248002062e-05
140,42,2,2,0.193548387097,0.000114107489255
140,53,2,2,0.0552995391705,3.22248002062e-05
140,54,2,2,0.110599078341,6.47493659958e-05
140,56,2,2,0.0552995391705,3.22248002062e-05
140,58,2,3,1.29953917051,0.000422669472473
140,60,2,3,1.88940092166,0.000352697470156
140,63,2,3,7.52995391705,0.0364137495118
140,64,2,2,0.110599078341,6.47493659958e-05
140,65,2,2,0.110599078341,6.47493659958e-05
140,68,2,3,0.331797235023,9.89652631926e-05
140,95,2,2,0.110599078341,6.47493659958e-05
140,112,2,2,1.21658986175,0.000785293592718
140,113,2,2,0.0552995391705,3.22248002062e-05
140,128,2,2,0.0552995391705,3.22248002062e-05
140,133,2,2,0.0552995391705,3.22248002062e-05
140,135,2,3,0.110599078341,3.23746829979e-05
140,142,2,2,0.221198156682,0.000130714682527
140,158,2,2,0.138248847926,8.11253711486e-05
140,171,2,2,2.8202764977,0.00213848433176
140,192,2,2,0.0552995391705,3.22248002062e-05
140,233,2,3,8.04608294931,0.00708224490127
140,242,2,2,7.94470046083,0.66512345679
140,244,2,3,0.193548387097,5.70537446274e-05
140,324,2,2,0.0552995391705,3.22248002062e-05
140,374,2,3,7.86175115207,0.131286631445
140,454,2,2,0.138248847926,8.11253711486e-05
140,463,2,2,0.0552995391705,3.22248002062e-05
140,489,2,2,0.193548387097,0.000114107489255
141,21,2,2,19.7419354839,0.0166775670373
141,22,2,3,15.0967741935,0.00631613042539
141,23,2,2,3.87096774194,0.00152072751604
141,29,2,2,5.67741935484,0.011316872428
141,42,2,2,4.12903225806,0.00173024997381
141,53,2,2,2.32258064516,0.00189393939394
141,54,2,2,4.64516129032,0.00380549682875
141,56,2,2,5.67741935484,0.011316872428
141,58,2,3,48.7741935484,0.0220904131757
141,60,2,3,118.967741935,0.0459005031768
141,63,2,3,20.7741935484,0.00883189976327
141,64,2,2,4.64516129032,0.00380549682875
141,65,2,2,4.64516129032,0.00380549682875
141,68,2,3,11.6129032258,0.00528644604474
141,95,2,2,4.64516129032,0.00380549682875
141,112,2,2,120.903225806,0.258402498175
141,113,2,2,1.67741935484,0.000987888140666
141,128,2,2,5.67741935484,0.011316872428
141,133,2,2,1.67741935484,0.000987888140666
141,135,2,3,4.64516129032,0.00190274841438
141,142,2,2,18.7096774194,0.0311581187461
141,158,2,2,5.8064516129,0.00476795931341
141,171,2,2,118.451612903,0.125684556407
141,192,2,2,1.67741935484,0.000987888140666
141,233,2,3,155.612903226,0.112804923314
141,242,2,2,5.67741935484,0.011316872428
141,244,2,3,5.8064516129,0.00286213591249
141,324,2,2,2.32258064516,0.00189393939394
141,374,2,3,112.64516129,0.0640279733653
141,454,2,2,1.8064516129,0.000461491370582
141,463,2,2,5.67741935484,0.011316872428
141,489,2,2,3.87096774194,0.00152072751604
142,21,2,2,0.3133640553,0.00018873789857
142,22,2,3,0.239631336406,7.14788422627e-05
142,23,2,2,0.129032258064,7.58955676988e-05
142,29,2,2,0.036866359447,2.14334705075e-05
142,42,2,2,0.129032258064,7.58955676988e-05
142,53,2,2,0.036866359447,2.14334705075e-05
142,54,2,2,0.0737327188941,4.30663221361e-05
142,56,2,2,0.036866359447,2.14334705075e-05
142,58,2,3,0.866359447005,0.000281127380611
142,60,2,3,3.92626728111,0.00223102061337
142,63,2,3,0.36866359447,0.000111826802648
142,64,2,2,0.0737327188941,4.30663221361e-05
142,65,2,2,0.0737327188941,4.30663221361e-05
142,68,2,3,0.221198156682,6.58241179568e-05
142,95,2,2,0.0737327188941,4.30663221361e-05
142,112,2,2,0.811059907834,0.000522317188984
142,113,2,2,0.036866359447,2.14334705075e-05
142,128,2,2,0.036866359447,2.14334705075e-05
142,133,2,2,0.036866359447,2.14334705075e-05
142,135,2,3,0.0737327188941,2.1533161068e-05
142,142,2,2,0.147465437788,8.69414014954e-05
142,158,2,2,0.0921658986175,5.39583872917e-05
142,171,2,2,1.8801843318,0.00142235609103
142,192,2,2,0.036866359447,2.14334705075e-05
142,233,2,3,5.36405529954,0.00471056721057
142,242,2,2,0.036866359447,2.14334705075e-05
142,244,2,3,0.129032258064,3.79477838494e-05
142,324,2,2,0.036866359447,2.14334705075e-05
142,374,2,3,1.8801843318,0.000711178045515
142,454,2,2,0.0921658986175,5.39583872917e-05
142,463,2,2,0.036866359447,2.14334705075e-05
142,489,2,2,0.129032258064,7.58955676988e-05
143,21,2,2,0.626728110599,0.000379231498522
143,22,2,3,0.479262672811,0.000143622603988
143,23,2,2,0.258064516129,0.000152497140679
143,29,2,2,0.0737327188941,4.30663221361e-05
143,42,2,2,0.258064516129,0.000152497140679
143,53,2,2,0.0737327188941,4.30663221361e-05
143,54,2,2,0.147465437788,8.65332612223e-05
143,56,2,2,0.0737327188941,4.30663221361e-05
143,58,2,3,1.73271889401,0.000564869899645
143,60,2,3,8.22119815668,0.00491568389728
143,63,2,3,0.73732718894,0.000224693854623
143,64,2,2,0.147465437788,8.65332612223e-05
143,65,2,2,0.147465437788,8.65332612223e-05
143,68,2,3,0.442396313364,0.00013226055329
143,95,2,2,0.147465437788,8.65332612223e-05
143,112,2,2,1.62211981567,0.00104949314252
143,113,2,2,0.0737327188941,4.30663221361e-05
143,128,2,2,0.0737327188941,4.30663221361e-05
143,133,2,2,0.0737327188941,4.30663221361e-05
143,135,2,3,0.147465437788,4.32666306111e-05
143,142,2,2,0.294930875576,0.000174691560214
143,158,2,2,0.184331797235,0.00010841871307
143,171,2,2,3.76036866359,0.00285794340151
143,192,2,2,0.0737327188941,4.30663221361e-05
143,233,2,3,10.2119815668,0.00820619167531
143,242,2,2,0.0737327188941,4.30663221361e-05
143,244,2,3,0.258064516129,7.62485703393e-05
143,324,2,2,0.0737327188941,4.30663221361e-05
143,374,2,3,3.76036866359,0.00142897170076
143,454,2,2,0.184331797235,0.00010841871307
143,463,2,2,0.0737327188941,4.30663221361e-05
143,489,2,2,0.258064516129,0.000152497140679
151,21,3,2,25.1428571429,0.0653915891677
151,22,3,3,15.0783410138,0.00459950086088
151,23,3,2,0.129032258065,3.80800060928e-05
151,29,3,2,4.57142857143,0.00308641975309
151,42,3,2,0.129032258065,3.80800060928e-05
151,53,3,2,3.46543778802,0.00176904546823
151,54,3,2,6.93087557604,0.00355454717338
151,56,3,2,4.57142857143,0.00308641975309
151,58,3,3,72.8202764977,0.0237606827181
151,60,3,3,6.21198156682,0.00199624302047
151,63,3,3,17.7142857143,0.00244133845513
151,64,3,2,1.14285714286,0.000113442994895
151,65,3,2,7.92626728111,0.249725846096
151,68,3,3,17.3456221198,0.0059953290253
151,95,3,2,2.93087557604,0.000642843637739
151,112,3,2,96.5714285714,0.0693501620331
151,113,3,2,4.57142857143,0.00308641975309
151,128,3,2,4.57142857143,0.00308641975309
151,133,3,2,4.57142857143,0.00308641975309
151,135,3,3,3.48387096774,0.000911508364896
151,142,3,2,14.2857142857,0.00764342150464
151,158,3,2,11.4285714286,0.00777000777001
151,171,3,2,176.737327189,0.117396414928
151,192,3,2,0.571428571429,5.64588979223e-05
151,233,3,3,280.304147465,0.132875715609
151,242,3,2,4.57142857143,0.00308641975309
151,244,3,3,8.57142857143,0.100123268665
151,324,3,2,3.46543778802,0.00176904546823
151,374,3,3,164.119815668,0.0531685389265
151,454,3,2,11.4285714286,0.00777000777001
151,463,3,2,4.57142857143,0.00308641975309
151,489,3,2,0.129032258065,3.80800060928e-05
152,21,3,2,25.6129032258,0.120511764591
152,22,3,3,15.6036866359,0.00475111886147
152,23,3,2,0.451612903226,8.02851580738e-05
152,29,3,2,4.51612903226,0.00300068587106
152,42,3,2,0.451612903226,8.02851580738e-05
152,53,3,2,3.55760368664,0.00185377286
152,54,3,2,7.11520737327,0.00372479011869
152,56,3,2,4.51612903226,0.00300068587106
152,58,3,3,74.801843318,0.0246342738033
152,60,3,3,14.8847926267,0.00326059071882
152,63,3,3,17.1612903226,0.00230650276784
152,64,3,2,1.03225806452,0.000112937409087
152,65,3,2,11.8525345622,0.279738613336
152,68,3,3,17.8248847926,0.00616829602494
152,95,3,2,3.11520737327,0.000727838713943
152,112,3,2,95.3548387097,0.0673558473697
152,113,3,2,4.51612903226,0.00300068587106
152,128,3,2,4.51612903226,0.00300068587106
152,133,3,2,4.51612903226,0.00300068587106
152,135,3,3,3.59447004608,0.000953943287244
152,142,3,2,14.064516129,0.00738253350851
152,158,3,2,11.2903225806,0.00755417422084
152,171,3,2,181.437788018,0.123019047143
152,192,3,2,0.516129032258,5.62072753559e-05
152,233,3,3,277.797235023,0.128684003337
152,242,3,2,4.51612903226,0.00300068587106
152,244,3,3,16.0368663594,0.199643891749
152,324,3,2,3.55760368664,0.00185377286
152,374,3,3,168.6359447,0.0557034128839
152,454,3,2,11.2903225806,0.00755417422084
152,463,3,2,4.51612903226,0.00300068587106
152,489,3,2,0.451612903226,8.02851580738e-05
156,21,2,2,0.470046082949,0.000283763708291
156,22,2,3,0.359447004608,0.000107467029666
156,23,2,2,0.193548387097,0.000114107489255
156,29,2,2,0.0552995391705,3.22248002062e-05
156,42,2,2,0.193548387097,0.000114107489255
156,53,2,2,0.0552995391705,3.22248002062e-05
156,54,2,2,0.110599078341,6.47493659958e-05
156,56,2,2,0.0552995391705,3.22248002062e-05
156,58,2,3,1.29953917051,0.000422669472473
156,60,2,3,6.16589861751,0.00367820894866
156,63,2,3,0.552995391705,0.00016812939238
156,64,2,2,0.110599078341,6.47493659958e-05
156,65,2,2,0.110599078341,6.47493659958e-05
156,68,2,3,0.331797235023,9.89652631926e-05
156,95,2,2,0.110599078341,6.47493659958e-05
156,112,2,2,6.78341013825,0.0244140494721
156,113,2,2,0.0552995391705,3.22248002062e-05
156,128,2,2,0.0552995391705,3.22248002062e-05
156,133,2,2,0.0552995391705,3.22248002062e-05
156,135,2,3,0.110599078341,3.23746829979e-05
156,142,2,2,0.221198156682,0.000130714682527
156,158,2,2,0.138248847926,8.11253711486e-05
156,171,2,2,2.8202764977,0.00213848433176
156,192,2,2,0.0552995391705,3.22248002062e-05
156,233,2,3,7.65898617512,0.00614036384057
156,242,2,2,0.0552995391705,3.22248002062e-05
156,244,2,3,0.193548387097,5.70537446274e-05
156,324,2,2,0.0552995391705,3.22248002062e-05
156,374,2,3,2.8202764977,0.00106924216588
156,454,2,2,0.138248847926,8.11253711486e-05
156,463,2,2,0.0552995391705,3.22248002062e-05
156,489,2,2,0.193548387097,0.000114107489255
163,21,2,2,25.4562211982,0.023268555094
163,22,2,3,15.0599078341,0.0091385954428
163,23,2,2,0.129032258064,1.41787256729e-06
163,29,2,2,4.53456221198,0.00605791962175
163,42,2,2,0.129032258064,1.41787256729e-06
163,53,2,2,3.46543778802,0.00353809093646
163,54,2,2,6.93087557604,0.00710909434676
163,56,2,2,4.53456221198,0.00605791962175
163,58,2,3,72.7741935484,0.047376530173
163,60,2,3,5.06912442396,0.00179856492069
163,63,2,3,13.3456221198,0.00281128874665
163,64,2,2,1.06912442396,0.000169158792033
163,65,2,2,6.93087557604,0.00710909434676
163,68,2,3,17.3271889401,0.0119331918337
163,95,2,2,2.93087557604,0.00127125547604
163,112,2,2,95.7603686636,0.136025664211
163,113,2,2,4.53456221198,0.00605791962175
163,128,2,2,4.53456221198,0.00605791962175
163,133,2,2,4.53456221198,0.00605791962175
163,135,2,3,3.46543778802,0.00180865143634
163,142,2,2,14.1382488479,0.0149299439316
163,158,2,2,11.33640553,0.0152507067401
163,171,2,2,176.737327189,0.234792829856
163,192,2,2,0.534562211982,8.41878247388e-05
163,233,2,3,276.221198157,0.254967542194
163,242,2,2,4.53456221198,0.00605791962175
163,244,2,3,8.66359447005,0.00448951625024
163,324,2,2,3.46543778802,0.00353809093646
163,374,2,3,164.073732719,0.106243117361
163,454,2,2,11.33640553,0.0152507067401
163,463,2,2,4.53456221198,0.00605791962175
163,489,2,2,0.129032258064,1.41787256729e-06
164,21,3,2,25.6129032258,0.0118097118944
164,22,3,3,15.5483870968,0.00577188335926
164,23,3,2,2.70967741935,0.00098934187258
164,29,3,2,5.29032258065,0.00451940035273
164,42,3,2,5.48387096774,0.00395258806099
164,53,3,2,3.48387096774,0.00178571428571
164,54,3,2,6.96774193548,0.00358803986711
164,56,3,2,5.29032258065,0.00451940035273
164,58,3,3,74.1290322581,0.0257598129691
164,60,3,3,83.8064516129,0.029923839751
164,63,3,3,20.9032258065,0.00377211270982
164,64,3,2,2.58064516129,0.000841638981174
164,65,3,2,6.96774193548,0.00358803986711
164,68,3,3,17.4193548387,0.00718154560402
164,95,3,2,5.41935483871,0.00298726467331
164,112,3,2,112.387096774,0.102701742702
164,113,3,2,5.29032258065,0.00451940035273
164,128,3,2,5.29032258065,0.00451940035273
164,133,3,2,4.51612903226,0.00537367724868
164,135,3,3,3.87096774194,0.00110109159943
164,142,3,2,17.1612903226,0.012094790968
164,158,3,2,18.064516129,0.0543900543901
164,171,3,2,177.677419355,0.118502581756
164,192,3,2,1.29032258065,0.000418871252205
164,233,3,3,274.903225806,0.134976240028
164,242,3,2,5.29032258065,0.00451940035273
164,244,3,3,9.09677419355,0.00245423696411
164,324,3,2,3.48387096774,0.00178571428571
164,374,3,3,165.935483871,0.0548683150443
164,454,3,2,11.2903225806,0.00759240759241
164,463,3,2,5.29032258065,0.00451940035273
164,489,3,2,2.70967741935,0.00098934187258
165,21,4,2,25.4562211982,0.00779880054721
165,22,4,3,15.5483870968,0.00378136526873
165,23,4,2,3.41935483871,0.000910112145618
165,29,4,2,5.51152073733,0.00341792409694
165,42,4,2,3.41935483871,0.000910112145618
165,53,4,2,3.46543778802,0.00117936364549
165,54,4,2,6.93087557604,0.00236969811559
165,56,4,2,5.51152073733,0.00341792409694
165,58,4,3,73.9953917051,0.01755487552
165,60,4,3,107.373271889,0.0290159511576
165,63,4,3,26.6036866359,0.00642904963198
165,64,4,2,3.02304147465,0.000758947641156
165,65,4,2,6.93087557604,0.00236969811559
165,68,4,3,17.8156682028,0.00467711575483
165,95,4,2,2.93087557604,0.000599392169632
165,112,4,2,151.723502304,0.274185785308
165,113,4,2,5.51152073733,0.00341792409694
165,128,4,2,7.07834101382,0.0118518518519
165,133,4,2,5.51152073733,0.00341792409694
165,135,4,3,3.95391705069,0.000777714753892
165,142,4,2,14.3594470046,0.00608152982938
165,158,4,2,13.7788018433,0.00860456416012
165,171,4,2,176.737327189,0.0782642766187
165,192,4,2,1.51152073733,0.000377716997335
165,233,4,3,375.119815668,0.165484077037
165,242,4,2,5.51152073733,0.00341792409694
165,244,4,3,9.15207373272,0.00167134204519
165,324,4,2,3.46543778802,0.00117936364549
165,374,4,3,164.142857143,0.0354727510046
165,454,4,2,13.7788018433,0.00860456416012
165,463,4,2,4.58986175115,0.00304583904893
165,489,4,2,8.90322580645,0.00639541008993
177,21,2,2,8.06451612903,0.00392891097628
177,22,2,3,6.58064516129,0.0113417581948
177,23,2,2,4.96774193548,0.00353584056573
177,29,2,2,1.41935483871,0.000998547567175
177,42,2,2,3.03225806452,0.00131736748351
177,53,2,2,1.41935483871,0.000998547567175
177,54,2,2,2.83870967742,0.00200638394893
177,56,2,2,1.41935483871,0.000998547567175
177,58,2,3,29.8064516129,0.0373709737595
177,60,2,3,151.161290323,0.103939313282
177,63,2,3,8.06451612903,0.00250891645506
177,64,2,2,5.16129032258,0.00663267421133
177,65,2,2,2.83870967742,0.00200638394893
177,68,2,3,7.09677419355,0.0131680418828
177,95,2,2,1.16129032258,0.000335779131949
177,112,2,2,31.2258064516,0.0243338360985
177,113,2,2,2.58064516129,0.00330098369314
177,128,2,2,1.41935483871,0.000998547567175
177,133,2,2,1.41935483871,0.000998547567175
177,135,2,3,2.58064516129,0.00214140624537
177,142,2,2,5.67741935484,0.00405044646967
177,158,2,2,16.4516129032,0.0540368722187
177,171,2,2,72.3870967742,0.066265060241
177,192,2,2,1.41935483871,0.000998547567175
177,233,2,3,170.516129032,0.152188540967
177,242,2,2,1.41935483871,0.000998547567175
177,244,2,3,4.96774193548,0.00176792028287
177,324,2,2,1.41935483871,0.000998547567175
177,374,2,3,68.3870967742,0.0295759839149
177,454,2,2,8.45161290323,0.0142610805712
177,463,2,2,1.41935483871,0.000998547567175
177,489,2,2,4.96774193548,0.00353584056573
179,21,4,2,49.1797235023,0.180920653292
179,22,4,3,38.7926267281,0.115309644911
179,23,4,2,1.61290322581,0.000334014723369
179,29,4,2,0.460829493088,9.43282320625e-05
179,42,4,2,1.61290322581,0.000334014723369
179,53,4,2,0.460829493088,9.43282320625e-05
179,54,4,2,0.921658986175,0.000189533936051
179,56,4,2,0.460829493088,9.43282320625e-05
179,58,4,3,12.5760368664,0.0190332084515
179,60,4,3,45.0783410138,0.00853076548882
179,63,4,3,3.79723502304,0.00170403396349
179,64,4,2,0.921658986175,0.000189533936051
179,65,4,2,7.81566820276,0.0650086237941
179,68,4,3,42.2304147465,0.138669725119
179,95,4,2,0.921658986175,0.000189533936051
179,112,4,2,10.1382488479,0.00229870645519
179,113,4,2,0.460829493088,9.43282320625e-05
179,128,4,2,0.460829493088,9.43282320625e-05
179,133,4,2,0.460829493088,9.43282320625e-05
179,135,4,3,0.921658986175,9.47669680256e-05
179,142,4,2,3.04147465438,0.00209113120198
179,158,4,2,1.15207373272,0.000237469675122
179,171,4,2,23.5023041475,0.00625975785784
179,192,4,2,0.460829493088,9.43282320625e-05
179,233,4,3,43.064516129,0.0124409798977
179,242,4,2,0.460829493088,9.43282320625e-05
179,244,4,3,11.9539170507,0.0591265992148
179,324,4,2,0.460829493088,9.43282320625e-05
179,374,4,3,23.5023041475,0.00312987892892
179,454,4,2,3.76958525346,0.0122421126822
179,463,4,2,0.460829493088,9.43282320625e-05
179,489,4,2,3.16129032258,0.00251869124369
181,21,2,2,7.83410138249,0.00530825339728
181,22,2,3,5.99078341014,0.00201034243864
181,23,2,2,3.22580645161,0.00213456284153
181,29,2,2,0.921658986175,0.000602816358025
181,42,2,2,3.22580645161,0.00213456284153
181,53,2,2,0.921658986175,0.000602816358025
181,54,2,2,1.84331797235,0.00121124031008
181,56,2,2,0.921658986175,0.000602816358025
181,58,2,3,21.6589861751,0.00790670757967
181,60,2,3,102.764976959,0.0688067733017
181,63,2,3,9.21658986175,0.00314512882448
181,64,2,2,1.84331797235,0.00121124031008
181,65,2,2,1.84331797235,0.00121124031008
181,68,2,3,5.52995391705,0.00185130331754
181,95,2,2,1.84331797235,0.00121124031008
181,112,2,2,151.723502304,0.822520408411
181,113,2,2,0.921658986175,0.000602816358025
181,128,2,2,7.07834101382,0.0355555555556
181,133,2,2,0.921658986175,0.000602816358025
181,135,2,3,1.84331797235,0.000605620155039
181,142,2,2,0.3133640553,1.76667644757e-05
181,158,2,2,2.30414746544,0.00151757964258
181,171,2,2,47.0046082949,0.0400037650602
181,192,2,2,0.921658986175,0.000602816358025
181,233,2,3,123.649769585,0.10781755731
181,242,2,2,0.921658986175,0.000602816358025
181,244,2,3,3.22580645161,0.00106728142077
181,324,2,2,0.921658986175,0.000602816358025
181,374,2,3,44.7004608295,0.0188920996486
181,454,2,2,2.30414746544,0.00151757964258
181,463,2,2,3.07834101382,0.00672477816358
181,489,2,2,8.77419354839,0.0157923497268
183,21,2,2,17.2350230415,0.0138407792285
183,22,2,3,13.1797235023,0.00524178176593
183,23,2,2,4.90322580645,0.0026568048426
183,29,2,2,5.97235023041,0.0136363636364
183,42,2,2,3.09677419355,0.00105977810896
183,53,2,2,2.02764976959,0.00157178783722
183,54,2,2,4.05529953917,0.00315819695665
183,56,2,2,5.97235023041,0.0136363636364
183,58,2,3,47.6497695853,0.0206160079114
183,60,2,3,150.082949309,0.0791510868781
183,63,2,3,23.7235023041,0.0122346535354
183,64,2,2,4.05529953917,0.00315819695665
183,65,2,2,4.05529953917,0.00315819695665
183,68,2,3,12.1658986175,0.0048271019835
183,95,2,2,4.05529953917,0.00315819695665
183,112,2,2,127.391705069,0.312382573468
183,113,2,2,1.97235023041,0.00148722305358
183,128,2,2,5.97235023041,0.0136363636364
183,133,2,2,5.97235023041,0.0136363636364
183,135,2,3,4.05529953917,0.00157909847832
183,142,2,2,19.8894009217,0.0383411909918
183,158,2,2,5.06912442396,0.00395694840139
183,171,2,2,103.410138249,0.104306113342
183,192,2,2,1.97235023041,0.00148722305358
183,233,2,3,135.852534562,0.0817938289951
183,242,2,2,5.97235023041,0.0136363636364
183,244,2,3,5.06912442396,0.00270441206234
183,324,2,2,2.02764976959,0.00157178783722
183,374,2,3,98.3410138249,0.0557915838438
183,454,2,2,1.06912442396,0.000176015529551
183,463,2,2,5.97235023041,0.0136363636364
183,489,2,2,4.90322580645,0.0026568048426
187,21,2,2,24.1013824885,0.0247409466971
187,22,2,3,27.1244239631,0.0247269134633
187,23,2,2,7.8064516129,0.00615600280701
187,29,2,2,2.34101382488,0.00191518880444
187,42,2,2,7.8064516129,0.00615600280701
187,53,2,2,2.34101382488,0.00191518880444
187,54,2,2,3.31797235023,0.00193256654978
187,56,2,2,2.34101382488,0.00191518880444
187,58,2,3,118.838709677,0.130824781097
187,60,2,3,202.976958525,0.134774398903
187,63,2,3,4.10138248848,0.00177426337582
187,64,2,2,3.31797235023,0.00193256654978
187,65,2,2,0.68202764977,8.16569014397e-05
187,68,2,3,28.2949308756,0.0293577760844
187,95,2,2,7.31797235023,0.0094009222637
187,112,2,2,51.5023041475,0.046671677942
187,113,2,2,2.34101382488,0.00191518880444
187,128,2,2,2.34101382488,0.00191518880444
187,133,2,2,2.34101382488,0.00191518880444
187,135,2,3,7.31797235023,0.00609187922413
187,142,2,2,5.36405529954,0.00254920221269
187,158,2,2,5.85253456221,0.00482145433285
187,171,2,2,276.608294931,0.682196557684
187,192,2,2,2.34101382488,0.00191518880444
187,233,2,3,307.152073733,0.356762213747
187,242,2,2,2.34101382488,0.00191518880444
187,244,2,3,1.85253456221,0.000717478532196
187,324,2,2,5.65898617512,0.0111913094197
187,374,2,3,258.460829493,0.308801767875
187,454,2,2,5.85253456221,0.00482145433285
187,463,2,2,2.34101382488,0.00191518880444
187,489,2,2,7.8064516129,0.00615600280701
190,21,2,2,6.23963133641,0.00139001027132
190,22,2,3,19.5668202765,0.0131843966898
190,23,2,2,0.451612903226,1.72699823388e-05
190,29,2,2,4.44239631336,0.00578104010746
190,42,2,2,0.451612903226,1.72699823388e-05
190,53,2,2,4.44239631336,0.00578104010746
190,54,2,2,7.11520737327,0.00744958023738
190,56,2,2,4.44239631336,0.00578104010746
190,58,2,3,74.7096774194,0.0489908603252
190,60,2,3,14.8847926267,0.00231485779627
190,63,2,3,16.4239631336,0.00412726422184
190,64,2,2,0.884792626728,0.0001151966017
190,65,2,2,8.88479262673,0.0116158573322
190,68,2,3,17.7880184332,0.0122264142023
190,95,2,2,3.11520737327,0.00142800787377
190,112,2,2,93.732718894,0.129583668541
190,113,2,2,4.44239631336,0.00578104010746
190,128,2,2,4.44239631336,0.00578104010746
190,133,2,2,4.44239631336,0.00578104010746
190,135,2,3,3.55760368664,0.00188034452984
190,142,2,2,13.7695852535,0.0140807976446
190,158,2,2,8.89400921659,0.00933368153285
190,171,2,2,177.437788018,0.235309303828
190,192,2,2,0.442396313364,5.73316420499e-05
190,233,2,3,249.631336406,0.200165945704
190,242,2,2,4.44239631336,0.00578104010746
190,244,2,3,15.5483870968,0.0102352841247
190,324,2,2,3.55760368664,0.00370754571999
190,374,2,3,168.543778802,0.111226678799
190,454,2,2,11.1059907834,0.0145536674034
190,463,2,2,4.44239631336,0.00578104010746
190,489,2,2,0.451612903226,1.72699823388e-05
195,21,2,2,2.8202764977,0.00176397343664
195,22,2,3,2.15668202765,0.000668052256532
195,23,2,2,1.16129032258,0.000709331651955
195,29,2,2,0.331797235023,0.000200320512821
195,42,2,2,1.16129032258,0.000709331651955
195,53,2,2,0.331797235023,0.000200320512821
195,54,2,2,0.663594470046,0.000402504472272
195,56,2,2,0.331797235023,0.000200320512821
195,58,2,3,7.79723502304,0.00262745974955
195,60,2,3,35.33640553,0.0208514618865
195,63,2,3,25.1797235023,0.070365023177
195,64,2,2,0.663594470046,0.000402504472272
195,65,2,2,0.663594470046,0.000402504472272
195,68,2,3,1.99078341014,0.000615202333212
195,95,2,2,0.663594470046,0.000402504472272
195,112,2,2,7.29953917051,0.00488165680473
195,113,2,2,0.331797235023,0.000200320512821
195,128,2,2,0.331797235023,0.000200320512821
195,133,2,2,3.66820276498,0.0244842365068
195,135,2,3,0.663594470046,0.000201252236136
195,142,2,2,1.32718894009,0.000812567713976
195,158,2,2,0.829493087558,0.000504303388919
195,171,2,2,16.9216589862,0.0132935588508
195,192,2,2,0.331797235023,0.000200320512821
195,233,2,3,48.2764976959,0.0440256858526
195,242,2,2,7.66820276498,0.106995884774
195,244,2,3,1.16129032258,0.000354665825977
195,324,2,2,0.331797235023,0.000200320512821
195,374,2,3,16.0921658986,0.0238949387293
195,454,2,2,0.829493087558,0.000504303388919
195,463,2,2,3.66820276498,0.0244842365068
195,489,2,2,1.16129032258,0.000709331651955
197,21,3,2,0.783410138249,0.000237572180018
197,22,3,3,0.599078341014,8.99733678831e-05
197,23,3,2,0.322580645161,9.55328824181e-05
197,29,3,2,7.96313364055,0.5
197,42,3,2,0.322580645161,9.55328824181e-05
197,53,3,2,0.0921658986175,2.69791936459e-05
197,54,3,2,0.184331797235,5.42093565349e-05
197,56,3,2,0.0921658986175,2.69791936459e-05
197,58,3,3,2.16589861751,0.000353866632936
197,60,3,3,6.27649769585,0.00145959456826
197,63,3,3,0.921658986175,0.000140761010326
197,64,3,2,0.184331797235,5.42093565349e-05
197,65,3,2,0.184331797235,5.42093565349e-05
197,68,3,3,0.552995391705,8.28555330925e-05
197,95,3,2,0.184331797235,5.42093565349e-05
197,112,3,2,2.02764976959,0.000657462195924
197,113,3,2,0.0921658986175,2.69791936459e-05
197,128,3,2,3.94470046083,0.0819897694898
197,133,3,2,0.0921658986175,2.69791936459e-05
197,135,3,3,0.184331797235,2.71046782675e-05
197,142,3,2,0.36866359447,0.000109436729155
197,158,3,2,0.230414746544,6.79196483392e-05
197,171,3,2,4.70046082949,0.0017903782964
197,192,3,2,3.96313364055,0.123849337391
197,233,3,3,9.41013824885,0.00351345312594
197,242,3,2,0.0921658986175,2.69791936459e-05
197,244,3,3,0.322580645161,4.77664412091e-05
197,324,3,2,0.0921658986175,2.69791936459e-05
197,374,3,3,4.70046082949,0.000895189148201
197,454,3,2,0.230414746544,6.79196483392e-05
197,463,3,2,0.0921658986175,2.69791936459e-05
197,489,3,2,0.322580645161,9.55328824181e-05
198,21,2,2,7.75115207373,0.00370553827297
198,22,2,3,6.61751152074,0.0116347363966
198,23,2,2,4.83870967742,0.00342481391844
198,29,2,2,1.38248847926,0.000967192819561
198,42,2,2,3.16129032258,0.00146186279434
198,53,2,2,1.38248847926,0.000967192819561
198,54,2,2,2.76497695853,0.00194338278163
198,56,2,2,1.38248847926,0.000967192819561
198,58,2,3,29.0322580645,0.0378846878231
198,60,2,3,143.235023041,0.0952800487965
198,63,2,3,7.75115207373,0.00244448824434
198,64,2,2,5.23502304147,0.00696646585045
198,65,2,2,2.76497695853,0.00194338278163
198,68,2,3,6.91244239631,0.0134361289698
198,95,2,2,1.23502304147,0.000387726458077
198,112,2,2,30.4147465438,0.0235697450182
198,113,2,2,2.61751152074,0.00346710684687
198,128,2,2,1.38248847926,0.000967192819561
198,133,2,2,1.38248847926,0.000967192819561
198,135,2,3,2.61751152074,0.00220871931075
198,142,2,2,5.52995391705,0.00392326101456
198,158,2,2,16.5437788018,0.0557886557887
198,171,2,2,70.5069124424,0.0641843138571
198,192,2,2,1.38248847926,0.000967192819561
198,233,2,3,161.152073733,0.138585606082
198,242,2,2,1.38248847926,0.000967192819561
198,244,2,3,4.83870967742,0.00171240695922
198,324,2,2,1.38248847926,0.000967192819561
198,374,2,3,66.5069124424,0.02855821298
198,454,2,2,12.5437788018,0.0320725316157
198,463,2,2,1.38248847926,0.000967192819561
198,489,2,2,4.83870967742,0.00342481391844
205,21,2,2,1.72350230415,0.00106014479197
205,22,2,3,1.31797235023,0.000401498177816
205,23,2,2,0.709677419355,0.000426307018564
205,29,2,2,0.202764976959,0.000120392259872
205,42,2,2,0.709677419355,0.000426307018564
205,53,2,2,0.202764976959,0.000120392259872
205,54,2,2,3.59447004608,0.0190049930278
205,56,2,2,0.202764976959,0.000120392259872
205,58,2,3,23.7419354839,0.0433351048558
205,60,2,3,13.5944700461,0.0049747863158
205,63,2,3,2.02764976959,0.000628133529768
205,64,2,2,3.59447004608,0.0190049930278
205,65,2,2,0.405529953917,0.000241904447743
205,68,2,3,1.21658986175,0.000369735471077
205,95,2,2,0.405529953917,0.000241904447743
205,112,2,2,4.46082949309,0.00293386676365
205,113,2,2,0.202764976959,0.000120392259872
205,128,2,2,0.202764976959,0.000120392259872
205,133,2,2,0.202764976959,0.000120392259872
205,135,2,3,7.79723502304,0.0890558229499
205,142,2,2,0.811059907834,0.000488351702017
205,158,2,2,3.4930875576,0.0143918979509
205,171,2,2,21.6589861751,0.0350480949347
205,192,2,2,0.202764976959,0.000120392259872
205,233,2,3,18.4147465438,0.0107861457087
205,242,2,2,0.202764976959,0.000120392259872
205,244,2,3,0.709677419355,0.000213153509282
205,324,2,2,0.202764976959,0.000120392259872
205,374,2,3,18.1658986175,0.0128038658986
205,454,2,2,0.506912442396,0.000303085409468
205,463,2,2,0.202764976959,0.000120392259872
205,489,2,2,3.29032258065,0.00916383929987
218,21,3,2,25.6129032258,0.0118155366992
218,22,3,3,15.5852534562,0.00549190914586
218,23,3,2,2.96774193548,0.00111367388049
218,29,3,2,5.36405529954,0.00471056721057
218,42,3,2,2.96774193548,0.00111367388049
218,53,3,2,3.48387096774,0.00178571428571
218,54,3,2,6.96774193548,0.00358803986711
218,56,3,2,5.36405529954,0.00471056721057
218,58,3,3,74.2211981567,0.0260007434426
218,60,3,3,101.152073733,0.0387885569857
218,63,3,3,25.6405529954,0.00603257822841
218,64,3,2,2.72811059908,0.000937666984179
218,65,3,2,6.96774193548,0.00358803986711
218,68,3,3,17.8433179724,0.00684995437873
218,95,3,2,2.96774193548,0.000865645981925
218,112,3,2,153.34562212,0.451943020747
218,113,3,2,5.36405529954,0.00471056721057
218,128,3,2,4.51612903226,0.00490147433082
218,133,3,2,5.36405529954,0.00471056721057
218,135,3,3,3.90783410138,0.00112498796884
218,142,3,2,14.064516129,0.00828417729443
218,158,3,2,13.4101382488,0.0118587706
218,171,3,2,177.677419355,0.118502581756
218,192,3,2,1.36405529954,0.000466662966663
218,233,3,3,359.935483871,0.22380371315
218,242,3,2,5.36405529954,0.00471056721057
218,244,3,3,9.133640553,0.00247813411079
218,324,3,2,3.48387096774,0.00178571428571
218,374,3,3,166.02764977,0.0550089583394
218,454,3,2,13.4101382488,0.0118587706
218,463,3,2,4.51612903226,0.00490147433082
218,489,3,2,2.96774193548,0.00111367388049
223,21,2,2,0.3133640553,0.00018873789857
223,22,2,3,0.239631336406,7.14788422627e-05
223,23,2,2,0.129032258064,7.58955676988e-05
223,29,2,2,0.036866359447,2.14334705075e-05
223,42,2,2,0.129032258064,7.58955676988e-05
223,53,2,2,0.036866359447,2.14334705075e-05
223,54,2,2,0.0737327188941,4.30663221361e-05
223,56,2,2,0.036866359447,2.14334705075e-05
223,58,2,3,0.866359447005,0.000281127380611
223,60,2,3,3.92626728111,0.00223102061337
223,63,2,3,0.36866359447,0.000111826802648
223,64,2,2,0.0737327188941,4.30663221361e-05
223,65,2,2,0.0737327188941,4.30663221361e-05
223,68,2,3,0.221198156682,6.58241179568e-05
223,95,2,2,0.0737327188941,4.30663221361e-05
223,112,2,2,0.811059907834,0.000522317188984
223,113,2,2,0.036866359447,2.14334705075e-05
223,128,2,2,0.036866359447,2.14334705075e-05
223,133,2,2,0.036866359447,2.14334705075e-05
223,135,2,3,0.0737327188941,2.1533161068e-05
223,142,2,2,0.147465437788,8.69414014954e-05
223,158,2,2,0.0921658986175,5.39583872917e-05
223,171,2,2,1.8801843318,0.00142235609103
223,192,2,2,0.036866359447,2.14334705075e-05
223,233,2,3,5.36405529954,0.00471056721057
223,242,2,2,0.036866359447,2.14334705075e-05
223,244,2,3,0.129032258064,3.79477838494e-05
223,324,2,2,0.036866359447,2.14334705075e-05
223,374,2,3,1.8801843318,0.000711178045515
223,454,2,2,0.0921658986175,5.39583872917e-05
223,463,2,2,0.036866359447,2.14334705075e-05
223,489,2,2,0.129032258064,7.58955676988e-05
231,21,2,2,0.3133640553,0.00018873789857
231,22,2,3,0.239631336406,7.14788422627e-05
231,23,2,2,0.129032258064,7.58955676988e-05
231,29,2,2,0.036866359447,2.14334705075e-05
231,42,2,2,0.129032258064,7.58955676988e-05
231,53,2,2,0.036866359447,2.14334705075e-05
231,54,2,2,0.0737327188941,4.30663221361e-05
231,56,2,2,0.036866359447,2.14334705075e-05
231,58,2,3,3.22580645161,0.00431410900565
231,60,2,3,3.92626728111,0.00223102061337
231,63,2,3,0.36866359447,0.000111826802648
231,64,2,2,0.0737327188941,4.30663221361e-05
231,65,2,2,0.0737327188941,4.30663221361e-05
231,68,2,3,0.221198156682,6.58241179568e-05
231,95,2,2,0.0737327188941,4.30663221361e-05
231,112,2,2,0.811059907834,0.000522317188984
231,113,2,2,0.036866359447,2.14334705075e-05
231,128,2,2,0.036866359447,2.14334705075e-05
231,133,2,2,0.036866359447,2.14334705075e-05
231,135,2,3,0.0737327188941,2.1533161068e-05
231,142,2,2,0.147465437788,8.69414014954e-05
231,158,2,2,0.0921658986175,5.39583872917e-05
231,171,2,2,2.1198156682,0.00180802184774
231,192,2,2,0.036866359447,2.14334705075e-05
231,233,2,3,2.89400921659,0.00131583970203
231,242,2,2,0.036866359447,2.14334705075e-05
231,244,2,3,0.129032258064,3.79477838494e-05
231,324,2,2,0.036866359447,2.14334705075e-05
231,374,2,3,2.21198156682,0.00103093502302
231,454,2,2,0.0921658986175,5.39583872917e-05
231,463,2,2,0.036866359447,2.14334705075e-05
231,489,2,2,0.129032258064,7.58955676988e-05
232,21,3,2,1.09677419355,0.000334158902386
232,22,3,3,0.838709677419,0.000126552704334
232,23,3,2,3.67741935484,0.012443988614
232,29,3,2,0.129032258064,3.79477838494e-05
232,42,3,2,0.451612903226,0.000134372480516
232,53,3,2,0.129032258064,3.79477838494e-05
232,54,3,2,0.258064516129,7.62485703393e-05
232,56,3,2,0.129032258064,3.79477838494e-05
232,58,3,3,3.03225806452,0.000497733723048
232,60,3,3,9.63133640553,0.0257989943167
232,63,3,3,3.24423963134,0.00206826375121
232,64,3,2,0.258064516129,7.62485703393e-05
232,65,3,2,0.258064516129,7.62485703393e-05
232,68,3,3,0.774193548387,0.000116541061301
232,95,3,2,0.258064516129,7.62485703393e-05
232,112,3,2,2.83870967742,0.000924758301807
232,113,3,2,0.129032258064,3.79477838494e-05
232,128,3,2,0.129032258064,3.79477838494e-05
232,133,3,2,0.129032258064,3.79477838494e-05
232,135,3,3,0.258064516129,3.81242851697e-05
232,142,3,2,0.516129032258,0.000153929038713
232,158,3,2,0.322580645161,9.55328824181e-05
232,171,3,2,11.2995391705,0.0110182291364
232,192,3,2,0.129032258064,3.79477838494e-05
232,233,3,3,11.2718894009,0.00577677774109
232,242,3,2,0.129032258064,3.79477838494e-05
232,244,3,3,0.451612903226,6.7186240258e-05
232,324,3,2,0.129032258064,3.79477838494e-05
232,374,3,3,6.58064516129,0.00125913490026
232,454,3,2,0.322580645161,9.55328824181e-05
232,463,3,2,0.129032258064,3.79477838494e-05
232,489,3,2,0.451612903226,0.000134372480516
237,21,2,2,0.626728110599,0.000379231498522
237,22,2,3,0.479262672811,0.000143622603988
237,23,2,2,7.74193548387,0.137247426611
237,29,2,2,0.0737327188941,4.30663221361e-05
237,42,2,2,0.258064516129,0.000152497140679
237,53,2,2,7.92626728111,0.497685185185
237,54,2,2,0.147465437788,8.65332612223e-05
237,56,2,2,7.92626728111,0.497685185185
237,58,2,3,1.73271889401,0.000564869899645
237,60,2,3,0.221198156682,2.40383056885e-05
237,63,2,3,0.73732718894,0.000224693854623
237,64,2,2,0.147465437788,8.65332612223e-05
237,65,2,2,0.147465437788,8.65332612223e-05
237,68,2,3,0.442396313364,0.00013226055329
237,95,2,2,0.147465437788,8.65332612223e-05
237,112,2,2,1.62211981567,0.00104949314252
237,113,2,2,0.0737327188941,4.30663221361e-05
237,128,2,2,0.0737327188941,4.30663221361e-05
237,133,2,2,0.0737327188941,4.30663221361e-05
237,135,2,3,0.147465437788,4.32666306111e-05
237,142,2,2,0.294930875576,0.000174691560214
237,158,2,2,0.184331797235,0.00010841871307
237,171,2,2,3.76036866359,0.00285794340151
237,192,2,2,0.0737327188941,4.30663221361e-05
237,233,2,3,5.78801843318,0.00264391977339
237,242,2,2,0.0737327188941,4.30663221361e-05
237,244,2,3,0.258064516129,7.62485703393e-05
237,324,2,2,0.0737327188941,4.30663221361e-05
237,374,2,3,3.76036866359,0.00142897170076
237,454,2,2,0.184331797235,0.00010841871307
237,463,2,2,0.0737327188941,4.30663221361e-05
237,489,2,2,0.258064516129,0.000152497140679
240,21,2,2,0.3133640553,0.00018873789857
240,22,2,3,0.239631336406,7.14788422627e-05
240,23,2,2,0.129032258064,7.58955676988e-05
240,29,2,2,0.036866359447,2.14334705075e-05
240,42,2,2,0.129032258064,7.58955676988e-05
240,53,2,2,0.036866359447,2.14334705075e-05
240,54,2,2,0.0737327188941,4.30663221361e-05
240,56,2,2,0.036866359447,2.14334705075e-05
240,58,2,3,0.866359447005,0.000281127380611
240,60,2,3,0.110599078341,1.19635086181e-05
240,63,2,3,3.6866359447,0.0130658107312
240,64,2,2,0.0737327188941,4.30663221361e-05
240,65,2,2,0.0737327188941,4.30663221361e-05
240,68,2,3,0.221198156682,6.58241179568e-05
240,95,2,2,0.0737327188941,4.30663221361e-05
240,112,2,2,0.811059907834,0.000522317188984
240,113,2,2,0.036866359447,2.14334705075e-05
240,128,2,2,0.036866359447,2.14334705075e-05
240,133,2,2,0.036866359447,2.14334705075e-05
240,135,2,3,0.0737327188941,2.1533161068e-05
240,142,2,2,0.147465437788,8.69414014954e-05
240,158,2,2,0.0921658986175,5.39583872917e-05
240,171,2,2,2.1198156682,0.00180802184774
240,192,2,2,0.036866359447,2.14334705075e-05
240,233,2,3,2.63594470046,0.00115922290529
240,242,2,2,0.036866359447,2.14334705075e-05
240,244,2,3,0.129032258064,3.79477838494e-05
240,324,2,2,0.036866359447,2.14334705075e-05
240,374,2,3,1.8801843318,0.000711178045515
240,454,2,2,0.0921658986175,5.39583872917e-05
240,463,2,2,0.036866359447,2.14334705075e-05
240,489,2,2,0.129032258064,7.58955676988e-05
245,21,3,2,10.3410138249,0.00365577103535
245,22,3,3,7.90783410138,0.00138451409687
245,23,3,2,3.54838709677,0.00550536420102
245,29,3,2,1.21658986175,0.000415157004831
245,42,3,2,4.25806451613,0.00147006414825
245,53,3,2,1.21658986175,0.000415157004831
245,54,3,2,2.4331797235,0.000834175935288
245,56,3,2,1.21658986175,0.000415157004831
245,58,3,3,24.5898617512,0.00405951076926
245,60,3,3,115.649769585,0.034623703544
245,63,3,3,12.1658986175,0.00216603654694
245,64,3,2,2.4331797235,0.000834175935288
245,65,3,2,2.4331797235,0.000834175935288
245,68,3,3,7.29953917051,0.00127498454564
245,95,3,2,2.4331797235,0.000834175935288
245,112,3,2,149.695852535,0.36874913336
245,113,3,2,1.21658986175,0.000415157004831
245,128,3,2,6.98617511521,0.0159511784512
245,133,3,2,2.98617511521,0.00293417645659
245,135,3,3,2.4331797235,0.000417087967644
245,142,3,2,23.1889400922,0.200327742559
245,158,3,2,3.04147465438,0.00104515050167
245,171,3,2,58.0460829493,0.0241320883978
245,192,3,2,1.21658986175,0.000415157004831
245,233,3,3,123.207373272,0.0560301325968
245,242,3,2,1.21658986175,0.000415157004831
245,244,3,3,4.25806451613,0.000735032074127
245,324,3,2,1.21658986175,0.000415157004831
245,374,3,3,55.2580645161,0.011384730888
245,454,3,2,3.04147465438,0.00104515050167
245,463,3,2,2.98617511521,0.00293417645659
245,489,3,2,8.45161290323,0.00683970341846
267,21,3,2,14.2580645161,0.00540791856311
267,22,3,3,10.9032258065,0.00204808764361
267,23,3,2,6.25806451613,0.00253137143001
267,29,3,2,6.35944700461,0.00897315855181
267,42,3,2,5.74193548387,0.0357228204095
267,53,3,2,1.67741935484,0.000614134542706
267,54,3,2,3.35483870968,0.00123398196488
267,56,3,2,6.35944700461,0.00897315855181
267,58,3,3,39.4193548387,0.00805516004852
267,60,3,3,179.032258065,0.0642330458902
267,63,3,3,14.2857142857,0.00286386218013
267,64,3,2,3.35483870968,0.00123398196488
267,65,3,2,3.35483870968,0.00123398196488
267,68,3,3,10.064516129,0.00188606248186
267,95,3,2,3.35483870968,0.00123398196488
267,112,3,2,135.907834101,0.206344324482
267,113,3,2,2.35944700461,0.00123941586622
267,128,3,2,6.35944700461,0.00897315855181
267,133,3,2,1.67741935484,0.000614134542706
267,135,3,3,3.35483870968,0.000616990982439
267,142,3,2,21.4377880184,0.0258522779265
267,158,3,2,4.1935483871,0.00154607297464
267,171,3,2,81.5483870968,0.0370343751417
267,192,3,2,2.35944700461,0.00123941586622
267,233,3,3,109.834101382,0.029418773711
267,242,3,2,1.67741935484,0.000614134542706
267,244,3,3,6.94930875576,0.0627645755525
267,324,3,2,1.67741935484,0.000614134542706
267,374,3,3,77.5483870968,0.0173529328259
267,454,3,2,4.1935483871,0.00154607297464
267,463,3,2,2.35944700461,0.00123941586622
267,489,3,2,1.87096774194,0.000238779675903
270,21,2,2,25.4562211982,0.023268555094
270,22,2,3,15.0599078341,0.0091385954428
270,23,2,2,0.129032258064,1.41787256729e-06
270,29,2,2,4.53456221198,0.00605791962175
270,42,2,2,0.129032258064,1.41787256729e-06
270,53,2,2,3.46543778802,0.00353809093646
270,54,2,2,6.93087557604,0.00710909434676
270,56,2,2,4.53456221198,0.00605791962175
270,58,2,3,72.7741935484,0.047376530173
270,60,2,3,9.06912442396,0.00191367625099
270,63,2,3,17.3456221198,0.00462932547602
270,64,2,2,1.06912442396,0.000169158792033
270,65,2,2,6.93087557604,0.00710909434676
270,68,2,3,17.3271889401,0.0119331918337
270,95,2,2,2.93087557604,0.00127125547604
270,112,2,2,95.7603686636,0.136025664211
270,113,2,2,4.53456221198,0.00605791962175
270,128,2,2,4.53456221198,0.00605791962175
270,133,2,2,4.53456221198,0.00605791962175
270,135,2,3,3.46543778802,0.00180865143634
270,142,2,2,14.1382488479,0.0149299439316
270,158,2,2,11.33640553,0.0152507067401
270,171,2,2,176.737327189,0.234792829856
270,192,2,2,0.534562211982,8.41878247388e-05
270,233,2,3,272.221198157,0.246998914657
270,242,2,2,4.53456221198,0.00605791962175
270,244,2,3,8.66359447005,0.00448951625024
270,324,2,2,3.46543778802,0.00353809093646
270,374,2,3,164.073732719,0.106243117361
270,454,2,2,11.33640553,0.0152507067401
270,463,2,2,4.53456221198,0.00605791962175
270,489,2,2,0.129032258064,1.41787256729e-06
271,21,2,2,1.72350230415,0.00106014479197
271,22,2,3,1.31797235023,0.000401498177816
271,23,2,2,0.709677419355,0.000426307018564
271,29,2,2,0.202764976959,0.000120392259872
271,42,2,2,0.709677419355,0.000426307018564
271,53,2,2,0.202764976959,0.000120392259872
271,54,2,2,0.405529953917,0.000241904447743
271,56,2,2,0.202764976959,0.000120392259872
271,58,2,3,0.764976958525,0.000158826152559
271,60,2,3,21.5944700461,0.0125316902538
271,63,2,3,38.2764976959,0.261443099683
271,64,2,2,3.59447004608,0.0190049930278
271,65,2,2,0.405529953917,0.000241904447743
271,68,2,3,1.21658986175,0.000369735471077
271,95,2,2,0.405529953917,0.000241904447743
271,112,2,2,4.46082949309,0.00293386676365
271,113,2,2,0.202764976959,0.000120392259872
271,128,2,2,0.202764976959,0.000120392259872
271,133,2,2,0.202764976959,0.000120392259872
271,135,2,3,0.405529953917,0.000120952223872
271,142,2,2,0.811059907834,0.000488351702017
271,158,2,2,0.506912442396,0.000303085409468
271,171,2,2,6.34101382488,0.00300403901291
271,192,2,2,0.202764976959,0.000120392259872
271,233,2,3,25.5023041475,0.0199586620961
271,242,2,2,7.79723502304,0.17803030303
271,244,2,3,0.709677419355,0.000213153509282
271,324,2,2,0.202764976959,0.000120392259872
271,374,2,3,7.4930875576,0.0337778720617
271,454,2,2,3.4930875576,0.0143918979509
271,463,2,2,3.79723502304,0.0422228590077
271,489,2,2,0.709677419355,0.000426307018564
277,21,2,2,25.6129032258,0.0235268741123
277,22,2,3,15.1612903226,0.00918626045874
277,23,2,2,0.193548387097,3.18628622409e-06
277,29,2,2,4.51612903226,0.00600137174211
277,42,2,2,0.193548387097,3.18628622409e-06
277,53,2,2,3.48387096774,0.00357142857143
277,54,2,2,6.96774193548,0.00717607973422
277,56,2,2,4.51612903226,0.00600137174211
277,58,2,3,73.1612903226,0.047691508415
277,60,2,3,7.03225806452,0.00186050358897
277,63,2,3,17.1612903226,0.00452597571503
277,64,2,2,1.03225806452,0.000157499692383
277,65,2,2,6.96774193548,0.00717607973422
277,68,2,3,17.4193548387,0.0119898406967
277,95,2,2,2.96774193548,0.00130183339486
277,112,2,2,95.3548387097,0.134709981377
277,113,2,2,4.51612903226,0.00600137174211
277,128,2,2,4.51612903226,0.00600137174211
277,133,2,2,4.51612903226,0.00600137174211
277,135,2,3,3.48387096774,0.00182249644044
277,142,2,2,14.064516129,0.0147564398738
277,158,2,2,11.2903225806,0.0151083484417
277,171,2,2,177.677419355,0.237005163511
277,192,2,2,0.516129032258,7.83852635704e-05
277,233,2,3,274.903225806,0.251177383482
277,242,2,2,4.51612903226,0.00600137174211
277,244,2,3,8.70967741935,0.00452877481984
277,324,2,2,3.48387096774,0.00357142857143
277,374,2,3,164.967741935,0.107221859362
277,454,2,2,11.2903225806,0.0151083484417
277,463,2,2,4.51612903226,0.00600137174211
277,489,2,2,0.193548387097,3.18628622409e-06
282,21,2,2,19.7419354839,0.0166775670373
282,22,2,3,15.0967741935,0.00631613042539
282,23,2,2,3.87096774194,0.00152072751604
282,29,2,2,5.67741935484,0.011316872428
282,42,2,2,0.129032258065,1.68969724005e-06
282,53,2,2,2.32258064516,0.00189393939394
282,54,2,2,4.64516129032,0.00380549682875
282,56,2,2,5.67741935484,0.011316872428
282,58,2,3,54.5806451613,0.0248414376321
282,60,2,3,114.967741935,0.0429002973608
282,63,2,3,24.7741935484,0.0126462530555
282,64,2,2,4.64516129032,0.00380549682875
282,65,2,2,4.64516129032,0.00380549682875
282,68,2,3,13.935483871,0.00581645842309
282,95,2,2,4.64516129032,0.00380549682875
282,112,2,2,120.903225806,0.258402498175
282,113,2,2,1.67741935484,0.000987888140666
282,128,2,2,5.67741935484,0.011316872428
282,133,2,2,5.67741935484,0.011316872428
282,135,2,3,4.64516129032,0.00190274841438
282,142,2,2,14.7096774194,0.0192594963722
282,158,2,2,5.8064516129,0.00476795931341
282,171,2,2,118.451612903,0.125684556407
282,192,2,2,1.67741935484,0.000987888140666
282,233,2,3,119.612903226,0.0651564218838
282,242,2,2,5.67741935484,0.011316872428
282,244,2,3,5.8064516129,0.00286213591249
282,324,2,2,2.32258064516,0.00189393939394
282,374,2,3,112.64516129,0.0640279733653
282,454,2,2,1.8064516129,0.000461491370582
282,463,2,2,5.67741935484,0.011316872428
282,489,2,2,3.87096774194,0.00152072751604
294,21,2,2,0.3133640553,0.00018873789857
294,22,2,3,0.239631336406,7.14788422627e-05
294,23,2,2,0.129032258064,7.58955676988e-05
294,29,2,2,0.036866359447,2.14334705075e-05
294,42,2,2,0.129032258064,7.58955676988e-05
294,53,2,2,0.036866359447,2.14334705075e-05
294,54,2,2,0.0737327188941,4.30663221361e-05
294,56,2,2,0.036866359447,2.14334705075e-05
294,58,2,3,0.866359447005,0.000281127380611
294,60,2,3,0.110599078341,1.19635086181e-05
294,63,2,3,0.36866359447,0.000111826802648
294,64,2,2,0.0737327188941,4.30663221361e-05
294,65,2,2,0.0737327188941,4.30663221361e-05
294,68,2,3,0.221198156682,6.58241179568e-05
294,95,2,2,0.0737327188941,4.30663221361e-05
294,112,2,2,0.811059907834,0.000522317188984
294,113,2,2,0.036866359447,2.14334705075e-05
294,128,2,2,0.036866359447,2.14334705075e-05
294,133,2,2,0.036866359447,2.14334705075e-05
294,135,2,3,0.0737327188941,2.1533161068e-05
294,142,2,2,0.147465437788,8.69414014954e-05
294,158,2,2,0.0921658986175,5.39583872917e-05
294,171,2,2,1.8801843318,0.00142235609103
294,192,2,2,0.036866359447,2.14334705075e-05
294,233,2,3,2.47004608295,0.00104125940113
294,242,2,2,0.036866359447,2.14334705075e-05
294,244,2,3,0.129032258064,3.79477838494e-05
294,324,2,2,0.036866359447,2.14334705075e-05
294,374,2,3,1.8801843318,0.000711178045515
294,454,2,2,0.0921658986175,5.39583872917e-05
294,463,2,2,0.036866359447,2.14334705075e-05
294,489,2,2,0.129032258064,7.58955676988e-05
298,21,2,2,0.3133640553,0.00018873789857
298,22,2,3,0.239631336406,7.14788422627e-05
298,23,2,2,0.129032258064,7.58955676988e-05
298,29,2,2,0.036866359447,2.14334705075e-05
298,42,2,2,0.129032258064,7.58955676988e-05
298,53,2,2,0.036866359447,2.14334705075e-05
298,54,2,2,0.0737327188941,4.30663221361e-05
298,56,2,2,0.036866359447,2.14334705075e-05
298,58,2,3,0.866359447005,0.000281127380611
298,60,2,3,0.110599078341,1.19635086181e-05
298,63,2,3,0.36866359447,0.000111826802648
298,64,2,2,0.0737327188941,4.30663221361e-05
298,65,2,2,0.0737327188941,4.30663221361e-05
298,68,2,3,0.221198156682,6.58241179568e-05
298,95,2,2,0.0737327188941,4.30663221361e-05
298,112,2,2,3.18894009217,0.00807460286627
298,113,2,2,0.036866359447,2.14334705075e-05
298,128,2,2,0.036866359447,2.14334705075e-05
298,133,2,2,0.036866359447,2.14334705075e-05
298,135,2,3,0.0737327188941,2.1533161068e-05
298,142,2,2,0.147465437788,8.69414014954e-05
298,158,2,2,0.0921658986175,5.39583872917e-05
298,171,2,2,1.8801843318,0.00142235609103
298,192,2,2,0.036866359447,2.14334705075e-05
298,233,2,3,2.47004608295,0.00104125940113
298,242,2,2,0.036866359447,2.14334705075e-05
298,244,2,3,0.129032258064,3.79477838494e-05
298,324,2,2,0.036866359447,2.14334705075e-05
298,374,2,3,1.8801843318,0.000711178045515
298,454,2,2,0.0921658986175,5.39583872917e-05
298,463,2,2,0.036866359447,2.14334705075e-05
298,489,2,2,0.129032258064,7.58955676988e-05
299,21,2,2,0.470046082949,0.000283763708291
299,22,2,3,0.359447004608,0.000107467029666
299,23,2,2,0.193548387097,0.000114107489255
299,29,2,2,0.0552995391705,3.22248002062e-05
299,42,2,2,0.193548387097,0.000114107489255
299,53,2,2,0.0552995391705,3.22248002062e-05
299,54,2,2,0.110599078341,6.47493659958e-05
299,56,2,2,0.0552995391705,3.22248002062e-05
299,58,2,3,1.29953917051,0.000422669472473
299,60,2,3,5.88940092166,0.00335429549296
299,63,2,3,0.552995391705,0.00016812939238
299,64,2,2,0.110599078341,6.47493659958e-05
299,65,2,2,0.110599078341,6.47493659958e-05
299,68,2,3,0.331797235023,9.89652631926e-05
299,95,2,2,0.110599078341,6.47493659958e-05
299,112,2,2,1.21658986175,0.000785293592718
299,113,2,2,0.0552995391705,3.22248002062e-05
299,128,2,2,0.0552995391705,3.22248002062e-05
299,133,2,2,0.0552995391705,3.22248002062e-05
299,135,2,3,0.110599078341,3.23746829979e-05
299,142,2,2,0.221198156682,0.000130714682527
299,158,2,2,0.138248847926,8.11253711486e-05
299,171,2,2,2.8202764977,0.00213848433176
299,192,2,2,0.0552995391705,3.22248002062e-05
299,233,2,3,8.04608294931,0.00708224490127
299,242,2,2,0.0552995391705,3.22248002062e-05
299,244,2,3,0.193548387097,5.70537446274e-05
299,324,2,2,0.0552995391705,3.22248002062e-05
299,374,2,3,1.31797235023,0.0002719035061
299,454,2,2,0.138248847926,8.11253711486e-05
299,463,2,2,0.0552995391705,3.22248002062e-05
299,489,2,2,0.193548387097,0.000114107489255
314,21,2,2,0.470046082949,0.000283763708291
314,22,2,3,0.359447004608,0.000107467029666
314,23,2,2,3.8064516129,0.0441342411218
314,29,2,2,0.0552995391705,3.22248002062e-05
314,42,2,2,0.193548387097,0.000114107489255
314,53,2,2,0.0552995391705,3.22248002062e-05
314,54,2,2,0.110599078341,6.47493659958e-05
314,56,2,2,0.0552995391705,3.22248002062e-05
314,58,2,3,1.29953917051,0.000422669472473
314,60,2,3,5.83410138249,0.0834706897215
314,63,2,3,0.552995391705,0.00016812939238
314,64,2,2,0.110599078341,6.47493659958e-05
314,65,2,2,0.110599078341,6.47493659958e-05
314,68,2,3,0.331797235023,9.89652631926e-05
314,95,2,2,0.110599078341,6.47493659958e-05
314,112,2,2,1.21658986175,0.000785293592718
314,113,2,2,0.0552995391705,3.22248002062e-05
314,128,2,2,0.0552995391705,3.22248002062e-05
314,133,2,2,0.0552995391705,3.22248002062e-05
314,135,2,3,0.110599078341,3.23746829979e-05
314,142,2,2,0.221198156682,0.000130714682527
314,158,2,2,0.138248847926,8.11253711486e-05
314,171,2,2,9.1797235023,0.0226559301215
314,192,2,2,0.0552995391705,3.22248002062e-05
314,233,2,3,8.29493087558,0.00779166810957
314,242,2,2,0.0552995391705,3.22248002062e-05
314,244,2,3,0.193548387097,5.70537446274e-05
314,324,2,2,0.0552995391705,3.22248002062e-05
314,374,2,3,2.8202764977,0.00106924216588
314,454,2,2,0.138248847926,8.11253711486e-05
314,463,2,2,0.0552995391705,3.22248002062e-05
314,489,2,2,0.193548387097,0.000114107489255
