NP site,NA site,N alleles NP,N alleles NA,Chi,ChiSqDf
21,26,2,2,0.3133640553,0.00018873789857
21,27,2,2,44.7926267281,0.186680091421
21,34,2,2,2.1935483871,0.0013589128697
21,35,2,2,1.2534562212,0.000765584715326
21,39,2,2,0.470046082949,0.000283763708291
21,44,2,3,54.9861751152,0.195154640993
21,45,2,3,2.97695852535,0.000933229320158
21,47,2,2,0.470046082949,0.000283763708291
21,48,2,2,0.470046082949,0.000283763708291
21,50,2,4,38.4331797235,0.192869430414
21,51,2,3,54.4423963134,0.115567387224
21,52,2,2,0.470046082949,0.000283763708291
21,53,2,3,3.133640553,0.0009847194708
21,59,2,3,0.626728110599,0.000189615749261
21,61,2,2,4.54377880184,0.00291914616455
21,68,2,2,3.29032258065,0.00207291793684
21,69,2,2,1.96313364055,0.00116936147667
21,71,2,2,54.9861751152,0.390306236135
21,76,2,2,0.3133640553,0.00018873789857
21,89,2,2,55.4562211982,0.434832529139
21,95,2,2,0.3133640553,0.00018873789857
21,121,2,2,0.470046082949,0.000283763708291
21,126,2,3,27.4930875576,0.0134320781571
21,129,2,2,0.3133640553,0.00018873789857
21,133,2,2,0.470046082949,0.000283763708291
21,148,2,2,0.3133640553,0.00018873789857
21,149,2,2,32.5069124424,0.0374691606503
21,154,2,2,0.3133640553,0.00018873789857
21,158,2,2,0.3133640553,0.00018873789857
21,170,2,2,0.470046082949,0.000283763708291
21,187,2,2,38.8479262673,0.0620876503597
21,192,2,2,0.3133640553,0.00018873789857
21,199,2,2,30.1566820276,0.0320723932936
21,200,2,3,1.48387096774,0.000183922662039
21,203,2,2,54.8294930876,0.37726337793
21,205,2,2,7.12442396313,0.00327046147562
21,211,2,2,0.470046082949,0.000283763708291
21,220,2,3,16.1382488479,0.00634296188427
21,221,2,2,13.2350230415,0.00816180487972
21,236,2,2,34.3041474654,0.0441326645363
21,245,2,2,14.2580645161,0.0108158371262
21,251,2,3,55.1428571429,0.202102277569
21,269,2,2,0.3133640553,0.00018873789857
21,272,2,3,4.23041474654,0.00135223516518
21,296,2,3,7.3732718894,0.0263569279581
21,321,2,3,21.8525345622,0.0089603548592
21,330,2,3,17.8617511521,0.00726169064748
21,340,2,2,0.783410138249,0.000475144360036
21,343,2,4,4.23963133641,0.00904989489973
21,346,2,4,13.6497695853,0.016673179374
21,361,2,2,1.41013824885,0.000863309352518
21,362,2,2,0.3133640553,0.00018873789857
21,374,2,3,12.5898617512,0.00283544056735
21,379,2,2,53.8894009217,0.313054181204
21,385,2,2,3.44700460829,0.00217689925729
21,390,2,3,29.8433179724,0.0157175409323
21,392,2,2,0.3133640553,0.00018873789857
21,396,2,4,7.6866359447,0.0387620143318
21,397,2,3,54.9861751152,0.19515830119
21,403,2,2,1.41013824885,0.000863309352518
21,417,2,2,3.6866359447,0.0261228925356
21,445,2,3,0.626728110599,0.000189615749261
21,446,2,2,0.3133640553,0.00018873789857
21,464,2,2,9.47465437788,0.0049810804689
21,465,2,2,0.3133640553,0.00018873789857
22,26,3,2,0.239631336406,7.14788422627e-05
22,27,3,2,35.33640553,0.0886786628146
22,34,3,2,1.67741935484,0.000514647664291
22,35,3,2,0.958525345622,0.00028994234608
22,39,3,2,0.359447004608,0.000107467029666
22,44,3,3,36.7741935484,0.0664788922479
22,45,3,3,2.27649769585,0.000353432733309
22,47,3,2,0.359447004608,0.000107467029666
22,48,3,2,0.359447004608,0.000107467029666
22,50,3,4,39.0322580645,0.151167712591
22,51,3,3,34.2580645161,0.0346102320187
22,52,3,2,0.359447004608,0.000107467029666
22,53,3,3,2.1935483871,0.000479857962043
22,59,3,3,0.479262672811,7.18113019941e-05
22,61,3,2,3.47465437788,0.001105539427
22,68,3,2,2.51612903226,0.000785055759089
22,69,3,2,7.76036866359,0.0752545534481
22,71,3,2,36.7557603687,0.132944648384
22,76,3,2,0.239631336406,7.14788422627e-05
22,89,3,2,37.0599078341,0.148003482923
22,95,3,2,0.239631336406,7.14788422627e-05
22,121,3,2,0.359447004608,0.000107467029666
22,126,3,3,24.0829493088,0.00665949660017
22,129,3,2,0.239631336406,7.14788422627e-05
22,133,3,2,0.359447004608,0.000107467029666
22,148,3,2,0.239631336406,7.14788422627e-05
22,149,3,2,27.9170506912,0.0178974486239
22,154,3,2,0.239631336406,7.14788422627e-05
22,158,3,2,0.239631336406,7.14788422627e-05
22,170,3,2,0.359447004608,0.000107467029666
22,187,3,2,30.3133640553,0.0297261656035
22,192,3,2,0.239631336406,7.14788422627e-05
22,199,3,2,26.1198156682,0.0155823876133
22,200,3,3,4.1935483871,0.000677167979331
22,203,3,2,36.6543778802,0.128534325637
22,205,3,2,8.5069124424,0.00301983340204
22,211,3,2,0.359447004608,0.000107467029666
22,220,3,3,12.3410138249,0.00240220737562
22,221,3,2,13.1797235023,0.00524178176593
22,236,3,2,27.3732718894,0.022694706757
22,245,3,2,10.9032258065,0.00409617528722
22,251,3,3,36.9400921659,0.0688499135319
22,269,3,2,0.239631336406,7.14788422627e-05
22,272,3,3,3.23502304147,0.00051211868314
22,296,3,3,0.838709677419,0.000126552704334
22,321,3,3,19.7695852535,0.00473514114915
22,330,3,3,13.6589861751,0.00275014845606
22,340,3,2,0.599078341014,0.000179946735766
22,343,3,4,4.1935483871,0.000451445319554
22,346,3,4,3.35483870968,0.000354929423649
22,361,3,2,1.07834101382,0.000326952633785
22,362,3,2,0.239631336406,7.14788422627e-05
22,374,3,3,24.9216589862,0.00710487040969
22,379,3,2,36.0460829493,0.106829719786
22,385,3,2,2.63594470046,0.000824435578719
22,390,3,3,23.8894009217,0.00668708484307
22,392,3,2,0.239631336406,7.14788422627e-05
22,396,3,4,1.83410138249,0.00028899988317
22,397,3,3,38.3686635945,0.0674850200288
22,403,3,2,1.07834101382,0.000326952633785
22,417,3,2,0.239631336406,7.14788422627e-05
22,445,3,3,0.479262672811,7.18113019941e-05
22,446,3,2,0.239631336406,7.14788422627e-05
22,464,3,2,10.3041474654,0.00381549130423
22,465,3,2,0.239631336406,7.14788422627e-05
23,26,2,2,0.129032258064,7.58955676988e-05
23,27,2,2,2.96774193548,0.00194355247592
23,34,2,2,11.0967741935,0.0824802051968
23,35,2,2,0.516129032258,0.000307858077426
23,39,2,2,0.193548387097,0.000114107489255
23,44,2,3,7.87096774194,0.141539812646
23,45,2,3,1.22580645161,0.000375271578116
23,47,2,2,0.193548387097,0.000114107489255
23,48,2,2,0.193548387097,0.000114107489255
23,50,2,4,0.967741935484,0.000195625806956
23,51,2,3,3.93548387097,0.00134048257373
23,52,2,2,0.193548387097,0.000114107489255
23,53,2,3,1.29032258065,0.000395976874951
23,59,2,3,0.258064516129,7.62485703393e-05
23,61,2,2,1.87096774194,0.00117385144708
23,68,2,2,2.64516129032,0.00317737542363
23,69,2,2,0.838709677419,0.000506210817336
23,71,2,2,2.06451612903,0.00130495065655
23,76,2,2,0.129032258064,7.58955676988e-05
23,89,2,2,1.87096774194,0.00117385144708
23,95,2,2,0.129032258064,7.58955676988e-05
23,121,2,2,0.193548387097,0.000114107489255
23,126,2,3,6.77419354839,0.00216293607941
23,129,2,2,0.129032258064,7.58955676988e-05
23,133,2,2,0.193548387097,0.000114107489255
23,148,2,2,0.129032258064,7.58955676988e-05
23,149,2,2,0.967741935484,7.87590927373e-05
23,154,2,2,0.129032258064,7.58955676988e-05
23,158,2,2,0.129032258064,7.58955676988e-05
23,170,2,2,0.193548387097,0.000114107489255
23,187,2,2,0.709677419355,4.91417455067e-05
23,192,2,2,0.129032258064,7.58955676988e-05
23,199,2,2,1.93548387097,0.000313330325362
23,200,2,3,2.25806451613,0.000719010641357
23,203,2,2,2.12903225806,0.00134908630064
23,205,2,2,4.58064516129,0.00320643092625
23,211,2,2,11.8064516129,0.424593967517
23,220,2,3,5.61290322581,0.00191257902614
23,221,2,2,7.09677419355,0.00556567496458
23,236,2,2,1.41935483871,0.000179187584226
23,245,2,2,6.12903225806,0.00474003843502
23,251,2,3,2.58064516129,0.000832154447866
23,269,2,2,0.129032258064,7.58955676988e-05
23,272,2,3,1.74193548387,0.000543762838845
23,296,2,3,0.451612903226,0.000134372480516
23,321,2,3,10.6451612903,0.00502772868548
23,330,2,3,4.83870967742,0.00131970377872
23,340,2,2,0.322580645161,0.000191065764836
23,343,2,4,2.25806451613,0.000479340427572
23,346,2,4,1.8064516129,0.000376860749953
23,361,2,2,0.58064516129,0.000347155255545
23,362,2,2,0.129032258064,7.58955676988e-05
23,374,2,3,2.70967741935,0.00033320905065
23,379,2,2,2.51612903226,0.0016185930691
23,385,2,2,1.41935483871,0.000875378004138
23,390,2,3,3.22580645161,0.000667135875438
23,392,2,2,0.129032258064,7.58955676988e-05
23,396,2,4,2.32258064516,0.000494274651948
23,397,2,3,2.06451612903,0.0006541164888
23,403,2,2,0.58064516129,0.000347155255545
23,417,2,2,0.129032258064,7.58955676988e-05
23,445,2,3,0.258064516129,7.62485703393e-05
23,446,2,2,0.129032258064,7.58955676988e-05
23,464,2,2,10.4516129032,0.01437548477
23,465,2,2,0.129032258064,7.58955676988e-05
29,26,2,2,0.036866359447,2.14334705075e-05
29,27,2,2,0.847926267281,0.000548873615884
29,34,2,2,0.258064516129,0.000154320987654
29,35,2,2,0.147465437788,8.69414014954e-05
29,39,2,2,0.0552995391705,3.22248002062e-05
29,44,2,3,0.626728110599,0.000196759259259
29,45,2,3,0.350230414747,0.000105979473449
29,47,2,2,0.0552995391705,3.22248002062e-05
29,48,2,2,0.0552995391705,3.22248002062e-05
29,50,2,4,0.276497695853,5.52461769646e-05
29,51,2,3,1.12442396313,0.000378562208321
29,52,2,2,0.0552995391705,3.22248002062e-05
29,53,2,3,0.36866359447,0.000111826802648
29,59,2,3,0.0737327188941,2.1533161068e-05
29,61,2,2,0.534562211982,0.00033150434385
29,68,2,2,7.61290322581,0.091049382716
29,69,2,2,0.239631336406,0.000142957684525
29,71,2,2,0.589861751152,0.000368527731712
29,76,2,2,0.036866359447,2.14334705075e-05
29,89,2,2,0.534562211982,0.00033150434385
29,95,2,2,0.036866359447,2.14334705075e-05
29,121,2,2,0.0552995391705,3.22248002062e-05
29,126,2,3,7.3732718894,0.0272331154684
29,129,2,2,0.036866359447,2.14334705075e-05
29,133,2,2,0.0552995391705,3.22248002062e-05
29,148,2,2,0.036866359447,2.14334705075e-05
29,149,2,2,4.29493087558,0.00536668509305
29,154,2,2,0.036866359447,2.14334705075e-05
29,158,2,2,0.036866359447,2.14334705075e-05
29,170,2,2,0.0552995391705,3.22248002062e-05
29,187,2,2,2.48847926267,0.00209030100334
29,192,2,2,0.036866359447,2.14334705075e-05
29,199,2,2,4.01843317972,0.00467249657064
29,200,2,3,0.645161290323,0.000203053931124
29,203,2,2,0.608294930876,0.000380991964533
29,205,2,2,1.30875576037,0.000905519844914
29,211,2,2,0.0552995391705,3.22248002062e-05
29,220,2,3,6.17511520737,0.00783295922185
29,221,2,2,2.02764976959,0.00157178783722
29,236,2,2,4.97695852535,0.00762195121951
29,245,2,2,6.32258064516,0.0174501424501
29,251,2,3,0.73732718894,0.000235006580184
29,269,2,2,0.036866359447,2.14334705075e-05
29,272,2,3,0.497695852535,0.000153562653563
29,296,2,3,7.94470046083,0.332561728395
29,321,2,3,3.04147465438,0.00141986782321
29,330,2,3,5.95391705069,0.00673590256924
29,340,2,2,0.0921658986175,5.39583872917e-05
29,343,2,4,0.645161290323,0.000135369287416
29,346,2,4,0.516129032258,0.000106428267348
29,361,2,2,0.165898617512,9.80392156863e-05
29,362,2,2,0.036866359447,2.14334705075e-05
29,374,2,3,3.83410138249,0.0021304490331
29,379,2,2,0.718894009217,0.000457102672293
29,385,2,2,0.405529953917,0.00024721323265
29,390,2,3,3.98156682028,0.00229357798165
29,392,2,2,0.036866359447,2.14334705075e-05
29,396,2,4,0.663594470046,0.000139586823004
29,397,2,3,3.81566820276,0.00211086637298
29,403,2,2,0.165898617512,9.80392156863e-05
29,417,2,2,0.036866359447,2.14334705075e-05
29,445,2,3,0.0737327188941,2.1533161068e-05
29,446,2,2,0.036866359447,2.14334705075e-05
29,464,2,2,1.58525345622,0.00114410387399
29,465,2,2,0.036866359447,2.14334705075e-05
42,26,2,2,0.129032258064,7.58955676988e-05
42,27,2,2,2.96774193548,0.00194355247592
42,34,2,2,0.903225806452,0.000546448087432
42,35,2,2,0.516129032258,0.000307858077426
42,39,2,2,0.193548387097,0.000114107489255
42,44,2,3,2.1935483871,0.000696721311475
42,45,2,3,1.22580645161,0.000375271578116
42,47,2,2,0.193548387097,0.000114107489255
42,48,2,2,7.8064516129,0.185627527798
42,50,2,4,0.967741935484,0.000195625806956
42,51,2,3,3.93548387097,0.00134048257373
42,52,2,2,0.193548387097,0.000114107489255
42,53,2,3,2.83870967742,0.00214958874973
42,59,2,3,0.258064516129,7.62485703393e-05
42,61,2,2,1.87096774194,0.00117385144708
42,68,2,2,1.35483870968,0.000833564879133
42,69,2,2,0.838709677419,0.000506210817336
42,71,2,2,2.06451612903,0.00130495065655
42,76,2,2,0.129032258064,7.58955676988e-05
42,89,2,2,1.87096774194,0.00117385144708
42,95,2,2,0.129032258064,7.58955676988e-05
42,121,2,2,0.193548387097,0.000114107489255
42,126,2,3,5.22580645161,0.00156319618956
42,129,2,2,0.129032258064,7.58955676988e-05
42,133,2,2,0.193548387097,0.000114107489255
42,148,2,2,0.129032258064,7.58955676988e-05
42,149,2,2,0.967741935484,7.87590927373e-05
42,154,2,2,0.129032258064,7.58955676988e-05
42,158,2,2,0.129032258064,7.58955676988e-05
42,170,2,2,0.193548387097,0.000114107489255
42,187,2,2,3.29032258065,0.00105634446333
42,192,2,2,0.129032258064,7.58955676988e-05
42,199,2,2,1.93548387097,0.000313330325362
42,200,2,3,2.25806451613,0.000719010641357
42,203,2,2,2.12903225806,0.00134908630064
42,205,2,2,4.58064516129,0.00320643092625
42,211,2,2,0.193548387097,0.000114107489255
42,220,2,3,2.64516129032,0.000432628856184
42,221,2,2,8.90322580645,0.00875972843186
42,236,2,2,1.41935483871,0.000179187584226
42,245,2,2,1.87096774194,0.000441703304581
42,251,2,3,2.58064516129,0.000832154447866
42,269,2,2,0.129032258064,7.58955676988e-05
42,272,2,3,1.74193548387,0.000543762838845
42,296,2,3,0.451612903226,0.000134372480516
42,321,2,3,6.70967741935,0.0022988739242
42,330,2,3,3.35483870968,0.000624775829694
42,340,2,2,3.67741935484,0.0248309067981
42,343,2,4,2.25806451613,0.000479340427572
42,346,2,4,1.8064516129,0.000376860749953
42,361,2,2,0.58064516129,0.000347155255545
42,362,2,2,0.129032258064,7.58955676988e-05
42,374,2,3,2.70967741935,0.00033320905065
42,379,2,2,2.51612903226,0.0016185930691
42,385,2,2,1.41935483871,0.000875378004138
42,390,2,3,6.06451612903,0.00303531631551
42,392,2,2,0.129032258064,7.58955676988e-05
42,396,2,4,2.45161290323,0.000930033984651
42,397,2,3,4.70967741935,0.00131934567717
42,403,2,2,0.58064516129,0.000347155255545
42,417,2,2,0.129032258064,7.58955676988e-05
42,445,2,3,0.258064516129,7.62485703393e-05
42,446,2,2,0.129032258064,7.58955676988e-05
42,464,2,2,5.54838709677,0.00405125306199
42,465,2,2,0.129032258064,7.58955676988e-05
53,26,2,2,0.036866359447,2.14334705075e-05
53,27,2,2,0.847926267281,0.000548873615884
53,34,2,2,0.258064516129,0.000154320987654
53,35,2,2,0.147465437788,8.69414014954e-05
53,39,2,2,7.94470046083,0.66512345679
53,44,2,3,7.41013824885,0.0290798611111
53,45,2,3,0.350230414747,0.000105979473449
53,47,2,2,0.0552995391705,3.22248002062e-05
53,48,2,2,0.0552995391705,3.22248002062e-05
53,50,2,4,0.276497695853,5.52461769646e-05
53,51,2,3,7.92626728111,0.248842592593
53,52,2,2,0.0552995391705,3.22248002062e-05
53,53,2,3,0.36866359447,0.000111826802648
53,59,2,3,0.0737327188941,2.1533161068e-05
53,61,2,2,0.534562211982,0.00033150434385
53,68,2,2,0.387096774194,0.000235404896422
53,69,2,2,0.239631336406,0.000142957684525
53,71,2,2,7.41013824885,0.0581597222222
53,76,2,2,0.036866359447,2.14334705075e-05
53,89,2,2,7.46543778802,0.0646551724138
53,95,2,2,0.036866359447,2.14334705075e-05
53,121,2,2,0.0552995391705,3.22248002062e-05
53,126,2,3,3.70506912442,0.00199690033381
53,129,2,2,0.036866359447,2.14334705075e-05
53,133,2,2,0.0552995391705,3.22248002062e-05
53,148,2,2,0.036866359447,2.14334705075e-05
53,149,2,2,4.29493087558,0.00536668509305
53,154,2,2,0.036866359447,2.14334705075e-05
53,158,2,2,0.036866359447,2.14334705075e-05
53,170,2,2,0.0552995391705,3.22248002062e-05
53,187,2,2,5.51152073733,0.0102537722908
53,192,2,2,0.036866359447,2.14334705075e-05
53,199,2,2,4.01843317972,0.00467249657064
53,200,2,3,0.645161290323,0.000203053931124
53,203,2,2,7.39170506912,0.0562570145903
53,205,2,2,1.30875576037,0.000905519844914
53,211,2,2,0.0552995391705,3.22248002062e-05
53,220,2,3,1.89861751152,0.000720320017903
53,221,2,2,2.02764976959,0.00157178783722
53,236,2,2,4.97695852535,0.00762195121951
53,245,2,2,1.67741935484,0.00122826908541
53,251,2,3,0.73732718894,0.000235006580184
53,269,2,2,0.036866359447,2.14334705075e-05
53,272,2,3,0.497695852535,0.000153562653563
53,296,2,3,0.129032258064,3.79477838494e-05
53,321,2,3,3.04147465438,0.00141986782321
53,330,2,3,2.10138248848,0.000824652777778
53,340,2,2,0.0921658986175,5.39583872917e-05
53,343,2,4,0.645161290323,0.000135369287416
53,346,2,4,7.72350230415,0.0431069958848
53,361,2,2,0.165898617512,9.80392156863e-05
53,362,2,2,0.036866359447,2.14334705075e-05
53,374,2,3,4.20276497696,0.00256202804746
53,379,2,2,7.28110599078,0.0468898385565
53,385,2,2,0.405529953917,0.00024721323265
53,390,2,3,3.98156682028,0.00229357798165
53,392,2,2,0.036866359447,2.14334705075e-05
53,396,2,4,0.663594470046,0.000139586823004
53,397,2,3,7.41013824885,0.0290798611111
53,403,2,2,0.165898617512,9.80392156863e-05
53,417,2,2,0.036866359447,2.14334705075e-05
53,445,2,3,0.0737327188941,2.1533161068e-05
53,446,2,2,0.036866359447,2.14334705075e-05
53,464,2,2,1.58525345622,0.00114410387399
53,465,2,2,0.036866359447,2.14334705075e-05
54,26,2,2,0.0737327188941,4.30663221361e-05
54,27,2,2,1.69585253456,0.00110285303285
54,34,2,2,0.516129032258,0.00031007751938
54,35,2,2,0.294930875576,0.000174691560214
54,39,2,2,0.110599078341,6.47493659958e-05
54,44,2,3,1.2534562212,0.000395348837209
54,45,2,3,0.700460829493,0.000212944802466
54,47,2,2,0.110599078341,6.47493659958e-05
54,48,2,2,0.110599078341,6.47493659958e-05
54,50,2,4,0.552995391705,0.000111006271854
54,51,2,3,2.24884792627,0.000760645925556
54,52,2,2,0.110599078341,6.47493659958e-05
54,53,2,3,0.73732718894,0.000224693854623
54,59,2,3,0.147465437788,4.32666306111e-05
54,61,2,2,1.06912442396,0.000666092449038
54,68,2,2,0.774193548387,0.000472999605834
54,69,2,2,0.479262672811,0.000287245207977
54,71,2,2,1.1797235023,0.00074048362837
54,76,2,2,0.0737327188941,4.30663221361e-05
54,89,2,2,1.06912442396,0.000666092449038
54,95,2,2,0.0737327188941,4.30663221361e-05
54,121,2,2,0.110599078341,6.47493659958e-05
54,126,2,3,9.84331797235,0.00743629021028
54,129,2,2,0.0737327188941,4.30663221361e-05
54,133,2,2,0.110599078341,6.47493659958e-05
54,148,2,2,0.0737327188941,4.30663221361e-05
54,149,2,2,7.41013824885,0.00802475296936
54,154,2,2,0.0737327188941,4.30663221361e-05
54,158,2,2,0.0737327188941,4.30663221361e-05
54,170,2,2,0.110599078341,6.47493659958e-05
54,187,2,2,4.97695852535,0.00420004666719
54,192,2,2,0.0737327188941,4.30663221361e-05
54,199,2,2,7.96313364055,0.00921698314487
54,200,2,3,1.29032258065,0.000407996736026
54,203,2,2,1.21658986175,0.000765528040364
54,205,2,2,5.38248847926,0.00769364730893
54,211,2,2,0.110599078341,6.47493659958e-05
54,220,2,3,3.79723502304,0.00144734068714
54,221,2,2,11.9447004608,0.027399577167
54,236,2,2,6.04608294931,0.00565030146425
54,245,2,2,3.35483870968,0.00246796392976
54,251,2,3,1.47465437788,0.000472199268091
54,269,2,2,0.0737327188941,4.30663221361e-05
54,272,2,3,0.995391705069,0.000308553796926
54,296,2,3,0.258064516129,7.62485703393e-05
54,321,2,3,10.6912442396,0.0093669250646
54,330,2,3,3.90783410138,0.00147227896501
54,340,2,2,0.184331797235,0.00010841871307
54,343,2,4,1.29032258065,0.000271997824017
54,346,2,4,1.03225806452,0.00021384656509
54,361,2,2,0.331797235023,0.000196990424077
54,362,2,2,0.0737327188941,4.30663221361e-05
54,374,2,3,8.40552995392,0.00514788891398
54,379,2,2,1.43778801843,0.000918457462467
54,385,2,2,0.811059907834,0.000496726123278
54,390,2,3,8.70046082949,0.00554381019497
54,392,2,2,0.0737327188941,4.30663221361e-05
54,396,2,4,1.32718894009,0.000280472128082
54,397,2,3,9.54838709677,0.00688372093023
54,403,2,2,0.331797235023,0.000196990424077
54,417,2,2,0.0737327188941,4.30663221361e-05
54,445,2,3,0.147465437788,4.32666306111e-05
54,446,2,2,0.0737327188941,4.30663221361e-05
54,464,2,2,3.17050691244,0.00229885057471
54,465,2,2,0.0737327188941,4.30663221361e-05
56,26,2,2,0.036866359447,2.14334705075e-05
56,27,2,2,0.847926267281,0.000548873615884
56,34,2,2,0.258064516129,0.000154320987654
56,35,2,2,0.147465437788,8.69414014954e-05
56,39,2,2,0.0552995391705,3.22248002062e-05
56,44,2,3,7.96313364055,0.5
56,45,2,3,0.350230414747,0.000105979473449
56,47,2,2,0.0552995391705,3.22248002062e-05
56,48,2,2,0.0552995391705,3.22248002062e-05
56,50,2,4,0.276497695853,5.52461769646e-05
56,51,2,3,1.12442396313,0.000378562208321
56,52,2,2,0.0552995391705,3.22248002062e-05
56,53,2,3,0.36866359447,0.000111826802648
56,59,2,3,0.0737327188941,2.1533161068e-05
56,61,2,2,0.534562211982,0.00033150434385
56,68,2,2,0.387096774194,0.000235404896422
56,69,2,2,0.239631336406,0.000142957684525
56,71,2,2,0.589861751152,0.000368527731712
56,76,2,2,0.036866359447,2.14334705075e-05
56,89,2,2,0.534562211982,0.00033150434385
56,95,2,2,0.036866359447,2.14334705075e-05
56,121,2,2,0.0552995391705,3.22248002062e-05
56,126,2,3,3.70506912442,0.00199690033381
56,129,2,2,0.036866359447,2.14334705075e-05
56,133,2,2,0.0552995391705,3.22248002062e-05
56,148,2,2,0.036866359447,2.14334705075e-05
56,149,2,2,4.29493087558,0.00536668509305
56,154,2,2,0.036866359447,2.14334705075e-05
56,158,2,2,0.036866359447,2.14334705075e-05
56,170,2,2,0.0552995391705,3.22248002062e-05
56,187,2,2,5.51152073733,0.0102537722908
56,192,2,2,0.036866359447,2.14334705075e-05
56,199,2,2,4.01843317972,0.00467249657064
56,200,2,3,0.645161290323,0.000203053931124
56,203,2,2,0.608294930876,0.000380991964533
56,205,2,2,1.30875576037,0.000905519844914
56,211,2,2,0.0552995391705,3.22248002062e-05
56,220,2,3,6.17511520737,0.00783295922185
56,221,2,2,2.02764976959,0.00157178783722
56,236,2,2,4.97695852535,0.00762195121951
56,245,2,2,6.32258064516,0.0174501424501
56,251,2,3,0.73732718894,0.000235006580184
56,269,2,2,0.036866359447,2.14334705075e-05
56,272,2,3,0.497695852535,0.000153562653563
56,296,2,3,0.129032258064,3.79477838494e-05
56,321,2,3,3.04147465438,0.00141986782321
56,330,2,3,5.95391705069,0.00673590256924
56,340,2,2,0.0921658986175,5.39583872917e-05
56,343,2,4,0.645161290323,0.000135369287416
56,346,2,4,0.516129032258,0.000106428267348
56,361,2,2,0.165898617512,9.80392156863e-05
56,362,2,2,0.036866359447,2.14334705075e-05
56,374,2,3,3.83410138249,0.0021304490331
56,379,2,2,0.718894009217,0.000457102672293
56,385,2,2,0.405529953917,0.00024721323265
56,390,2,3,3.98156682028,0.00229357798165
56,392,2,2,0.036866359447,2.14334705075e-05
56,396,2,4,0.663594470046,0.000139586823004
56,397,2,3,3.81566820276,0.00211086637298
56,403,2,2,0.165898617512,9.80392156863e-05
56,417,2,2,0.036866359447,2.14334705075e-05
56,445,2,3,0.0737327188941,2.1533161068e-05
56,446,2,2,0.036866359447,2.14334705075e-05
56,464,2,2,1.58525345622,0.00114410387399
56,465,2,2,0.036866359447,2.14334705075e-05
58,26,3,2,0.866359447005,0.000281127380611
58,27,3,2,19.9262672811,0.00719917951997
58,34,3,2,6.06451612903,0.0020241171404
58,35,3,2,3.46543778802,0.00114034768473
58,39,3,2,1.29953917051,0.000422669472473
58,44,3,3,14.7281105991,0.00258074935401
58,45,3,3,8.23041474654,0.00139005634943
58,47,3,2,1.29953917051,0.000422669472473
58,48,3,2,6.83870967742,0.0129368833572
58,50,3,4,6.49769585253,0.000724624274605
58,51,3,3,22.4239631336,0.00359549836483
58,52,3,2,1.29953917051,0.000422669472473
58,53,3,3,7.84331797235,0.00342747292528
58,59,3,3,1.73271889401,0.000282434949823
58,61,3,2,12.5622119816,0.00434810348678
58,68,3,2,1.09677419355,0.000298380640742
58,69,3,2,7.40092165899,0.0286766938095
58,71,3,2,13.8617511521,0.00483371257408
58,76,3,2,0.866359447005,0.000281127380611
58,89,3,2,12.5622119816,0.00434810348678
58,95,3,2,0.866359447005,0.000281127380611
58,121,3,2,1.29953917051,0.000422669472473
58,126,3,3,104.138248848,0.0447701761862
58,129,3,2,0.866359447005,0.000281127380611
58,133,3,2,1.29953917051,0.000422669472473
58,148,3,2,3.22580645161,0.00431410900565
58,149,3,2,73.8064516129,0.0417736538278
58,154,3,2,0.866359447005,0.000281127380611
58,158,3,2,0.866359447005,0.000281127380611
58,170,3,2,1.29953917051,0.000422669472473
58,187,3,2,58.4792626728,0.0274169712997
58,192,3,2,0.866359447005,0.000281127380611
58,199,3,2,83.6129032258,0.0577848194068
58,200,3,3,15.1612903226,0.00266331202684
58,203,3,2,14.2949308756,0.00499719693016
58,205,3,2,30.7557603687,0.0118770509891
58,211,3,2,1.29953917051,0.000422669472473
58,220,3,3,42.9769585253,0.0293842612574
58,221,3,2,105.419354839,0.112549446518
58,236,3,2,71.0414746544,0.0368839123361
58,245,3,2,39.4193548387,0.016110320097
58,251,3,3,17.3271889401,0.00308241188893
58,269,3,2,0.866359447005,0.000281127380611
58,272,3,3,11.6958525346,0.00201417061882
58,296,3,3,3.03225806452,0.000497733723048
58,321,3,3,112.741935484,0.0551752230964
58,330,3,3,49.3824884793,0.010816375969
58,340,3,2,2.06451612903,0.000763749600959
58,343,3,4,15.1612903226,0.00177554135122
58,346,3,4,12.1290322581,0.00139594285545
58,361,3,2,3.89861751152,0.00128590971272
58,362,3,2,7.22580645161,0.0216049382716
58,374,3,3,88.3041474654,0.0317432724736
58,379,3,2,16.8940092166,0.00599548621333
58,385,3,2,9.52995391705,0.00324251774918
58,390,3,3,91.7695852535,0.0342317995401
58,392,3,2,0.866359447005,0.000281127380611
58,396,3,4,15.5944700461,0.00183085972498
58,397,3,3,100.995391705,0.0403191157554
58,403,3,2,3.89861751152,0.00128590971272
58,417,3,2,0.866359447005,0.000281127380611
58,445,3,3,1.73271889401,0.000282434949823
58,446,3,2,0.866359447005,0.000281127380611
58,464,3,2,37.2534562212,0.015006385696
58,465,3,2,0.866359447005,0.000281127380611
60,26,3,2,0.110599078341,1.19635086181e-05
60,27,3,2,2.30414746544,0.00029906397405
60,34,3,2,16.7741935484,0.00599963645684
60,35,3,2,3.70506912442,0.000529177078296
60,39,3,2,5.88940092166,0.00335429549296
60,44,3,3,58.8387096774,0.017873115524
60,45,3,3,17.7603686636,0.00728318691764
60,47,3,2,5.88940092166,0.00335429549296
60,48,3,2,5.88940092166,0.00335429549296
60,50,3,4,21.5391705069,0.00392745618212
60,51,3,3,17.1889400922,0.00313264756883
60,52,3,2,2.16589861751,0.000460668622056
60,53,3,3,39.2626728111,0.011640107548
60,59,3,3,8.22119815668,0.00245784194864
60,61,3,2,59.6036866359,0.0378386285179
60,68,3,2,35.1612903226,0.0178361587286
60,69,3,2,25.5207373272,0.0148805365377
60,71,3,2,62.8202764977,0.038360235024
60,76,3,2,3.92626728111,0.00223102061337
60,89,3,2,56.930875576,0.0345064521535
60,95,3,2,4.11059907834,0.00244646305073
60,121,3,2,2.16589861751,0.000460668622056
60,126,3,3,157.723502304,0.0437827403162
60,129,3,2,0.110599078341,1.19635086181e-05
60,133,3,2,1.88940092166,0.000352697470156
60,148,3,2,3.92626728111,0.00223102061337
60,149,3,2,26.5898617512,0.00363294558267
60,154,3,2,0.110599078341,1.19635086181e-05
60,158,3,2,3.92626728111,0.00223102061337
60,170,3,2,2.16589861751,0.000460668622056
60,187,3,2,37.0230414747,0.00502343561337
60,192,3,2,4.11059907834,0.00244646305073
60,199,3,2,64.0368663594,0.0125506145359
60,200,3,3,59.935483871,0.016935420553
60,203,3,2,64.7834101382,0.0396576432223
60,205,3,2,145.926267281,0.103358009218
60,211,3,2,5.88940092166,0.00335429549296
60,220,3,3,171.511520737,0.0567032685414
60,221,3,2,80.0552995392,0.0227715637331
60,236,3,2,45.069124424,0.00679824264449
60,245,3,2,183.032258065,0.134265006696
60,251,3,3,78.5253456221,0.024461951903
60,269,3,2,4.11059907834,0.00244646305073
60,272,3,3,19.4930875576,0.0051207943267
60,296,3,3,6.20276497696,0.00236583878903
60,321,3,3,160.276497696,0.0371293264499
60,330,3,3,210.304147465,0.0758562000499
60,340,3,2,2.27649769585,0.000318660130802
60,343,3,4,29.33640553,0.00719602401847
60,346,3,4,46.9677419355,0.00811205431914
60,361,3,2,17.668202765,0.0102049507586
60,362,3,2,3.92626728111,0.00223102061337
60,374,3,3,83.5944700461,0.010897804691
60,379,3,2,68.5622119816,0.0381587447928
60,385,3,2,45.2165898618,0.028217457323
60,390,3,3,37.3456221198,0.0117814168949
60,392,3,2,0.110599078341,1.19635086181e-05
60,396,3,4,35.133640553,0.007339938597
60,397,3,3,140.451612903,0.0378529628441
60,403,3,2,6.49769585253,0.00140151653722
60,417,3,2,0.110599078341,1.19635086181e-05
60,445,3,3,7.85253456221,0.00224139745344
60,446,3,2,4.11059907834,0.00244646305073
60,464,3,2,107.170506912,0.0484415056946
60,465,3,2,4.11059907834,0.00244646305073
63,26,3,2,3.6866359447,0.0130658107312
63,27,3,2,4.47926267281,0.000906418050236
63,34,3,2,9.8064516129,0.0136573228325
63,35,3,2,1.47465437788,0.00045360731215
63,39,3,2,3.52995391705,0.00801339848402
63,44,3,3,2.26728110599,0.000232887539074
63,45,3,3,2.72811059908,0.00102788724282
63,47,3,2,0.552995391705,0.00016812939238
63,48,3,2,0.552995391705,0.00016812939238
63,50,3,4,7.69585253456,0.0123263875937
63,51,3,3,7.24423963134,0.000879503940384
63,52,3,2,0.552995391705,0.00016812939238
63,53,3,3,3.6866359447,0.000583444187729
63,59,3,3,0.73732718894,0.000112346927312
63,61,3,2,5.34562211982,0.00172958788096
63,68,3,2,3.87096774194,0.00122819945959
63,69,3,2,1.96313364055,0.000683896720614
63,71,3,2,2.98617511521,0.000839393187515
63,76,3,2,0.36866359447,0.000111826802648
63,89,3,2,1.34562211982,0.000272618471689
63,95,3,2,0.36866359447,0.000111826802648
63,121,3,2,0.552995391705,0.00016812939238
63,126,3,3,25.0506912442,0.0051870617458
63,129,3,2,0.36866359447,0.000111826802648
63,133,3,2,0.552995391705,0.00016812939238
63,148,3,2,3.6866359447,0.0130658107312
63,149,3,2,18.9493087558,0.00546863997909
63,154,3,2,0.36866359447,0.000111826802648
63,158,3,2,0.36866359447,0.000111826802648
63,170,3,2,0.552995391705,0.00016812939238
63,187,3,2,13.1520737327,0.00356154396334
63,192,3,2,0.36866359447,0.000111826802648
63,199,3,2,16.1843317972,0.00397245253836
63,200,3,3,6.45161290323,0.00105941181456
63,203,3,2,2.82949308756,0.000776194658497
63,205,3,2,11.1244239631,0.00466343930687
63,211,3,2,11.5299539171,0.0853691824758
63,220,3,3,16.1935483871,0.00327607997602
63,221,3,2,17.2350230415,0.0070093717638
63,236,3,2,18.2304147465,0.00591696630474
63,245,3,2,14.2580645161,0.00568626877411
63,251,3,3,3.01843317972,0.000915812816534
63,269,3,2,0.36866359447,0.000111826802648
63,272,3,3,4.97695852535,0.00080119645337
63,296,3,3,1.29032258065,0.000197988437475
63,321,3,3,26.4239631336,0.00635440736451
63,330,3,3,17.9032258065,0.00368304785764
63,340,3,2,0.921658986175,0.000281522020652
63,343,3,4,38.6082949309,0.0872928357561
63,346,3,4,3.95391705069,0.000542769669971
63,361,3,2,2.58986175115,0.0015191110071
63,362,3,2,0.36866359447,0.000111826802648
63,374,3,3,10.3410138249,0.000840826013393
63,379,3,2,1.88940092166,0.00052752069975
63,385,3,2,4.05529953917,0.00128980817035
63,390,3,3,15.8156682028,0.00209613122868
63,392,3,2,0.36866359447,0.000111826802648
63,396,3,4,6.63594470046,0.000728279076542
63,397,3,3,16.7004608295,0.00244279626235
63,403,3,2,2.58986175115,0.0015191110071
63,417,3,2,0.36866359447,0.000111826802648
63,445,3,3,0.73732718894,0.000112346927312
63,446,3,2,0.36866359447,0.000111826802648
63,464,3,2,6.52534562212,0.00200801616975
63,465,3,2,0.36866359447,0.000111826802648
64,26,2,2,0.0737327188941,4.30663221361e-05
64,27,2,2,1.69585253456,0.00110285303285
64,34,2,2,0.516129032258,0.00031007751938
64,35,2,2,0.294930875576,0.000174691560214
64,39,2,2,0.110599078341,6.47493659958e-05
64,44,2,3,1.2534562212,0.000395348837209
64,45,2,3,0.700460829493,0.000212944802466
64,47,2,2,0.110599078341,6.47493659958e-05
64,48,2,2,0.110599078341,6.47493659958e-05
64,50,2,4,0.552995391705,0.000111006271854
64,51,2,3,2.24884792627,0.000760645925556
64,52,2,2,0.110599078341,6.47493659958e-05
64,53,2,3,3.92626728111,0.0611729019211
64,59,2,3,0.147465437788,4.32666306111e-05
64,61,2,2,1.06912442396,0.000666092449038
64,68,2,2,0.774193548387,0.000472999605834
64,69,2,2,7.52073732719,0.0707337075453
64,71,2,2,1.1797235023,0.00074048362837
64,76,2,2,0.0737327188941,4.30663221361e-05
64,89,2,2,1.06912442396,0.000666092449038
64,95,2,2,0.0737327188941,4.30663221361e-05
64,121,2,2,0.110599078341,6.47493659958e-05
64,126,2,3,3.41013824885,0.000977543864263
64,129,2,2,0.0737327188941,4.30663221361e-05
64,133,2,2,0.110599078341,6.47493659958e-05
64,148,2,2,0.0737327188941,4.30663221361e-05
64,149,2,2,0.589861751152,5.08486611756e-05
64,154,2,2,0.0737327188941,4.30663221361e-05
64,158,2,2,0.0737327188941,4.30663221361e-05
64,170,2,2,0.110599078341,6.47493659958e-05
64,187,2,2,4.97695852535,0.00420004666719
64,192,2,2,0.0737327188941,4.30663221361e-05
64,199,2,2,0.036866359447,1.97551936404e-07
64,200,2,3,1.29032258065,0.000407996736026
64,203,2,2,1.21658986175,0.000765528040364
64,205,2,2,2.61751152074,0.00181946313025
64,211,2,2,0.110599078341,6.47493659958e-05
64,220,2,3,3.79723502304,0.00144734068714
64,221,2,2,4.05529953917,0.00315819695665
64,236,2,2,6.04608294931,0.00565030146425
64,245,2,2,3.35483870968,0.00246796392976
64,251,2,3,1.47465437788,0.000472199268091
64,269,2,2,0.0737327188941,4.30663221361e-05
64,272,2,3,0.995391705069,0.000308553796926
64,296,2,3,0.258064516129,7.62485703393e-05
64,321,2,3,2.08294930876,0.000446027612077
64,330,2,3,4.20276497696,0.00165697674419
64,340,2,2,0.184331797235,0.00010841871307
64,343,2,4,1.29032258065,0.000271997824017
64,346,2,4,1.03225806452,0.00021384656509
64,361,2,2,0.331797235023,0.000196990424077
64,362,2,2,0.0737327188941,4.30663221361e-05
64,374,2,3,3.66820276498,0.000985459871283
64,379,2,2,1.43778801843,0.000918457462467
64,385,2,2,0.811059907834,0.000496726123278
64,390,2,3,0.700460829493,0.000212494046503
64,392,2,2,3.92626728111,0.122117248062
64,396,2,4,1.32718894009,0.000280472128082
64,397,2,3,3.63133640553,0.00107181641225
64,403,2,2,0.331797235023,0.000196990424077
64,417,2,2,0.0737327188941,4.30663221361e-05
64,445,2,3,0.147465437788,4.32666306111e-05
64,446,2,2,0.0737327188941,4.30663221361e-05
64,464,2,2,3.17050691244,0.00229885057471
64,465,2,2,0.0737327188941,4.30663221361e-05
65,26,2,2,0.0737327188941,4.30663221361e-05
65,27,2,2,6.30414746544,0.0152403239761
65,34,2,2,0.516129032258,0.00031007751938
65,35,2,2,0.294930875576,0.000174691560214
65,39,2,2,0.110599078341,6.47493659958e-05
65,44,2,3,14.8202764977,0.0584302325581
65,45,2,3,0.700460829493,0.000212944802466
65,47,2,2,0.110599078341,6.47493659958e-05
65,48,2,2,0.110599078341,6.47493659958e-05
65,50,2,4,0.552995391705,0.000111006271854
65,51,2,3,13.7511520737,0.130365157079
65,52,2,2,0.110599078341,6.47493659958e-05
65,53,2,3,0.73732718894,0.000224693854623
65,59,2,3,0.147465437788,4.32666306111e-05
65,61,2,2,1.06912442396,0.000666092449038
65,68,2,2,0.774193548387,0.000472999605834
65,69,2,2,3.52073732719,0.015501468095
65,71,2,2,14.8202764977,0.116860465116
65,76,2,2,0.0737327188941,4.30663221361e-05
65,89,2,2,14.930875576,0.129911788292
65,95,2,2,0.0737327188941,4.30663221361e-05
65,121,2,2,0.110599078341,6.47493659958e-05
65,126,2,3,7.41013824885,0.00401237648468
65,129,2,2,0.0737327188941,4.30663221361e-05
65,133,2,2,0.110599078341,6.47493659958e-05
65,148,2,2,0.0737327188941,4.30663221361e-05
65,149,2,2,8.58986175115,0.0107832928381
65,154,2,2,0.0737327188941,4.30663221361e-05
65,158,2,2,0.0737327188941,4.30663221361e-05
65,170,2,2,0.110599078341,6.47493659958e-05
65,187,2,2,11.0230414747,0.0206029285099
65,192,2,2,0.0737327188941,4.30663221361e-05
65,199,2,2,8.03686635945,0.00938845822567
65,200,2,3,1.29032258065,0.000407996736026
65,203,2,2,14.7834101382,0.113037350247
65,205,2,2,2.61751152074,0.00181946313025
65,211,2,2,0.110599078341,6.47493659958e-05
65,220,2,3,3.79723502304,0.00144734068714
65,221,2,2,4.05529953917,0.00315819695665
65,236,2,2,9.95391705069,0.0153148043108
65,245,2,2,3.35483870968,0.00246796392976
65,251,2,3,14.8571428571,0.0604651162791
65,269,2,2,0.0737327188941,4.30663221361e-05
65,272,2,3,0.995391705069,0.000308553796926
65,296,2,3,7.85253456221,0.122693480747
65,321,2,3,6.08294930876,0.0028529437192
65,330,2,3,4.20276497696,0.00165697674419
65,340,2,2,0.184331797235,0.00010841871307
65,343,2,4,7.11520737327,0.0436197964962
65,346,2,4,11.4470046083,0.0475715049452
65,361,2,2,0.331797235023,0.000196990424077
65,362,2,2,0.0737327188941,4.30663221361e-05
65,374,2,3,4.40552995392,0.0014190462299
65,379,2,2,14.5622119816,0.0942158616577
65,385,2,2,0.811059907834,0.000496726123278
65,390,2,3,7.96313364055,0.00460849157243
65,392,2,2,0.0737327188941,4.30663221361e-05
65,396,2,4,3.92626728111,0.0408554399907
65,397,2,3,14.8202764977,0.0584302325581
65,403,2,2,0.331797235023,0.000196990424077
65,417,2,2,0.0737327188941,4.30663221361e-05
65,445,2,3,0.147465437788,4.32666306111e-05
65,446,2,2,0.0737327188941,4.30663221361e-05
65,464,2,2,3.17050691244,0.00229885057471
65,465,2,2,0.0737327188941,4.30663221361e-05
68,26,3,2,0.221198156682,6.58241179568e-05
68,27,3,2,35.7603686636,0.0996429034225
68,34,3,2,1.54838709677,0.000473933649289
68,35,3,2,0.884792626728,0.000267004872839
68,39,3,2,0.331797235023,9.89652631926e-05
68,44,3,3,37.069124424,0.0741232227488
68,45,3,3,2.10138248848,0.000325472506138
68,47,3,2,0.331797235023,9.89652631926e-05
68,48,3,2,0.331797235023,9.89652631926e-05
68,50,3,4,39.1244239631,0.166676092555
68,51,3,3,34.7834101382,0.0391368081334
68,52,3,2,0.331797235023,9.89652631926e-05
68,53,3,3,3.76036866359,0.00638207752364
68,59,3,3,0.442396313364,6.6130276645e-05
68,61,3,2,3.20737327189,0.00101807969107
68,68,3,2,2.32258064516,0.000722949634509
68,69,3,2,1.43778801843,0.000439035922144
68,71,3,2,37.0506912442,0.14823394874
68,76,3,2,0.221198156682,6.58241179568e-05
68,89,3,2,37.3271889401,0.1647622564
68,95,3,2,0.221198156682,6.58241179568e-05
68,121,3,2,0.331797235023,9.89652631926e-05
68,126,3,3,22.2304147465,0.0061326607408
68,129,3,2,0.221198156682,6.58241179568e-05
68,133,3,2,0.331797235023,9.89652631926e-05
68,148,3,2,0.221198156682,6.58241179568e-05
68,149,3,2,21.7695852535,0.0136926983576
68,154,3,2,0.221198156682,6.58241179568e-05
68,158,3,2,0.221198156682,6.58241179568e-05
68,170,3,2,0.331797235023,9.89652631926e-05
68,187,3,2,29.069124424,0.0265729249039
68,192,3,2,0.221198156682,6.58241179568e-05
68,199,3,2,24.1105990783,0.0143496577146
68,200,3,3,3.87096774194,0.000623596906959
68,203,3,2,36.9585253456,0.143393132851
68,205,3,2,7.85253456221,0.00278093298343
68,211,3,2,0.331797235023,9.89652631926e-05
68,220,3,3,11.3917050691,0.00221216763792
68,221,3,2,12.1658986175,0.0048271019835
68,236,3,2,25.8617511521,0.0195986762395
68,245,3,2,10.064516129,0.00377212496373
68,251,3,3,37.2258064516,0.0767222292498
68,269,3,2,0.221198156682,6.58241179568e-05
68,272,3,3,2.98617511521,0.000471604737008
68,296,3,3,0.774193548387,0.000116541061301
68,321,3,3,18.2488479263,0.00436054194049
68,330,3,3,12.6082949309,0.00253258293839
68,340,3,2,0.552995391705,0.000165711066185
68,343,3,4,3.87096774194,0.000415731271306
68,346,3,4,3.09677419355,0.000326850792613
68,361,3,2,0.995391705069,0.000301087259548
68,362,3,2,0.221198156682,6.58241179568e-05
68,374,3,3,23.0046082949,0.00654280082204
68,379,3,2,36.4055299539,0.11956879883
68,385,3,2,2.4331797235,0.000759214098376
68,390,3,3,22.7373271889,0.012238454812
68,392,3,2,0.221198156682,6.58241179568e-05
68,396,3,4,4.11059907834,0.00326639781318
68,397,3,3,37.1428571429,0.0741382400926
68,403,3,2,0.995391705069,0.000301087259548
68,417,3,2,0.221198156682,6.58241179568e-05
68,445,3,3,0.442396313364,6.6130276645e-05
68,446,3,2,0.221198156682,6.58241179568e-05
68,464,3,2,9.51152073733,0.00351364602059
68,465,3,2,0.221198156682,6.58241179568e-05
95,26,2,2,0.0737327188941,4.30663221361e-05
95,27,2,2,1.69585253456,0.00110285303285
95,34,2,2,11.4838709677,0.153507751938
95,35,2,2,0.294930875576,0.000174691560214
95,39,2,2,0.110599078341,6.47493659958e-05
95,44,2,3,1.2534562212,0.000395348837209
95,45,2,3,0.700460829493,0.000212944802466
95,47,2,2,0.110599078341,6.47493659958e-05
95,48,2,2,0.110599078341,6.47493659958e-05
95,50,2,4,0.552995391705,0.000111006271854
95,51,2,3,2.24884792627,0.000760645925556
95,52,2,2,0.110599078341,6.47493659958e-05
95,53,2,3,0.73732718894,0.000224693854623
95,59,2,3,0.147465437788,4.32666306111e-05
95,61,2,2,1.06912442396,0.000666092449038
95,68,2,2,0.774193548387,0.000472999605834
95,69,2,2,0.479262672811,0.000287245207977
95,71,2,2,1.1797235023,0.00074048362837
95,76,2,2,0.0737327188941,4.30663221361e-05
95,89,2,2,1.06912442396,0.000666092449038
95,95,2,2,0.0737327188941,4.30663221361e-05
95,121,2,2,0.110599078341,6.47493659958e-05
95,126,2,3,7.41013824885,0.00401237648468
95,129,2,2,0.0737327188941,4.30663221361e-05
95,133,2,2,0.110599078341,6.47493659958e-05
95,148,2,2,0.0737327188941,4.30663221361e-05
95,149,2,2,3.41013824885,0.00169950725462
95,154,2,2,0.0737327188941,4.30663221361e-05
95,158,2,2,0.0737327188941,4.30663221361e-05
95,170,2,2,0.110599078341,6.47493659958e-05
95,187,2,2,0.976958525346,0.000161837189137
95,192,2,2,0.0737327188941,4.30663221361e-05
95,199,2,2,3.96313364055,0.00228295956507
95,200,2,3,1.29032258065,0.000407996736026
95,203,2,2,1.21658986175,0.000765528040364
95,205,2,2,2.61751152074,0.00181946313025
95,211,2,2,11.8894009217,0.748259860789
95,220,2,3,3.79723502304,0.00144734068714
95,221,2,2,4.05529953917,0.00315819695665
95,236,2,2,6.04608294931,0.00565030146425
95,245,2,2,3.35483870968,0.00246796392976
95,251,2,3,1.47465437788,0.000472199268091
95,269,2,2,0.0737327188941,4.30663221361e-05
95,272,2,3,0.995391705069,0.000308553796926
95,296,2,3,0.258064516129,7.62485703393e-05
95,321,2,3,6.08294930876,0.0028529437192
95,330,2,3,4.20276497696,0.00165697674419
95,340,2,2,0.184331797235,0.00010841871307
95,343,2,4,1.29032258065,0.000271997824017
95,346,2,4,1.03225806452,0.00021384656509
95,361,2,2,0.331797235023,0.000196990424077
95,362,2,2,0.0737327188941,4.30663221361e-05
95,374,2,3,4.40552995392,0.0014190462299
95,379,2,2,1.43778801843,0.000918457462467
95,385,2,2,0.811059907834,0.000496726123278
95,390,2,3,4.70046082949,0.00166223791144
95,392,2,2,0.0737327188941,4.30663221361e-05
95,396,2,4,1.32718894009,0.000280472128082
95,397,2,3,5.54838709677,0.00239299252126
95,403,2,2,0.331797235023,0.000196990424077
95,417,2,2,0.0737327188941,4.30663221361e-05
95,445,2,3,0.147465437788,4.32666306111e-05
95,446,2,2,0.0737327188941,4.30663221361e-05
95,464,2,2,8.82949308756,0.0178289134232
95,465,2,2,0.0737327188941,4.30663221361e-05
112,26,2,2,0.811059907834,0.000522317188984
112,27,2,2,18.6543778802,0.0133756278086
112,34,2,2,5.67741935484,0.00376068376068
112,35,2,2,0.755760368664,0.000114976963569
112,39,2,2,1.21658986175,0.000785293592718
112,44,2,3,9.78801843318,0.00243961247086
112,45,2,3,3.94470046083,0.00239980902632
112,47,2,2,1.21658986175,0.000785293592718
112,48,2,2,1.21658986175,0.000785293592718
112,50,2,4,6.08294930876,0.00134630683557
112,51,2,3,24.7373271889,0.00922526981508
112,52,2,2,1.21658986175,0.000785293592718
112,53,2,3,8.11059907834,0.00272513315992
112,59,2,3,1.62211981567,0.000524746571258
112,61,2,2,11.7603686636,0.00807850585628
112,68,2,2,8.51612903226,0.00573663624511
112,69,2,2,5.27188940092,0.00348376880443
112,71,2,2,12.9769585253,0.00898073733895
112,76,2,2,0.811059907834,0.000522317188984
112,89,2,2,11.7603686636,0.00807850585628
112,95,2,2,0.811059907834,0.000522317188984
112,121,2,2,1.21658986175,0.000785293592718
112,126,2,3,81.5115207373,0.0486629250578
112,129,2,2,0.811059907834,0.000522317188984
112,133,2,2,1.21658986175,0.000785293592718
112,148,2,2,0.811059907834,0.000522317188984
112,149,2,2,90.4884792627,0.119943520988
112,154,2,2,0.811059907834,0.000522317188984
112,158,2,2,0.811059907834,0.000522317188984
112,170,2,2,1.21658986175,0.000785293592718
112,187,2,2,117.253456221,0.23366224345
112,192,2,2,0.811059907834,0.000522317188984
112,199,2,2,84.4055299539,0.103794358745
112,200,2,3,13.3824884793,0.0085137815401
112,203,2,2,13.3824884793,0.00928448110493
112,205,2,2,28.7926267281,0.0220668220668
112,211,2,2,1.21658986175,0.000785293592718
112,220,2,3,131.852534562,0.179808518356
112,221,2,2,44.6082949309,0.0383032605255
112,236,2,2,105.493087558,0.17241799378
112,245,2,2,135.096774194,0.401140617624
112,251,2,3,16.2211981567,0.0057269295848
112,269,2,2,0.811059907834,0.000522317188984
112,272,2,3,6.94930875576,0.00170463400128
112,296,2,3,2.83870967742,0.000924758301807
112,321,2,3,62.9124423963,0.0311133930093
112,330,2,3,126.986175115,0.154276797011
112,340,2,2,2.02764976959,0.00131492439185
112,343,2,4,10.1935483871,0.00184382780077
112,346,2,4,11.3548387097,0.00259357500737
112,361,2,2,3.64976958525,0.00238914027149
112,362,2,2,0.811059907834,0.000522317188984
112,374,2,3,80.3502304147,0.0471107607631
112,379,2,2,15.8156682028,0.0111392405063
112,385,2,2,4.92165898618,0.00183334979231
112,390,2,3,83.5944700461,0.0509099247214
112,392,2,2,0.811059907834,0.000522317188984
112,396,2,4,10.599078341,0.00240183044203
112,397,2,3,79.9447004608,0.0466658657055
112,403,2,2,3.64976958525,0.00238914027149
112,417,2,2,0.811059907834,0.000522317188984
112,445,2,3,1.62211981567,0.000524746571258
112,446,2,2,0.811059907834,0.000522317188984
112,464,2,2,141.124423963,0.456529516995
112,465,2,2,0.811059907834,0.000522317188984
113,26,2,2,0.036866359447,2.14334705075e-05
113,27,2,2,0.847926267281,0.000548873615884
113,34,2,2,0.258064516129,0.000154320987654
113,35,2,2,0.147465437788,8.69414014954e-05
113,39,2,2,0.0552995391705,3.22248002062e-05
113,44,2,3,0.626728110599,0.000196759259259
113,45,2,3,0.350230414747,0.000105979473449
113,47,2,2,0.0552995391705,3.22248002062e-05
113,48,2,2,0.0552995391705,3.22248002062e-05
113,50,2,4,0.276497695853,5.52461769646e-05
113,51,2,3,1.12442396313,0.000378562208321
113,52,2,2,0.0552995391705,3.22248002062e-05
113,53,2,3,0.36866359447,0.000111826802648
113,59,2,3,0.0737327188941,2.1533161068e-05
113,61,2,2,0.534562211982,0.00033150434385
113,68,2,2,0.387096774194,0.000235404896422
113,69,2,2,0.239631336406,0.000142957684525
113,71,2,2,0.589861751152,0.000368527731712
113,76,2,2,0.036866359447,2.14334705075e-05
113,89,2,2,0.534562211982,0.00033150434385
113,95,2,2,0.036866359447,2.14334705075e-05
113,121,2,2,0.0552995391705,3.22248002062e-05
113,126,2,3,3.70506912442,0.00199690033381
113,129,2,2,0.036866359447,2.14334705075e-05
113,133,2,2,0.0552995391705,3.22248002062e-05
113,148,2,2,0.036866359447,2.14334705075e-05
113,149,2,2,4.29493087558,0.00536668509305
113,154,2,2,0.036866359447,2.14334705075e-05
113,158,2,2,0.036866359447,2.14334705075e-05
113,170,2,2,0.0552995391705,3.22248002062e-05
113,187,2,2,1.51152073733,0.000771203508724
113,192,2,2,0.036866359447,2.14334705075e-05
113,199,2,2,4.01843317972,0.00467249657064
113,200,2,3,0.645161290323,0.000203053931124
113,203,2,2,0.608294930876,0.000380991964533
113,205,2,2,1.30875576037,0.000905519844914
113,211,2,2,0.0552995391705,3.22248002062e-05
113,220,2,3,2.17511520737,0.00098091240253
113,221,2,2,2.02764976959,0.00157178783722
113,236,2,2,0.976958525346,0.000293690822711
113,245,2,2,2.32258064516,0.00235478806907
113,251,2,3,0.73732718894,0.000235006580184
113,269,2,2,0.036866359447,2.14334705075e-05
113,272,2,3,0.497695852535,0.000153562653563
113,296,2,3,0.129032258064,3.79477838494e-05
113,321,2,3,3.04147465438,0.00141986782321
113,330,2,3,1.95391705069,0.000732731429346
113,340,2,2,0.0921658986175,5.39583872917e-05
113,343,2,4,0.645161290323,0.000135369287416
113,346,2,4,0.516129032258,0.000106428267348
113,361,2,2,0.165898617512,9.80392156863e-05
113,362,2,2,0.036866359447,2.14334705075e-05
113,374,2,3,3.83410138249,0.0021304490331
113,379,2,2,0.718894009217,0.000457102672293
113,385,2,2,0.405529953917,0.00024721323265
113,390,2,3,3.98156682028,0.00229357798165
113,392,2,2,0.036866359447,2.14334705075e-05
113,396,2,4,0.663594470046,0.000139586823004
113,397,2,3,3.81566820276,0.00211086637298
113,403,2,2,0.165898617512,9.80392156863e-05
113,417,2,2,0.036866359447,2.14334705075e-05
113,445,2,3,0.0737327188941,2.1533161068e-05
113,446,2,2,0.036866359447,2.14334705075e-05
113,464,2,2,1.58525345622,0.00114410387399
113,465,2,2,0.036866359447,2.14334705075e-05
128,26,2,2,0.036866359447,2.14334705075e-05
128,27,2,2,0.847926267281,0.000548873615884
128,34,2,2,0.258064516129,0.000154320987654
128,35,2,2,0.147465437788,8.69414014954e-05
128,39,2,2,0.0552995391705,3.22248002062e-05
128,44,2,3,0.626728110599,0.000196759259259
128,45,2,3,0.350230414747,0.000105979473449
128,47,2,2,0.0552995391705,3.22248002062e-05
128,48,2,2,0.0552995391705,3.22248002062e-05
128,50,2,4,0.276497695853,5.52461769646e-05
128,51,2,3,1.12442396313,0.000378562208321
128,52,2,2,0.0552995391705,3.22248002062e-05
128,53,2,3,0.36866359447,0.000111826802648
128,59,2,3,0.0737327188941,2.1533161068e-05
128,61,2,2,0.534562211982,0.00033150434385
128,68,2,2,0.387096774194,0.000235404896422
128,69,2,2,0.239631336406,0.000142957684525
128,71,2,2,0.589861751152,0.000368527731712
128,76,2,2,0.036866359447,2.14334705075e-05
128,89,2,2,0.534562211982,0.00033150434385
128,95,2,2,0.036866359447,2.14334705075e-05
128,121,2,2,0.0552995391705,3.22248002062e-05
128,126,2,3,3.70506912442,0.00199690033381
128,129,2,2,0.036866359447,2.14334705075e-05
128,133,2,2,0.0552995391705,3.22248002062e-05
128,148,2,2,0.036866359447,2.14334705075e-05
128,149,2,2,4.29493087558,0.00536668509305
128,154,2,2,0.036866359447,2.14334705075e-05
128,158,2,2,0.036866359447,2.14334705075e-05
128,170,2,2,0.0552995391705,3.22248002062e-05
128,187,2,2,5.51152073733,0.0102537722908
128,192,2,2,0.036866359447,2.14334705075e-05
128,199,2,2,4.01843317972,0.00467249657064
128,200,2,3,0.645161290323,0.000203053931124
128,203,2,2,0.608294930876,0.000380991964533
128,205,2,2,1.30875576037,0.000905519844914
128,211,2,2,0.0552995391705,3.22248002062e-05
128,220,2,3,6.17511520737,0.00783295922185
128,221,2,2,2.02764976959,0.00157178783722
128,236,2,2,4.97695852535,0.00762195121951
128,245,2,2,6.32258064516,0.0174501424501
128,251,2,3,0.73732718894,0.000235006580184
128,269,2,2,0.036866359447,2.14334705075e-05
128,272,2,3,0.497695852535,0.000153562653563
128,296,2,3,0.129032258064,3.79477838494e-05
128,321,2,3,3.04147465438,0.00141986782321
128,330,2,3,5.95391705069,0.00673590256924
128,340,2,2,0.0921658986175,5.39583872917e-05
128,343,2,4,0.645161290323,0.000135369287416
128,346,2,4,0.516129032258,0.000106428267348
128,361,2,2,0.165898617512,9.80392156863e-05
128,362,2,2,0.036866359447,2.14334705075e-05
128,374,2,3,3.83410138249,0.0021304490331
128,379,2,2,0.718894009217,0.000457102672293
128,385,2,2,0.405529953917,0.00024721323265
128,390,2,3,3.98156682028,0.00229357798165
128,392,2,2,0.036866359447,2.14334705075e-05
128,396,2,4,0.663594470046,0.000139586823004
128,397,2,3,3.81566820276,0.00211086637298
128,403,2,2,0.165898617512,9.80392156863e-05
128,417,2,2,0.036866359447,2.14334705075e-05
128,445,2,3,0.0737327188941,2.1533161068e-05
128,446,2,2,0.036866359447,2.14334705075e-05
128,464,2,2,6.41474654378,0.0187338501292
128,465,2,2,0.036866359447,2.14334705075e-05
133,26,2,2,0.036866359447,2.14334705075e-05
133,27,2,2,0.847926267281,0.000548873615884
133,34,2,2,0.258064516129,0.000154320987654
133,35,2,2,0.147465437788,8.69414014954e-05
133,39,2,2,0.0552995391705,3.22248002062e-05
133,44,2,3,0.626728110599,0.000196759259259
133,45,2,3,0.350230414747,0.000105979473449
133,47,2,2,0.0552995391705,3.22248002062e-05
133,48,2,2,0.0552995391705,3.22248002062e-05
133,50,2,4,0.276497695853,5.52461769646e-05
133,51,2,3,1.12442396313,0.000378562208321
133,52,2,2,0.0552995391705,3.22248002062e-05
133,53,2,3,0.36866359447,0.000111826802648
133,59,2,3,0.0737327188941,2.1533161068e-05
133,61,2,2,0.534562211982,0.00033150434385
133,68,2,2,0.387096774194,0.000235404896422
133,69,2,2,0.239631336406,0.000142957684525
133,71,2,2,0.589861751152,0.000368527731712
133,76,2,2,0.036866359447,2.14334705075e-05
133,89,2,2,0.534562211982,0.00033150434385
133,95,2,2,0.036866359447,2.14334705075e-05
133,121,2,2,0.0552995391705,3.22248002062e-05
133,126,2,3,3.70506912442,0.00199690033381
133,129,2,2,0.036866359447,2.14334705075e-05
133,133,2,2,0.0552995391705,3.22248002062e-05
133,148,2,2,0.036866359447,2.14334705075e-05
133,149,2,2,4.29493087558,0.00536668509305
133,154,2,2,0.036866359447,2.14334705075e-05
133,158,2,2,0.036866359447,2.14334705075e-05
133,170,2,2,0.0552995391705,3.22248002062e-05
133,187,2,2,5.51152073733,0.0102537722908
133,192,2,2,0.036866359447,2.14334705075e-05
133,199,2,2,0.0184331797235,9.8318672053e-08
133,200,2,3,0.645161290323,0.000203053931124
133,203,2,2,0.608294930876,0.000380991964533
133,205,2,2,1.30875576037,0.000905519844914
133,211,2,2,0.0552995391705,3.22248002062e-05
133,220,2,3,2.17511520737,0.00098091240253
133,221,2,2,2.02764976959,0.00157178783722
133,236,2,2,4.97695852535,0.00762195121951
133,245,2,2,1.67741935484,0.00122826908541
133,251,2,3,0.73732718894,0.000235006580184
133,269,2,2,0.036866359447,2.14334705075e-05
133,272,2,3,0.497695852535,0.000153562653563
133,296,2,3,0.129032258064,3.79477838494e-05
133,321,2,3,3.04147465438,0.00141986782321
133,330,2,3,2.10138248848,0.000824652777778
133,340,2,2,0.0921658986175,5.39583872917e-05
133,343,2,4,0.645161290323,0.000135369287416
133,346,2,4,0.516129032258,0.000106428267348
133,361,2,2,0.165898617512,9.80392156863e-05
133,362,2,2,0.036866359447,2.14334705075e-05
133,374,2,3,3.83410138249,0.0021304490331
133,379,2,2,0.718894009217,0.000457102672293
133,385,2,2,0.405529953917,0.00024721323265
133,390,2,3,3.98156682028,0.00229357798165
133,392,2,2,0.036866359447,2.14334705075e-05
133,396,2,4,0.663594470046,0.000139586823004
133,397,2,3,3.81566820276,0.00211086637298
133,403,2,2,0.165898617512,9.80392156863e-05
133,417,2,2,0.036866359447,2.14334705075e-05
133,445,2,3,0.0737327188941,2.1533161068e-05
133,446,2,2,0.036866359447,2.14334705075e-05
133,464,2,2,1.58525345622,0.00114410387399
133,465,2,2,0.036866359447,2.14334705075e-05
135,26,3,2,0.0737327188941,2.1533161068e-05
135,27,3,2,1.69585253456,0.000551426516423
135,34,3,2,0.516129032258,0.00015503875969
135,35,3,2,0.294930875576,8.7345780107e-05
135,39,3,2,0.110599078341,3.23746829979e-05
135,44,3,3,1.2534562212,0.000197674418605
135,45,3,3,0.700460829493,0.000106472401233
135,47,3,2,0.110599078341,3.23746829979e-05
135,48,3,2,0.110599078341,3.23746829979e-05
135,50,3,4,0.552995391705,5.55031359272e-05
135,51,3,3,2.24884792627,0.000380322962778
135,52,3,2,0.110599078341,3.23746829979e-05
135,53,3,3,0.73732718894,0.000112346927312
135,59,3,3,0.147465437788,2.16333153056e-05
135,61,3,2,1.06912442396,0.000333046224519
135,68,3,2,0.774193548387,0.000236499802917
135,69,3,2,0.479262672811,0.000143622603988
135,71,3,2,1.1797235023,0.000370241814185
135,76,3,2,0.0737327188941,2.1533161068e-05
135,89,3,2,1.06912442396,0.000333046224519
135,95,3,2,0.0737327188941,2.1533161068e-05
135,121,3,2,0.110599078341,3.23746829979e-05
135,126,3,3,5.23502304147,0.00283826000061
135,129,3,2,0.0737327188941,2.1533161068e-05
135,133,3,2,0.110599078341,3.23746829979e-05
135,148,3,2,0.0737327188941,2.1533161068e-05
135,149,3,2,3.70506912442,0.00200812486127
135,154,3,2,0.0737327188941,2.1533161068e-05
135,158,3,2,0.0737327188941,2.1533161068e-05
135,170,3,2,0.110599078341,3.23746829979e-05
135,187,3,2,4.97695852535,0.00210002333359
135,192,3,2,0.0737327188941,2.1533161068e-05
135,199,3,2,3.98156682028,0.00229357798165
135,200,3,3,1.29032258065,0.000203998368013
135,203,3,2,1.21658986175,0.000382764020182
135,205,3,2,2.61751152074,0.000909731565123
135,211,3,2,0.110599078341,3.23746829979e-05
135,220,3,3,3.79723502304,0.000723670343568
135,221,3,2,4.05529953917,0.00157909847832
135,236,3,2,6.04608294931,0.00282515073213
135,245,3,2,3.35483870968,0.00123398196488
135,251,3,3,1.47465437788,0.000236099634046
135,269,3,2,0.0737327188941,2.1533161068e-05
135,272,3,3,0.995391705069,0.000154276898463
135,296,3,3,0.258064516129,3.81242851697e-05
135,321,3,3,5.53917050691,0.00303017204115
135,330,3,3,4.20276497696,0.000828488372093
135,340,3,2,0.184331797235,5.42093565349e-05
135,343,3,4,1.29032258065,0.000135998912009
135,346,3,4,1.03225806452,0.000106923282545
135,361,3,2,0.331797235023,9.84952120383e-05
135,362,3,2,7.96313364055,0.5
135,374,3,3,4.22119815668,0.00233557186444
135,379,3,2,1.43778801843,0.000459228731233
135,385,3,2,0.811059907834,0.000248363061639
135,390,3,3,4.70046082949,0.00143347276908
135,392,3,2,0.0737327188941,2.1533161068e-05
135,396,3,4,1.32718894009,0.000140236064041
135,397,3,3,5.06912442396,0.00275773852211
135,403,3,2,0.331797235023,9.84952120383e-05
135,417,3,2,0.0737327188941,2.1533161068e-05
135,445,3,3,0.147465437788,2.16333153056e-05
135,446,3,2,0.0737327188941,2.1533161068e-05
135,464,3,2,2.41474654378,0.00189136097176
135,465,3,2,0.0737327188941,2.1533161068e-05
142,26,2,2,0.147465437788,8.69414014954e-05
142,27,2,2,0.608294930876,7.16141312239e-05
142,34,2,2,1.03225806452,0.000625978090767
142,35,2,2,0.589861751152,0.000352663713108
142,39,2,2,0.221198156682,0.000130714682527
142,44,2,3,1.64055299539,0.000400161384977
142,45,2,3,1.40092165899,0.000429888568358
142,47,2,2,0.221198156682,0.000130714682527
142,48,2,2,0.221198156682,0.000130714682527
142,50,2,4,3.26267281106,0.00294935217244
142,51,2,3,0.497695852535,9.20539779132e-05
142,52,2,2,0.221198156682,0.000130714682527
142,53,2,3,1.47465437788,0.00045360731215
142,59,2,3,0.294930875576,8.7345780107e-05
142,61,2,2,2.13824884793,0.00134469367646
142,68,2,2,22.4516129032,0.200763905467
142,69,2,2,0.958525345622,0.000579884692159
142,71,2,2,1.64055299539,0.000722710537687
142,76,2,2,0.147465437788,8.69414014954e-05
142,89,2,2,1.86175115207,0.00101941291569
142,95,2,2,0.147465437788,8.69414014954e-05
142,121,2,2,0.221198156682,0.000130714682527
142,126,2,3,21.4930875576,0.0591226607309
142,129,2,2,0.147465437788,8.69414014954e-05
142,133,2,2,0.221198156682,0.000130714682527
142,148,2,2,0.147465437788,8.69414014954e-05
142,149,2,2,17.1797235023,0.0217690888282
142,154,2,2,0.147465437788,8.69414014954e-05
142,158,2,2,0.147465437788,8.69414014954e-05
142,170,2,2,0.221198156682,0.000130714682527
142,187,2,2,1.95391705069,0.000326713574315
142,192,2,2,0.147465437788,8.69414014954e-05
142,199,2,2,16.0737327189,0.018953225526
142,200,2,3,2.58064516129,0.000823655382588
142,203,2,2,1.5668202765,0.000640825734781
142,205,2,2,5.23502304147,0.00367309458219
142,211,2,2,0.221198156682,0.000130714682527
142,220,2,3,20.7004608295,0.0223179664108
142,221,2,2,8.11059907834,0.00637570277633
142,236,2,2,19.9078341014,0.0309172105806
142,245,2,2,21.2903225806,0.0501636190771
142,251,2,3,1.71428571429,0.000583130764281
142,269,2,2,0.147465437788,8.69414014954e-05
142,272,2,3,1.99078341014,0.000622902031353
142,296,2,3,0.516129032258,0.000153929038713
142,321,2,3,12.1658986175,0.00575946384627
142,330,2,3,19.8156682028,0.0189175228265
142,340,2,2,0.36866359447,0.00021887345831
142,343,2,4,2.58064516129,0.000549103588392
142,346,2,4,2.06451612903,0.000431709028115
142,361,2,2,0.663594470046,0.00039768019884
142,362,2,2,0.147465437788,8.69414014954e-05
142,374,2,3,15.33640553,0.00864182143006
142,379,2,2,1.12442396313,0.000283503465889
142,385,2,2,1.62211981567,0.00100278043667
142,390,2,3,15.9262672811,0.00930352758754
142,392,2,2,0.147465437788,8.69414014954e-05
142,396,2,4,2.65437788018,0.000566211338382
142,397,2,3,12.9032258065,0.00634467713956
142,403,2,2,0.663594470046,0.00039768019884
142,417,2,2,0.147465437788,8.69414014954e-05
142,445,2,3,0.294930875576,8.7345780107e-05
142,446,2,2,0.147465437788,8.69414014954e-05
142,464,2,2,2.34101382488,0.000632543142666
142,465,2,2,0.147465437788,8.69414014954e-05
158,26,2,2,0.0921658986175,5.39583872917e-05
158,27,2,2,2.1198156682,0.0013817797323
158,34,2,2,0.645161290323,0.0003885003885
158,35,2,2,0.36866359447,0.00021887345831
158,39,2,2,0.138248847926,8.11253711486e-05
158,44,2,3,1.5668202765,0.000495337995338
158,45,2,3,0.875576036866,0.000266801471621
158,47,2,2,0.138248847926,8.11253711486e-05
158,48,2,2,0.138248847926,8.11253711486e-05
158,50,2,4,0.691244239631,0.000139081284666
158,51,2,3,2.81105990783,0.000953023741227
158,52,2,2,0.138248847926,8.11253711486e-05
158,53,2,3,19.1705069124,0.13468013468
158,59,2,3,0.184331797235,5.42093565349e-05
158,61,2,2,1.33640552995,0.000834556390112
158,68,2,2,0.967741935484,0.000592627711272
158,69,2,2,0.599078341014,0.000359893471532
158,71,2,2,1.47465437788,0.000927762121792
158,76,2,2,0.0921658986175,5.39583872917e-05
158,89,2,2,1.33640552995,0.000834556390112
158,95,2,2,0.0921658986175,5.39583872917e-05
158,121,2,2,0.138248847926,8.11253711486e-05
158,126,2,3,9.26267281106,0.00502716167952
158,129,2,2,0.0921658986175,5.39583872917e-05
158,133,2,2,0.138248847926,8.11253711486e-05
158,148,2,2,0.0921658986175,5.39583872917e-05
158,149,2,2,10.7373271889,0.0135105358986
158,154,2,2,0.0921658986175,5.39583872917e-05
158,158,2,2,0.0921658986175,5.39583872917e-05
158,170,2,2,0.138248847926,8.11253711486e-05
158,187,2,2,13.7788018433,0.0258136924804
158,192,2,2,0.0921658986175,5.39583872917e-05
158,199,2,2,10.0460829493,0.0117629284296
158,200,2,3,1.61290322581,0.000511184721711
158,203,2,2,1.52073732719,0.000959140610013
158,205,2,2,3.27188940092,0.0022796303788
158,211,2,2,0.138248847926,8.11253711486e-05
158,220,2,3,4.7465437788,0.00181339305206
158,221,2,2,5.06912442396,0.00395694840139
158,236,2,2,12.4423963134,0.0191881289442
158,245,2,2,4.1935483871,0.00309214594929
158,251,2,3,1.84331797235,0.000591624957107
158,269,2,2,0.0921658986175,5.39583872917e-05
158,272,2,3,1.24423963134,0.000386591295682
158,296,2,3,0.322580645161,9.55328824181e-05
158,321,2,3,7.60368663594,0.00357449242208
158,330,2,3,5.2534562212,0.00207604895105
158,340,2,2,0.230414746544,0.000135839296678
158,343,2,4,1.61290322581,0.000340789814474
158,346,2,4,1.29032258065,0.000267931302414
158,361,2,2,0.414746543779,0.000246812011518
158,362,2,2,0.0921658986175,5.39583872917e-05
158,374,2,3,9.58525345622,0.00536336819523
158,379,2,2,1.79723502304,0.00115074798619
158,385,2,2,1.01382488479,0.000622354991287
158,390,2,3,19.1705069124,0.13468013468
158,392,2,2,0.0921658986175,5.39583872917e-05
158,396,2,4,18.8940092166,0.0663688163688
158,397,2,3,9.53917050691,0.00531406919072
158,403,2,2,0.414746543779,0.000246812011518
158,417,2,2,0.0921658986175,5.39583872917e-05
158,445,2,3,0.184331797235,5.42093565349e-05
158,446,2,2,0.0921658986175,5.39583872917e-05
158,464,2,2,3.96313364055,0.00288026150095
158,465,2,2,0.0921658986175,5.39583872917e-05
171,26,2,2,1.8801843318,0.00142235609103
171,27,2,2,7.24423963134,0.00102215622847
171,34,2,2,1.16129032258,7.97306874557e-05
171,35,2,2,7.52073732719,0.00576955710165
171,39,2,2,2.8202764977,0.00213848433176
171,44,2,3,9.91705069124,0.00200345499646
171,45,2,3,27.5391705069,0.0376059873797
171,47,2,2,2.8202764977,0.00213848433176
171,48,2,2,1.1797235023,0.000374182230035
171,50,2,4,14.1013824885,0.00366621617736
171,51,2,3,17.3456221198,0.00303562098781
171,52,2,2,2.8202764977,0.00213848433176
171,53,2,3,16.9216589862,0.0139837554252
171,59,2,3,3.76036866359,0.00142897170076
171,61,2,2,27.2626728111,0.0219991075413
171,68,2,2,11.7419354839,0.00552625924102
171,69,2,2,23.7788018433,0.0359149865657
171,71,2,2,5.91705069124,0.000946140796725
171,76,2,2,2.1198156682,0.00180802184774
171,89,2,2,8.73732718894,0.00225956790878
171,95,2,2,1.8801843318,0.00142235609103
171,121,2,2,1.1797235023,0.000374182230035
171,126,2,3,83.0046082949,0.033035414132
171,129,2,2,1.8801843318,0.00142235609103
171,133,2,2,2.8202764977,0.00213848433176
171,148,2,2,2.1198156682,0.00180802184774
171,149,2,2,148.958525346,0.164702416424
171,154,2,2,1.8801843318,0.00142235609103
171,158,2,2,1.8801843318,0.00142235609103
171,170,2,2,1.1797235023,0.000374182230035
171,187,2,2,90.9124423963,0.0711808082221
171,192,2,2,1.8801843318,0.00142235609103
171,199,2,2,163.059907834,0.196293247985
171,200,2,3,23.0230414747,0.00777142249456
171,203,2,2,4.97695852535,0.000650715200273
171,205,2,2,66.7465437788,0.0600916060938
171,211,2,2,9.1797235023,0.0226559301215
171,220,2,3,93.069124424,0.0579458405864
171,221,2,2,28.5898617512,0.00797274063575
171,236,2,2,118.175115207,0.109639154418
171,245,2,2,85.5483870968,0.0815097123187
171,251,2,3,29.1428571429,0.044724058971
171,269,2,2,1.8801843318,0.00142235609103
171,272,2,3,18.1382488479,0.00987740832569
171,296,2,3,6.58064516129,0.00251826980051
171,321,2,3,16.6267281106,0.00202949038909
171,330,2,3,107.170506912,0.0547251506024
171,340,2,2,4.70046082949,0.0035807565928
171,343,2,4,19.0230414747,0.00430153550374
171,346,2,4,29.6589861751,0.0254860489348
171,361,2,2,27.5391705069,0.0689273356401
171,362,2,2,6.1198156682,0.0150689905592
171,374,2,3,82.3410138249,0.0253620629194
171,379,2,2,0.663594470046,9.93722297403e-06
171,385,2,2,20.6820276498,0.0164054275354
171,390,2,3,185.861751152,0.12867892115
171,392,2,2,2.1198156682,0.00180802184774
171,396,2,4,21.8433179724,0.00392999396014
171,397,2,3,41.400921659,0.00634383136979
171,403,2,2,4.46082949309,0.00180851047404
171,417,2,2,2.1198156682,0.00180802184774
171,445,2,3,6.1198156682,0.00822441613238
171,446,2,2,1.8801843318,0.00142235609103
171,464,2,2,12.8479262673,0.00191738619809
171,465,2,2,1.8801843318,0.00142235609103
192,26,2,2,0.036866359447,2.14334705075e-05
192,27,2,2,0.847926267281,0.000548873615884
192,34,2,2,0.258064516129,0.000154320987654
192,35,2,2,0.147465437788,8.69414014954e-05
192,39,2,2,0.0552995391705,3.22248002062e-05
192,44,2,3,0.626728110599,0.000196759259259
192,45,2,3,0.350230414747,0.000105979473449
192,47,2,2,0.0552995391705,3.22248002062e-05
192,48,2,2,0.0552995391705,3.22248002062e-05
192,50,2,4,0.276497695853,5.52461769646e-05
192,51,2,3,2.94930875576,0.00276479974636
192,52,2,2,0.0552995391705,3.22248002062e-05
192,53,2,3,0.36866359447,0.000111826802648
192,59,2,3,0.0737327188941,2.1533161068e-05
192,61,2,2,0.534562211982,0.00033150434385
192,68,2,2,3.61290322581,0.0205063820883
192,69,2,2,0.239631336406,0.000142957684525
192,71,2,2,0.589861751152,0.000368527731712
192,76,2,2,0.036866359447,2.14334705075e-05
192,89,2,2,0.534562211982,0.00033150434385
192,95,2,2,0.036866359447,2.14334705075e-05
192,121,2,2,0.0552995391705,3.22248002062e-05
192,126,2,3,4.29493087558,0.00657610432729
192,129,2,2,0.036866359447,2.14334705075e-05
192,133,2,2,0.0552995391705,3.22248002062e-05
192,148,2,2,0.036866359447,2.14334705075e-05
192,149,2,2,0.294930875576,2.53066253536e-05
192,154,2,2,0.036866359447,2.14334705075e-05
192,158,2,2,0.036866359447,2.14334705075e-05
192,170,2,2,0.0552995391705,3.22248002062e-05
192,187,2,2,2.48847926267,0.00209030100334
192,192,2,2,0.036866359447,2.14334705075e-05
192,199,2,2,0.0184331797235,9.8318672053e-08
192,200,2,3,3.39170506912,0.00592548289917
192,203,2,2,0.608294930876,0.000380991964533
192,205,2,2,2.69124423963,0.00382901428569
192,211,2,2,0.0552995391705,3.22248002062e-05
192,220,2,3,2.17511520737,0.00098091240253
192,221,2,2,1.97235023041,0.00148722305358
192,236,2,2,0.976958525346,0.000293690822711
192,245,2,2,2.32258064516,0.00235478806907
192,251,2,3,0.73732718894,0.000235006580184
192,269,2,2,0.036866359447,2.14334705075e-05
192,272,2,3,0.497695852535,0.000153562653563
192,296,2,3,3.94470046083,0.0819925116373
192,321,2,3,1.34562211982,0.000363004507244
192,330,2,3,1.95391705069,0.000732731429346
192,340,2,2,0.0921658986175,5.39583872917e-05
192,343,2,4,0.645161290323,0.000135369287416
192,346,2,4,0.516129032258,0.000106428267348
192,361,2,2,0.165898617512,9.80392156863e-05
192,362,2,2,0.036866359447,2.14334705075e-05
192,374,2,3,0.202764976959,1.57118627348e-05
192,379,2,2,0.718894009217,0.000457102672293
192,385,2,2,0.405529953917,0.00024721323265
192,390,2,3,0.350230414747,0.000105755138885
192,392,2,2,0.036866359447,2.14334705075e-05
192,396,2,4,3.81566820276,0.0156213164588
192,397,2,3,0.774193548387,0.000226790667319
192,403,2,2,0.165898617512,9.80392156863e-05
192,417,2,2,0.036866359447,2.14334705075e-05
192,445,2,3,0.0737327188941,2.1533161068e-05
192,446,2,2,0.036866359447,2.14334705075e-05
192,464,2,2,1.58525345622,0.00114410387399
192,465,2,2,0.036866359447,2.14334705075e-05
233,26,3,2,2.89400921659,0.00131583970203
233,27,3,2,56.6267281106,0.0272203403052
233,34,3,2,23.7419354839,0.0142545348779
233,35,3,2,5.8801843318,0.00185992186346
233,39,3,2,8.29493087558,0.00779166810957
233,44,3,3,77.9262672811,0.0355434645359
233,45,3,3,31.7281105991,0.016597077132
233,47,3,2,8.04608294931,0.00708224490127
233,48,3,2,8.29493087558,0.00779166810957
233,50,3,4,29.9032258065,0.00991220197933
233,51,3,3,83.2903225806,0.0242194665775
233,52,3,2,3.70506912442,0.00196917628605
233,53,3,3,49.7235023041,0.0245088028995
233,59,3,3,7.70506912442,0.00438671090426
233,61,3,2,35.8156682028,0.0179597310061
233,68,3,2,48.3225806452,0.0384859680331
233,69,3,2,27.9447004608,0.0214722622445
233,71,3,2,88.4792626728,0.0891067052796
233,76,3,2,2.89400921659,0.00131583970203
233,89,3,2,80.1843317972,0.0801547816473
233,95,3,2,5.10599078341,0.00408410002359
233,121,3,2,3.95391705069,0.00204800108697
233,126,3,3,168.101382488,0.0732664264313
233,129,3,2,2.47004608295,0.00104125940113
233,133,3,2,4.34101382488,0.00270308929449
233,148,3,2,2.89400921659,0.00131583970203
233,149,3,2,187.087557604,0.106123165053
233,154,3,2,2.89400921659,0.00131583970203
233,158,3,2,5.36405529954,0.00471056721057
233,170,3,2,3.95391705069,0.00204800108697
233,187,3,2,18.7281105991,0.00139121564687
233,192,3,2,5.36405529954,0.00471056721057
233,199,3,2,231.31797235,0.161005438789
233,200,3,3,78.1198156682,0.0305254210659
233,203,3,2,91.2442396313,0.0921204451558
233,205,3,2,181.262672811,0.172544787774
233,211,3,2,8.29493087558,0.00779166810957
233,220,3,3,122.267281106,0.037279668121
233,221,3,2,140.976958525,0.0935361017368
233,236,3,2,95.8525345622,0.0298081739107
233,245,3,2,112.387096774,0.0594277633894
233,251,3,3,90.599078341,0.0394154514556
233,269,3,2,5.10599078341,0.00408410002359
233,272,3,3,40.5253456221,0.0141274905961
233,296,3,3,8.61751152074,0.00347815222894
233,321,3,3,193.244239631,0.0702203850087
233,330,3,3,142.769585253,0.0432034851123
233,340,3,2,9.41013824885,0.00624667751272
233,343,3,4,48.2764976959,0.0185545037717
233,346,3,4,69.4193548387,0.0208011460038
233,361,3,2,24.8847926267,0.0237050043898
233,362,3,2,5.52995391705,0.0051824212272
233,374,3,3,227.585253456,0.0792339648446
233,379,3,2,99.8341013825,0.0947330304894
233,385,3,2,56.1658986175,0.0471059303692
233,390,3,3,216.958525346,0.0850628074267
233,392,3,2,2.63594470046,0.00115922290529
233,396,3,4,49.9907834101,0.015791119124
233,397,3,3,244.036866359,0.114544919959
233,403,3,2,16.1382488479,0.0105449033456
233,417,3,2,2.63594470046,0.00115922290529
233,445,3,3,7.74193548387,0.00325583822633
233,446,3,2,2.47004608295,0.00104125940113
233,464,3,2,143.557603687,0.0995929829601
233,465,3,2,5.10599078341,0.00408410002359
242,26,2,2,0.036866359447,2.14334705075e-05
242,27,2,2,0.847926267281,0.000548873615884
242,34,2,2,0.258064516129,0.000154320987654
242,35,2,2,0.147465437788,8.69414014954e-05
242,39,2,2,0.0552995391705,3.22248002062e-05
242,44,2,3,0.626728110599,0.000196759259259
242,45,2,3,0.350230414747,0.000105979473449
242,47,2,2,0.0552995391705,3.22248002062e-05
242,48,2,2,0.0552995391705,3.22248002062e-05
242,50,2,4,7.94470046083,0.22170781893
242,51,2,3,1.12442396313,0.000378562208321
242,52,2,2,0.0552995391705,3.22248002062e-05
242,53,2,3,0.36866359447,0.000111826802648
242,59,2,3,0.0737327188941,2.1533161068e-05
242,61,2,2,0.534562211982,0.00033150434385
242,68,2,2,0.387096774194,0.000235404896422
242,69,2,2,0.239631336406,0.000142957684525
242,71,2,2,0.589861751152,0.000368527731712
242,76,2,2,0.036866359447,2.14334705075e-05
242,89,2,2,0.534562211982,0.00033150434385
242,95,2,2,0.036866359447,2.14334705075e-05
242,121,2,2,0.0552995391705,3.22248002062e-05
242,126,2,3,3.70506912442,0.00199690033381
242,129,2,2,0.036866359447,2.14334705075e-05
242,133,2,2,0.0552995391705,3.22248002062e-05
242,148,2,2,0.036866359447,2.14334705075e-05
242,149,2,2,4.29493087558,0.00536668509305
242,154,2,2,0.036866359447,2.14334705075e-05
242,158,2,2,0.036866359447,2.14334705075e-05
242,170,2,2,0.0552995391705,3.22248002062e-05
242,187,2,2,2.48847926267,0.00209030100334
242,192,2,2,0.036866359447,2.14334705075e-05
242,199,2,2,4.01843317972,0.00467249657064
242,200,2,3,0.645161290323,0.000203053931124
242,203,2,2,0.608294930876,0.000380991964533
242,205,2,2,1.30875576037,0.000905519844914
242,211,2,2,0.0552995391705,3.22248002062e-05
242,220,2,3,1.89861751152,0.000720320017903
242,221,2,2,2.02764976959,0.00157178783722
242,236,2,2,3.02304147465,0.00281207133059
242,245,2,2,1.67741935484,0.00122826908541
242,251,2,3,0.73732718894,0.000235006580184
242,269,2,2,0.036866359447,2.14334705075e-05
242,272,2,3,0.497695852535,0.000153562653563
242,296,2,3,0.129032258064,3.79477838494e-05
242,321,2,3,3.04147465438,0.00141986782321
242,330,2,3,2.10138248848,0.000824652777778
242,340,2,2,0.0921658986175,5.39583872917e-05
242,343,2,4,7.79723502304,0.0593434343434
242,346,2,4,0.516129032258,0.000106428267348
242,361,2,2,0.165898617512,9.80392156863e-05
242,362,2,2,0.036866359447,2.14334705075e-05
242,374,2,3,3.83410138249,0.0021304490331
242,379,2,2,0.718894009217,0.000457102672293
242,385,2,2,0.405529953917,0.00024721323265
242,390,2,3,3.98156682028,0.00229357798165
242,392,2,2,0.036866359447,2.14334705075e-05
242,396,2,4,0.663594470046,0.000139586823004
242,397,2,3,3.81566820276,0.00211086637298
242,403,2,2,0.165898617512,9.80392156863e-05
242,417,2,2,0.036866359447,2.14334705075e-05
242,445,2,3,0.0737327188941,2.1533161068e-05
242,446,2,2,0.036866359447,2.14334705075e-05
242,464,2,2,1.58525345622,0.00114410387399
242,465,2,2,0.036866359447,2.14334705075e-05
244,26,3,2,0.129032258064,3.79477838494e-05
244,27,3,2,13.0322580645,0.0189129883681
244,34,3,2,0.903225806452,0.000273224043716
244,35,3,2,0.516129032258,0.000153929038713
244,39,3,2,0.193548387097,5.70537446274e-05
244,44,3,3,21.935483871,0.0398430181499
244,45,3,3,4.02304147465,0.0118242290003
244,47,3,2,0.193548387097,5.70537446274e-05
244,48,3,2,0.193548387097,5.70537446274e-05
244,50,3,4,0.967741935484,9.78129034782e-05
244,51,3,3,20.1013824885,0.0570758743208
244,52,3,2,0.193548387097,5.70537446274e-05
244,53,3,3,1.29032258065,0.000197988437475
244,59,3,3,0.258064516129,3.81242851697e-05
244,61,3,2,1.87096774194,0.000586925723538
244,68,3,2,1.35483870968,0.000416782439567
244,69,3,2,3.40092165899,0.00586156182511
244,71,3,2,21.935483871,0.0796829122828
244,76,3,2,0.129032258064,3.79477838494e-05
244,89,3,2,22.1290322581,0.0887046458556
244,95,3,2,0.129032258064,3.79477838494e-05
244,121,3,2,0.193548387097,5.70537446274e-05
244,126,3,3,12.9677419355,0.00353549567298
244,129,3,2,0.129032258064,3.79477838494e-05
244,133,3,2,0.193548387097,5.70537446274e-05
244,148,3,2,0.129032258064,3.79477838494e-05
244,149,3,2,15.0322580645,0.00950167196803
244,154,3,2,0.129032258064,3.79477838494e-05
244,158,3,2,0.129032258064,3.79477838494e-05
244,170,3,2,0.193548387097,5.70537446274e-05
244,187,3,2,19.2903225806,0.0181542197936
244,192,3,2,0.129032258064,3.79477838494e-05
244,199,3,2,14.064516129,0.00827261687917
244,200,3,3,2.25806451613,0.000359505320679
244,203,3,2,21.8709677419,0.0770403846321
244,205,3,2,4.58064516129,0.00160321546313
244,211,3,2,0.193548387097,5.70537446274e-05
244,220,3,3,4.78341013825,0.00138793569035
244,221,3,2,7.09677419355,0.00278283748229
244,236,3,2,17.4193548387,0.0134946021591
244,245,3,2,4.1935483871,0.00270379145301
244,251,3,3,22.0,0.0412551352941
244,269,3,2,0.129032258064,3.79477838494e-05
244,272,3,3,1.74193548387,0.000271881419422
244,296,3,3,7.84331797235,0.0487462224879
244,321,3,3,10.6451612903,0.00251386434274
244,330,3,3,5.28110599078,0.00139578157637
244,340,3,2,0.322580645161,9.55328824181e-05
244,343,3,4,6.99539170507,0.0172742373285
244,346,3,4,19.0322580645,0.0393206059511
244,361,3,2,0.58064516129,0.000173577627772
244,362,3,2,0.129032258064,3.79477838494e-05
244,374,3,3,6.70967741935,0.00124768277854
244,379,3,2,21.4838709677,0.0640328613767
244,385,3,2,1.41935483871,0.000437689002069
244,390,3,3,13.935483871,0.00406076101669
244,392,3,2,0.129032258064,3.79477838494e-05
244,396,3,4,8.22119815668,0.0663308737285
244,397,3,3,21.935483871,0.0400822944501
244,403,3,2,0.58064516129,0.000173577627772
244,417,3,2,0.129032258064,3.79477838494e-05
244,445,3,3,0.258064516129,3.81242851697e-05
244,446,3,2,0.129032258064,3.79477838494e-05
244,464,3,2,5.54838709677,0.002025626531
244,465,3,2,0.129032258064,3.79477838494e-05
324,26,2,2,0.036866359447,2.14334705075e-05
324,27,2,2,0.847926267281,0.000548873615884
324,34,2,2,0.258064516129,0.000154320987654
324,35,2,2,0.147465437788,8.69414014954e-05
324,39,2,2,0.0552995391705,3.22248002062e-05
324,44,2,3,0.626728110599,0.000196759259259
324,45,2,3,0.350230414747,0.000105979473449
324,47,2,2,0.0552995391705,3.22248002062e-05
324,48,2,2,7.94470046083,0.66512345679
324,50,2,4,0.276497695853,5.52461769646e-05
324,51,2,3,1.12442396313,0.000378562208321
324,52,2,2,0.0552995391705,3.22248002062e-05
324,53,2,3,0.36866359447,0.000111826802648
324,59,2,3,0.0737327188941,2.1533161068e-05
324,61,2,2,0.534562211982,0.00033150434385
324,68,2,2,0.387096774194,0.000235404896422
324,69,2,2,0.239631336406,0.000142957684525
324,71,2,2,0.589861751152,0.000368527731712
324,76,2,2,0.036866359447,2.14334705075e-05
324,89,2,2,0.534562211982,0.00033150434385
324,95,2,2,0.036866359447,2.14334705075e-05
324,121,2,2,0.0552995391705,3.22248002062e-05
324,126,2,3,4.92165898618,0.00370093147039
324,129,2,2,0.036866359447,2.14334705075e-05
324,133,2,2,0.0552995391705,3.22248002062e-05
324,148,2,2,0.036866359447,2.14334705075e-05
324,149,2,2,3.70506912442,0.00399380066762
324,154,2,2,0.036866359447,2.14334705075e-05
324,158,2,2,0.036866359447,2.14334705075e-05
324,170,2,2,0.0552995391705,3.22248002062e-05
324,187,2,2,2.48847926267,0.00209030100334
324,192,2,2,0.036866359447,2.14334705075e-05
324,199,2,2,3.98156682028,0.0045871559633
324,200,2,3,0.645161290323,0.000203053931124
324,203,2,2,0.608294930876,0.000380991964533
324,205,2,2,1.30875576037,0.000905519844914
324,211,2,2,0.0552995391705,3.22248002062e-05
324,220,2,3,1.89861751152,0.000720320017903
324,221,2,2,5.97235023041,0.0136363636364
324,236,2,2,3.02304147465,0.00281207133059
324,245,2,2,1.67741935484,0.00122826908541
324,251,2,3,0.73732718894,0.000235006580184
324,269,2,2,0.036866359447,2.14334705075e-05
324,272,2,3,0.497695852535,0.000153562653563
324,296,2,3,0.129032258064,3.79477838494e-05
324,321,2,3,5.34562211982,0.00466177983539
324,330,2,3,2.10138248848,0.000824652777778
324,340,2,2,0.0921658986175,5.39583872917e-05
324,343,2,4,0.645161290323,0.000135369287416
324,346,2,4,0.516129032258,0.000106428267348
324,361,2,2,0.165898617512,9.80392156863e-05
324,362,2,2,0.036866359447,2.14334705075e-05
324,374,2,3,4.20276497696,0.00256202804746
324,379,2,2,0.718894009217,0.000457102672293
324,385,2,2,0.405529953917,0.00024721323265
324,390,2,3,4.35023041475,0.00275907220352
324,392,2,2,0.036866359447,2.14334705075e-05
324,396,2,4,0.663594470046,0.000139586823004
324,397,2,3,4.77419354839,0.00342592592593
324,403,2,2,0.165898617512,9.80392156863e-05
324,417,2,2,0.036866359447,2.14334705075e-05
324,445,2,3,0.0737327188941,2.1533161068e-05
324,446,2,2,0.036866359447,2.14334705075e-05
324,464,2,2,1.58525345622,0.00114410387399
324,465,2,2,0.036866359447,2.14334705075e-05
374,26,3,2,1.8801843318,0.000711178045515
374,27,3,2,27.2442396313,0.0073268555607
374,34,3,2,1.16129032258,0.000207715989141
374,35,3,2,7.52073732719,0.00288477855082
374,39,3,2,2.8202764977,0.00106924216588
374,44,3,3,11.9631336406,0.00116840105266
374,45,3,3,9.60829493088,0.0032655650549
374,47,3,2,1.31797235023,0.0002719035061
374,48,3,2,9.31797235023,0.0120912765805
374,50,3,4,16.2764976959,0.0451899882745
374,51,3,3,37.3456221198,0.00548326417115
374,52,3,2,2.8202764977,0.00106924216588
374,53,3,3,12.9677419355,0.00589223770924
374,59,3,3,3.76036866359,0.000714485850378
374,61,3,2,25.9262672811,0.0115226679387
374,68,3,2,11.7419354839,0.00281370608617
374,69,3,2,4.37788018433,0.00077408834594
374,71,3,2,14.0829493088,0.00281619631318
374,76,3,2,2.21198156682,0.00103093502302
374,89,3,2,11.2626728111,0.00202663691593
374,95,3,2,1.8801843318,0.000711178045515
374,121,3,2,1.31797235023,0.0002719035061
374,126,3,3,90.7004608295,0.0195674475763
374,129,3,2,1.8801843318,0.000711178045515
374,133,3,2,2.8202764977,0.00106924216588
374,148,3,2,2.21198156682,0.00103093502302
374,149,3,2,155.695852535,0.0943553716102
374,154,3,2,1.8801843318,0.000711178045515
374,158,3,2,1.8801843318,0.000711178045515
374,170,3,2,1.31797235023,0.0002719035061
374,187,3,2,102.912442396,0.0461693553282
374,192,3,2,1.8801843318,0.000711178045515
374,199,3,2,169.105990783,0.110085780135
374,200,3,3,23.069124424,0.00396704444318
374,203,3,2,15.0230414747,0.00309707348818
374,205,3,2,66.7465437788,0.0300458030469
374,211,3,2,9.31797235023,0.0120912765805
374,220,3,3,88.5069124424,0.0282354076083
374,221,3,2,49.6589861751,0.0139090823009
374,236,3,2,126.617511521,0.065322281078
374,245,3,2,81.3548387097,0.0387780770987
374,251,3,3,29.3502304147,0.00721783990849
374,269,3,2,1.8801843318,0.000711178045515
374,272,3,3,15.198156682,0.00398950893087
374,296,3,3,6.58064516129,0.00125913490026
374,321,3,3,39.7465437788,0.00386824513321
374,330,3,3,101.986175115,0.0257408349615
374,340,3,2,0.700460829493,9.088332278e-05
374,343,3,4,22.0092165899,0.0132531397514
374,346,3,4,16.2350230415,0.00334774423477
374,361,3,2,7.95391705069,0.00304161460883
374,362,3,2,6.21198156682,0.00804219167621
374,374,3,3,87.8801843318,0.0154500045349
374,379,3,2,20.66359447,0.00493161475342
374,385,3,2,20.6820276498,0.00820271376769
374,390,3,3,191.400921659,0.0719439519166
374,392,3,2,2.21198156682,0.00103093502302
374,396,3,4,17.8433179724,0.00139612548001
374,397,3,3,56.2857142857,0.00717316739596
374,403,3,2,4.04608294931,0.00971613642766
374,417,3,2,2.21198156682,0.00103093502302
374,445,3,3,6.25806451613,0.00436606170546
374,446,3,2,1.8801843318,0.000711178045515
374,464,3,2,32.8847926267,0.00652511002185
374,465,3,2,1.8801843318,0.000711178045515
454,26,2,2,0.0921658986175,5.39583872917e-05
454,27,2,2,2.1198156682,0.0013817797323
454,34,2,2,0.645161290323,0.0003885003885
454,35,2,2,0.36866359447,0.00021887345831
454,39,2,2,0.138248847926,8.11253711486e-05
454,44,2,3,1.5668202765,0.000495337995338
454,45,2,3,0.875576036866,0.000266801471621
454,47,2,2,0.138248847926,8.11253711486e-05
454,48,2,2,0.138248847926,8.11253711486e-05
454,50,2,4,0.691244239631,0.000139081284666
454,51,2,3,2.81105990783,0.000953023741227
454,52,2,2,0.138248847926,8.11253711486e-05
454,53,2,3,3.17050691244,0.00370257761562
454,59,2,3,0.184331797235,5.42093565349e-05
454,61,2,2,1.33640552995,0.000834556390112
454,68,2,2,0.967741935484,0.000592627711272
454,69,2,2,0.599078341014,0.000359893471532
454,71,2,2,1.47465437788,0.000927762121792
454,76,2,2,0.0921658986175,5.39583872917e-05
454,89,2,2,1.33640552995,0.000834556390112
454,95,2,2,0.0921658986175,5.39583872917e-05
454,121,2,2,0.138248847926,8.11253711486e-05
454,126,2,3,9.26267281106,0.00502716167952
454,129,2,2,3.90783410138,0.0970042303376
454,133,2,2,0.138248847926,8.11253711486e-05
454,148,2,2,0.0921658986175,5.39583872917e-05
454,149,2,2,10.7373271889,0.0135105358986
454,154,2,2,0.0921658986175,5.39583872917e-05
454,158,2,2,0.0921658986175,5.39583872917e-05
454,170,2,2,0.138248847926,8.11253711486e-05
454,187,2,2,9.77880184332,0.0130016513071
454,192,2,2,0.0921658986175,5.39583872917e-05
454,199,2,2,10.0460829493,0.0117629284296
454,200,2,3,1.61290322581,0.000511184721711
454,203,2,2,1.52073732719,0.000959140610013
454,205,2,2,3.27188940092,0.0022796303788
454,211,2,2,0.138248847926,8.11253711486e-05
454,220,2,3,4.7465437788,0.00181339305206
454,221,2,2,5.06912442396,0.00395694840139
454,236,2,2,3.55760368664,0.00156869929228
454,245,2,2,4.1935483871,0.00309214594929
454,251,2,3,1.84331797235,0.000591624957107
454,269,2,2,0.0921658986175,5.39583872917e-05
454,272,2,3,1.24423963134,0.000386591295682
454,296,2,3,0.322580645161,9.55328824181e-05
454,321,2,3,7.60368663594,0.00357449242208
454,330,2,3,5.2534562212,0.00207604895105
454,340,2,2,0.230414746544,0.000135839296678
454,343,2,4,3.4930875576,0.00495074657754
454,346,2,4,1.29032258065,0.000267931302414
454,361,2,2,0.414746543779,0.000246812011518
454,362,2,2,0.0921658986175,5.39583872917e-05
454,374,2,3,9.58525345622,0.00536336819523
454,379,2,2,1.79723502304,0.00115074798619
454,385,2,2,1.01382488479,0.000622354991287
454,390,2,3,9.12442396313,0.00721779070403
454,392,2,2,0.0921658986175,5.39583872917e-05
454,396,2,4,2.89400921659,0.00163645213896
454,397,2,3,9.53917050691,0.00531406919072
454,403,2,2,0.414746543779,0.000246812011518
454,417,2,2,0.0921658986175,5.39583872917e-05
454,445,2,3,0.184331797235,5.42093565349e-05
454,446,2,2,0.0921658986175,5.39583872917e-05
454,464,2,2,3.96313364055,0.00288026150095
454,465,2,2,0.0921658986175,5.39583872917e-05
463,26,2,2,0.036866359447,2.14334705075e-05
463,27,2,2,0.847926267281,0.000548873615884
463,34,2,2,0.258064516129,0.000154320987654
463,35,2,2,0.147465437788,8.69414014954e-05
463,39,2,2,0.0552995391705,3.22248002062e-05
463,44,2,3,0.626728110599,0.000196759259259
463,45,2,3,0.350230414747,0.000105979473449
463,47,2,2,0.0552995391705,3.22248002062e-05
463,48,2,2,0.0552995391705,3.22248002062e-05
463,50,2,4,0.276497695853,5.52461769646e-05
463,51,2,3,1.12442396313,0.000378562208321
463,52,2,2,0.0552995391705,3.22248002062e-05
463,53,2,3,0.36866359447,0.000111826802648
463,59,2,3,0.0737327188941,2.1533161068e-05
463,61,2,2,0.534562211982,0.00033150434385
463,68,2,2,0.387096774194,0.000235404896422
463,69,2,2,0.239631336406,0.000142957684525
463,71,2,2,0.589861751152,0.000368527731712
463,76,2,2,0.036866359447,2.14334705075e-05
463,89,2,2,0.534562211982,0.00033150434385
463,95,2,2,0.036866359447,2.14334705075e-05
463,121,2,2,0.0552995391705,3.22248002062e-05
463,126,2,3,3.70506912442,0.00199690033381
463,129,2,2,0.036866359447,2.14334705075e-05
463,133,2,2,0.0552995391705,3.22248002062e-05
463,148,2,2,0.036866359447,2.14334705075e-05
463,149,2,2,4.29493087558,0.00536668509305
463,154,2,2,0.036866359447,2.14334705075e-05
463,158,2,2,0.036866359447,2.14334705075e-05
463,170,2,2,0.0552995391705,3.22248002062e-05
463,187,2,2,1.51152073733,0.000771203508724
463,192,2,2,0.036866359447,2.14334705075e-05
463,199,2,2,4.01843317972,0.00467249657064
463,200,2,3,0.645161290323,0.000203053931124
463,203,2,2,0.608294930876,0.000380991964533
463,205,2,2,1.30875576037,0.000905519844914
463,211,2,2,0.0552995391705,3.22248002062e-05
463,220,2,3,2.17511520737,0.00098091240253
463,221,2,2,2.02764976959,0.00157178783722
463,236,2,2,0.976958525346,0.000293690822711
463,245,2,2,2.32258064516,0.00235478806907
463,251,2,3,0.73732718894,0.000235006580184
463,269,2,2,0.036866359447,2.14334705075e-05
463,272,2,3,0.497695852535,0.000153562653563
463,296,2,3,0.129032258064,3.79477838494e-05
463,321,2,3,3.04147465438,0.00141986782321
463,330,2,3,1.95391705069,0.000732731429346
463,340,2,2,0.0921658986175,5.39583872917e-05
463,343,2,4,3.79723502304,0.0140980959694
463,346,2,4,0.516129032258,0.000106428267348
463,361,2,2,0.165898617512,9.80392156863e-05
463,362,2,2,0.036866359447,2.14334705075e-05
463,374,2,3,3.83410138249,0.0021304490331
463,379,2,2,0.718894009217,0.000457102672293
463,385,2,2,0.405529953917,0.00024721323265
463,390,2,3,3.98156682028,0.00229357798165
463,392,2,2,0.036866359447,2.14334705075e-05
463,396,2,4,0.663594470046,0.000139586823004
463,397,2,3,3.81566820276,0.00211086637298
463,403,2,2,0.165898617512,9.80392156863e-05
463,417,2,2,0.036866359447,2.14334705075e-05
463,445,2,3,0.0737327188941,2.1533161068e-05
463,446,2,2,0.036866359447,2.14334705075e-05
463,464,2,2,2.41474654378,0.00265467368598
463,465,2,2,0.036866359447,2.14334705075e-05
489,26,2,2,0.129032258064,7.58955676988e-05
489,27,2,2,1.03225806452,0.000235136783476
489,34,2,2,0.903225806452,0.000546448087432
489,35,2,2,0.516129032258,0.000307858077426
489,39,2,2,0.193548387097,0.000114107489255
489,44,2,3,1.93548387097,0.000605971896956
489,45,2,3,3.35483870968,0.00536102254451
489,47,2,2,0.193548387097,0.000114107489255
489,48,2,2,0.193548387097,0.000114107489255
489,50,2,4,3.35483870968,0.0035339336251
489,51,2,3,0.322580645161,8.38799852001e-05
489,52,2,2,0.193548387097,0.000114107489255
489,53,2,3,1.29032258065,0.000395976874951
489,59,2,3,0.258064516129,7.62485703393e-05
489,61,2,2,1.87096774194,0.00117385144708
489,68,2,2,1.35483870968,0.000833564879133
489,69,2,2,0.838709677419,0.000506210817336
489,71,2,2,1.93548387097,0.00114692928799
489,76,2,2,0.129032258064,7.58955676988e-05
489,89,2,2,2.12903225806,0.00152000502481
489,95,2,2,0.129032258064,7.58955676988e-05
489,121,2,2,0.193548387097,0.000114107489255
489,126,2,3,2.1935483871,0.000701203858177
489,129,2,2,0.129032258064,7.58955676988e-05
489,133,2,2,0.193548387097,0.000114107489255
489,148,2,2,0.129032258064,7.58955676988e-05
489,149,2,2,3.03225806452,0.000773239270474
489,154,2,2,0.129032258064,7.58955676988e-05
489,158,2,2,0.129032258064,7.58955676988e-05
489,170,2,2,0.193548387097,0.000114107489255
489,187,2,2,7.29032258065,0.0051858756064
489,192,2,2,0.129032258064,7.58955676988e-05
489,199,2,2,2.06451612903,0.000356500281301
489,200,2,3,2.25806451613,0.000719010641357
489,203,2,2,1.87096774194,0.00104185636257
489,205,2,2,4.58064516129,0.00320643092625
489,211,2,2,0.193548387097,0.000114107489255
489,220,2,3,5.61290322581,0.00191257902614
489,221,2,2,4.90322580645,0.0026568048426
489,236,2,2,5.41935483871,0.00261228841797
489,245,2,2,6.12903225806,0.00474003843502
489,251,2,3,2.0,0.000778658804788
489,269,2,2,0.129032258064,7.58955676988e-05
489,272,2,3,1.74193548387,0.000543762838845
489,296,2,3,0.451612903226,0.000134372480516
489,321,2,3,2.70967741935,0.000658937168627
489,330,2,3,4.83870967742,0.00131970377872
489,340,2,2,0.322580645161,0.000191065764836
489,343,2,4,2.25806451613,0.000479340427572
489,346,2,4,1.8064516129,0.000376860749953
489,361,2,2,0.58064516129,0.000347155255545
489,362,2,2,0.129032258064,7.58955676988e-05
489,374,2,3,1.41935483871,0.000114892734252
489,379,2,2,1.48387096774,0.000562942625611
489,385,2,2,1.41935483871,0.000875378004138
489,390,2,3,1.93548387097,0.000431663388499
489,392,2,2,0.129032258064,7.58955676988e-05
489,396,2,4,2.32258064516,0.000494274651948
489,397,2,3,2.64516129032,0.000684099775535
489,403,2,2,0.58064516129,0.000347155255545
489,417,2,2,0.129032258064,7.58955676988e-05
489,445,2,3,0.258064516129,7.62485703393e-05
489,446,2,2,0.129032258064,7.58955676988e-05
489,464,2,2,2.45161290323,0.000790969364727
489,465,2,2,0.129032258064,7.58955676988e-05
