NP site,NS1 site,N alleles NP,N alleles NS1,Chi,ChiSqDf
21,35,2,2,0.626728110599,0.000379231498522
21,50,2,2,1.2534562212,0.000765584715326
21,63,2,2,0.3133640553,0.00018873789857
21,86,2,3,1.5668202765,0.00048074747749
21,93,2,2,31.7788018433,0.0603955495424
21,98,2,2,1.10599078341,0.000118375065476
21,102,2,2,0.470046082949,0.000283763708291
21,104,2,3,7.3732718894,0.0264328329724
21,105,2,2,0.3133640553,0.00018873789857
21,108,2,3,11.4562211982,0.00934181660757
21,109,2,3,1.26267281106,0.000169302486826
21,112,2,2,0.626728110599,0.000379231498522
21,113,2,2,0.3133640553,0.00018873789857
21,114,2,2,2.35023041475,0.00145945296269
21,115,2,6,34.5437788018,0.00858618758799
21,116,2,3,15.0599078341,0.0739557508495
21,117,2,2,11.6129032258,0.0197002641295
21,118,2,2,1.5668202765,0.000961494954979
21,119,2,2,0.783410138249,0.000475144360036
21,122,2,3,0.783410138249,0.000237572180018
21,123,2,2,0.3133640553,0.00018873789857
21,124,2,3,50.0460829493,0.303911950653
21,127,2,2,2.1935483871,0.0013589128697
21,129,2,2,7.61290322581,0.00846624931292
21,138,2,3,3.133640553,0.0009847194708
21,142,2,3,3.91705069124,0.00124594700768
21,143,2,3,10.0460829493,0.00563508269935
21,149,2,2,0.3133640553,0.00018873789857
21,155,2,2,0.470046082949,0.000283763708291
21,162,2,2,0.470046082949,0.000283763708291
21,178,2,2,5.32718894009,0.00346522781775
21,184,2,2,1.2534562212,0.000765584715326
21,196,2,2,4.39631336406,0.00339533104041
21,199,2,2,1.41013824885,0.000863309352518
21,202,2,3,1.2534562212,0.000382792357663
21,206,2,2,37.33640553,0.326553643446
21,213,2,3,38.4331797235,0.289446271037
21,217,2,3,3.29032258065,0.00103645896842
21,224,2,2,0.3133640553,0.00018873789857
21,236,2,2,0.3133640553,0.00018873789857
21,239,2,2,0.470046082949,0.000283763708291
21,249,2,2,11.9262672811,0.0222664030075
21,254,2,2,1.72350230415,0.00106014479197
21,257,2,2,0.3133640553,0.00018873789857
21,264,2,2,22.9861751152,0.0682074621251
21,281,2,2,4.39631336406,0.00339533104041
22,35,3,2,0.479262672811,0.000143622603988
22,50,3,2,0.958525345622,0.00028994234608
22,63,3,2,0.239631336406,7.14788422627e-05
22,86,3,3,1.19815668203,0.00018206874916
22,93,3,2,42.6543778802,0.070467141726
22,98,3,2,5.27188940092,0.00174188440222
22,102,3,2,0.359447004608,0.000107467029666
22,104,3,3,1.07834101382,0.000163476316893
22,105,3,2,0.239631336406,7.14788422627e-05
22,108,3,3,3.71428571429,0.000593824228029
22,109,3,3,5.39170506912,0.000893026152691
22,112,3,2,0.479262672811,0.000143622603988
22,113,3,2,0.239631336406,7.14788422627e-05
22,114,3,2,1.79723502304,0.000552724221793
22,115,3,6,29.4746543779,0.0040405316622
22,116,3,3,3.23502304147,0.00051211868314
22,117,3,2,3.35483870968,0.00106478827095
22,118,3,2,1.19815668203,0.000364137498319
22,119,3,2,0.599078341014,0.000179946735766
22,122,3,3,0.599078341014,8.99733678831e-05
22,123,3,2,0.239631336406,7.14788422627e-05
22,124,3,3,39.2442396313,0.226824768959
22,127,3,2,1.67741935484,0.000514647664291
22,129,3,2,3.35483870968,0.00106478827095
22,138,3,3,2.39631336406,0.000372933090066
22,142,3,3,3.78801843318,0.00509891614869
22,143,3,3,4.79262672811,0.00078372740755
22,149,3,2,0.239631336406,7.14788422627e-05
22,155,3,2,0.359447004608,0.000107467029666
22,162,3,2,0.359447004608,0.000107467029666
22,178,3,2,4.07373271889,0.00131235154394
22,184,3,2,0.958525345622,0.00028994234608
22,196,3,2,2.75576036866,0.000864007027642
22,199,3,2,1.07834101382,0.000326952633785
22,202,3,3,0.958525345622,0.00014497117304
22,206,3,2,38.2764976959,0.261459134546
22,213,3,3,45.4423963134,0.249471756502
22,217,3,3,2.51612903226,0.000392527879544
22,224,3,2,0.239631336406,7.14788422627e-05
22,236,3,2,0.239631336406,7.14788422627e-05
22,239,3,2,0.359447004608,0.000107467029666
22,249,3,2,3.11520737327,0.000983885240557
22,254,3,2,1.31797235023,0.000401498177816
22,257,3,2,0.239631336406,7.14788422627e-05
22,264,3,2,24.7557603687,0.0603844844016
22,281,3,2,2.75576036866,0.000864007027642
23,35,2,2,0.258064516129,0.000152497140679
23,50,2,2,0.516129032258,0.000307858077426
23,63,2,2,0.129032258064,7.58955676988e-05
23,86,2,3,0.645161290323,0.000193318898856
23,93,2,2,6.96774193548,0.00688609603695
23,98,2,2,2.83870967742,0.00184951660361
23,102,2,2,0.193548387097,0.000114107489255
23,104,2,3,7.67741935484,0.0541534646646
23,105,2,2,0.129032258064,7.58955676988e-05
23,108,2,3,2.0,0.00063051702396
23,109,2,3,2.90322580645,0.000948206835518
23,112,2,2,0.258064516129,0.000152497140679
23,113,2,2,0.129032258064,7.58955676988e-05
23,114,2,2,11.0322580645,0.0762705896162
23,115,2,6,11.8064516129,0.0853887782802
23,116,2,3,1.74193548387,0.000543762838845
23,117,2,2,1.8064516129,0.00113058224986
23,118,2,2,0.645161290323,0.000386637797711
23,119,2,2,0.322580645161,0.000191065764836
23,122,2,3,0.322580645161,9.55328824181e-05
23,123,2,2,0.129032258064,7.58955676988e-05
23,124,2,3,2.45161290323,0.000786554065243
23,127,2,2,3.09677419355,0.00642355302777
23,129,2,2,1.8064516129,0.00113058224986
23,138,2,3,1.29032258065,0.000395976874951
23,142,2,3,1.61290322581,0.000501022085054
23,143,2,3,2.58064516129,0.000832154447866
23,149,2,2,0.129032258064,7.58955676988e-05
23,155,2,2,0.193548387097,0.000114107489255
23,162,2,2,0.193548387097,0.000114107489255
23,178,2,2,2.1935483871,0.00139344262295
23,184,2,2,0.516129032258,0.000307858077426
23,196,2,2,1.48387096774,0.000917394599338
23,199,2,2,0.58064516129,0.000347155255545
23,202,2,3,0.516129032258,0.000153929038713
23,206,2,2,1.09677419355,0.000668317804773
23,213,2,3,2.0,0.00063051702396
23,217,2,3,1.35483870968,0.000416782439567
23,224,2,2,0.129032258064,7.58955676988e-05
23,236,2,2,3.87096774194,0.068306010929
23,239,2,2,0.193548387097,0.000114107489255
23,249,2,2,1.67741935484,0.00104468016715
23,254,2,2,0.709677419355,0.000426307018564
23,257,2,2,7.87096774194,0.282407407407
23,264,2,2,2.06451612903,0.00130495065655
23,281,2,2,1.48387096774,0.000917394599338
29,35,2,2,0.0737327188941,4.30663221361e-05
29,50,2,2,0.147465437788,8.69414014954e-05
29,63,2,2,0.036866359447,2.14334705075e-05
29,86,2,3,0.184331797235,5.45946890287e-05
29,93,2,2,1.43778801843,0.00101435705368
29,98,2,2,0.811059907834,0.000522317188984
29,102,2,2,0.0552995391705,3.22248002062e-05
29,104,2,3,0.165898617512,4.90196078431e-05
29,105,2,2,0.036866359447,2.14334705075e-05
29,108,2,3,0.571428571429,0.000178062678063
29,109,2,3,0.829493087558,0.000267780634105
29,112,2,2,0.0737327188941,4.30663221361e-05
29,113,2,2,0.036866359447,2.14334705075e-05
29,114,2,2,0.276497695853,0.000165738530894
29,115,2,6,7.57603686636,0.0165458937198
29,116,2,3,0.497695852535,0.000153562653563
29,117,2,2,0.516129032258,0.000319284802043
29,118,2,2,0.184331797235,0.000109189378057
29,119,2,2,0.0921658986175,5.39583872917e-05
29,122,2,3,0.0921658986175,2.69791936459e-05
29,123,2,2,0.036866359447,2.14334705075e-05
29,124,2,3,0.700460829493,0.000222128694351
29,127,2,2,0.258064516129,0.000154320987654
29,129,2,2,0.516129032258,0.000319284802043
29,138,2,3,0.36866359447,0.000111826802648
29,142,2,3,0.460829493088,0.000141492348094
29,143,2,3,0.73732718894,0.000235006580184
29,149,2,2,0.036866359447,2.14334705075e-05
29,155,2,2,0.0552995391705,3.22248002062e-05
29,162,2,2,0.0552995391705,3.22248002062e-05
29,178,2,2,0.626728110599,0.000393518518519
29,184,2,2,0.147465437788,8.69414014954e-05
29,196,2,2,0.423963133641,0.000259079030369
29,199,2,2,0.165898617512,9.80392156863e-05
29,202,2,3,0.147465437788,4.34707007477e-05
29,206,2,2,0.3133640553,0.00018873789857
29,213,2,3,0.571428571429,0.000178062678063
29,217,2,3,0.387096774194,0.000117702448211
29,224,2,2,0.036866359447,2.14334705075e-05
29,236,2,2,0.036866359447,2.14334705075e-05
29,239,2,2,0.0552995391705,3.22248002062e-05
29,249,2,2,0.479262672811,0.000295025417574
29,254,2,2,0.202764976959,0.000120392259872
29,257,2,2,0.036866359447,2.14334705075e-05
29,264,2,2,0.589861751152,0.000368527731712
29,281,2,2,0.423963133641,0.000259079030369
42,35,2,2,0.258064516129,0.000152497140679
42,50,2,2,0.516129032258,0.000307858077426
42,63,2,2,0.129032258064,7.58955676988e-05
42,86,2,3,0.645161290323,0.000193318898856
42,93,2,2,1.03225806452,0.000151135166792
42,98,2,2,1.16129032258,0.000309526539035
42,102,2,2,0.193548387097,0.000114107489255
42,104,2,3,0.58064516129,0.000173577627772
42,105,2,2,0.129032258064,7.58955676988e-05
42,108,2,3,2.12903225806,0.000792028773939
42,109,2,3,1.22580645161,0.000210362609135
42,112,2,2,0.258064516129,0.000152497140679
42,113,2,2,0.129032258064,7.58955676988e-05
42,114,2,2,0.967741935484,0.000586877420869
42,115,2,6,4.12903225806,0.000636716371995
42,116,2,3,2.64516129032,0.00168197943374
42,117,2,2,2.1935483871,0.00166703199086
42,118,2,2,0.645161290323,0.000386637797711
42,119,2,2,0.322580645161,0.000191065764836
42,122,2,3,0.322580645161,9.55328824181e-05
42,123,2,2,0.129032258064,7.58955676988e-05
42,124,2,3,2.1935483871,0.000996076523009
42,127,2,2,0.903225806452,0.000546448087432
42,129,2,2,2.1935483871,0.00166703199086
42,138,2,3,1.29032258065,0.000395976874951
42,142,2,3,2.64516129032,0.0016505780636
42,143,2,3,1.54838709677,0.000347252419974
42,149,2,2,0.129032258064,7.58955676988e-05
42,155,2,2,0.193548387097,0.000114107489255
42,162,2,2,0.193548387097,0.000114107489255
42,178,2,2,2.1935483871,0.00139344262295
42,184,2,2,0.516129032258,0.000307858077426
42,196,2,2,2.51612903226,0.00263772624876
42,199,2,2,0.58064516129,0.000347155255545
42,202,2,3,0.516129032258,0.000153929038713
42,206,2,2,1.09677419355,0.000668317804773
42,213,2,3,2.0,0.00063051702396
42,217,2,3,3.16129032258,0.00371614651375
42,224,2,2,0.129032258064,7.58955676988e-05
42,236,2,2,0.129032258064,7.58955676988e-05
42,239,2,2,0.193548387097,0.000114107489255
42,249,2,2,2.32258064516,0.00200281878199
42,254,2,2,0.709677419355,0.000426307018564
42,257,2,2,0.129032258064,7.58955676988e-05
42,264,2,2,2.06451612903,0.00130495065655
42,281,2,2,2.51612903226,0.00263772624876
53,35,2,2,7.92626728111,0.497685185185
53,50,2,2,0.147465437788,8.69414014954e-05
53,63,2,2,0.036866359447,2.14334705075e-05
53,86,2,3,0.184331797235,5.45946890287e-05
53,93,2,2,1.43778801843,0.00101435705368
53,98,2,2,7.18894009217,0.0410353535354
53,102,2,2,0.0552995391705,3.22248002062e-05
53,104,2,3,7.92626728111,0.248842592593
53,105,2,2,0.036866359447,2.14334705075e-05
53,108,2,3,7.46543778802,0.0323275862069
53,109,2,3,7.20737327189,0.021048664944
53,112,2,2,7.92626728111,0.497685185185
53,113,2,2,0.036866359447,2.14334705075e-05
53,114,2,2,0.276497695853,0.000165738530894
53,115,2,6,4.53456221198,0.00121158392435
53,116,2,3,7.88940092166,0.16512345679
53,117,2,2,7.48387096774,0.0671296296296
53,118,2,2,0.184331797235,0.000109189378057
53,119,2,2,0.0921658986175,5.39583872917e-05
53,122,2,3,0.0921658986175,2.69791936459e-05
53,123,2,2,0.036866359447,2.14334705075e-05
53,124,2,3,7.48387096774,0.0335648148148
53,127,2,2,0.258064516129,0.000154320987654
53,129,2,2,7.48387096774,0.0671296296296
53,138,2,3,0.36866359447,0.000111826802648
53,142,2,3,0.460829493088,0.000141492348094
53,143,2,3,7.29953917051,0.0241228070175
53,149,2,2,0.036866359447,2.14334705075e-05
53,155,2,2,0.0552995391705,3.22248002062e-05
53,162,2,2,0.0552995391705,3.22248002062e-05
53,178,2,2,0.626728110599,0.000393518518519
53,184,2,2,0.147465437788,8.69414014954e-05
53,196,2,2,0.423963133641,0.000259079030369
53,199,2,2,3.83410138249,0.0523650447833
53,202,2,3,0.147465437788,4.34707007477e-05
53,206,2,2,7.6866359447,0.113562091503
53,213,2,3,0.571428571429,0.000178062678063
53,217,2,3,0.387096774194,0.000117702448211
53,224,2,2,0.036866359447,2.14334705075e-05
53,236,2,2,0.036866359447,2.14334705075e-05
53,239,2,2,0.0552995391705,3.22248002062e-05
53,249,2,2,7.52073732719,0.0726495726496
53,254,2,2,0.202764976959,0.000120392259872
53,257,2,2,0.036866359447,2.14334705075e-05
53,264,2,2,0.589861751152,0.000368527731712
53,281,2,2,0.423963133641,0.000259079030369
54,35,2,2,0.147465437788,8.65332612223e-05
54,50,2,2,0.294930875576,0.000174691560214
54,63,2,2,0.0737327188941,4.30663221361e-05
54,86,2,3,0.36866359447,0.00010969723563
54,93,2,2,2.87557603687,0.00203814998693
54,98,2,2,1.62211981567,0.00104949314252
54,102,2,2,0.110599078341,6.47493659958e-05
54,104,2,3,0.331797235023,9.84952120383e-05
54,105,2,2,0.0737327188941,4.30663221361e-05
54,108,2,3,7.92626728111,0.248926654741
54,109,2,3,1.65898617512,0.000538052250852
54,112,2,2,3.85253456221,0.0590603028664
54,113,2,2,0.0737327188941,4.30663221361e-05
54,114,2,2,0.552995391705,0.000333018815563
54,115,2,6,9.21658986175,0.00252780586451
54,116,2,3,0.995391705069,0.000308553796926
54,117,2,2,1.03225806452,0.000641539695269
54,118,2,2,3.63133640553,0.0212862000878
54,119,2,2,0.184331797235,0.00010841871307
54,122,2,3,0.184331797235,5.42093565349e-05
54,123,2,2,0.0737327188941,4.30663221361e-05
54,124,2,3,1.40092165899,0.000446323702138
54,127,2,2,7.48387096774,0.0651937984496
54,129,2,2,1.03225806452,0.000641539695269
54,138,2,3,0.73732718894,0.000224693854623
54,142,2,3,0.921658986175,0.000284300904077
54,143,2,3,1.47465437788,0.000472199268091
54,149,2,2,0.0737327188941,4.30663221361e-05
54,155,2,2,0.110599078341,6.47493659958e-05
54,162,2,2,0.110599078341,6.47493659958e-05
54,178,2,2,1.2534562212,0.000790697674419
54,184,2,2,7.70506912442,0.119229719402
54,196,2,2,0.847926267281,0.000520568098229
54,199,2,2,0.331797235023,0.000196990424077
54,202,2,3,0.294930875576,8.7345780107e-05
54,206,2,2,0.626728110599,0.000379231498522
54,213,2,3,1.14285714286,0.000357781753131
54,217,2,3,3.70506912442,0.0138684962554
54,224,2,2,0.0737327188941,4.30663221361e-05
54,236,2,2,0.0737327188941,4.30663221361e-05
54,239,2,2,0.110599078341,6.47493659958e-05
54,249,2,2,0.958525345622,0.000592795257638
54,254,2,2,0.405529953917,0.000241904447743
54,257,2,2,0.0737327188941,4.30663221361e-05
54,264,2,2,1.1797235023,0.00074048362837
54,281,2,2,0.847926267281,0.000520568098229
56,35,2,2,0.0737327188941,4.30663221361e-05
56,50,2,2,0.147465437788,8.69414014954e-05
56,63,2,2,0.036866359447,2.14334705075e-05
56,86,2,3,0.184331797235,5.45946890287e-05
56,93,2,2,1.43778801843,0.00101435705368
56,98,2,2,0.811059907834,0.000522317188984
56,102,2,2,0.0552995391705,3.22248002062e-05
56,104,2,3,7.90783410138,0.198611111111
56,105,2,2,0.036866359447,2.14334705075e-05
56,108,2,3,0.571428571429,0.000178062678063
56,109,2,3,0.829493087558,0.000267780634105
56,112,2,2,0.0737327188941,4.30663221361e-05
56,113,2,2,0.036866359447,2.14334705075e-05
56,114,2,2,0.276497695853,0.000165738530894
56,115,2,6,4.53456221198,0.00121158392435
56,116,2,3,0.497695852535,0.000153562653563
56,117,2,2,0.516129032258,0.000319284802043
56,118,2,2,0.184331797235,0.000109189378057
56,119,2,2,0.0921658986175,5.39583872917e-05
56,122,2,3,0.0921658986175,2.69791936459e-05
56,123,2,2,0.036866359447,2.14334705075e-05
56,124,2,3,0.700460829493,0.000222128694351
56,127,2,2,0.258064516129,0.000154320987654
56,129,2,2,0.516129032258,0.000319284802043
56,138,2,3,0.36866359447,0.000111826802648
56,142,2,3,0.460829493088,0.000141492348094
56,143,2,3,0.73732718894,0.000235006580184
56,149,2,2,0.036866359447,2.14334705075e-05
56,155,2,2,0.0552995391705,3.22248002062e-05
56,162,2,2,0.0552995391705,3.22248002062e-05
56,178,2,2,0.626728110599,0.000393518518519
56,184,2,2,0.147465437788,8.69414014954e-05
56,196,2,2,0.423963133641,0.000259079030369
56,199,2,2,0.165898617512,9.80392156863e-05
56,202,2,3,0.147465437788,4.34707007477e-05
56,206,2,2,0.3133640553,0.00018873789857
56,213,2,3,0.571428571429,0.000178062678063
56,217,2,3,0.387096774194,0.000117702448211
56,224,2,2,0.036866359447,2.14334705075e-05
56,236,2,2,3.96313364055,0.247690543553
56,239,2,2,0.0552995391705,3.22248002062e-05
56,249,2,2,0.479262672811,0.000295025417574
56,254,2,2,0.202764976959,0.000120392259872
56,257,2,2,0.036866359447,2.14334705075e-05
56,264,2,2,0.589861751152,0.000368527731712
56,281,2,2,0.423963133641,0.000259079030369
58,35,3,2,1.73271889401,0.000564869899645
58,50,3,2,11.6313364055,0.109336293385
58,63,3,2,0.866359447005,0.000281127380611
58,86,3,3,4.33179723502,0.000716079177027
58,93,3,2,30.1935483871,0.0133368992397
58,98,3,2,19.0599078341,0.00685085801365
58,102,3,2,1.29953917051,0.000422669472473
58,104,3,3,3.89861751152,0.000642954856361
58,105,3,2,0.866359447005,0.000281127380611
58,108,3,3,13.4285714286,0.00233551977738
58,109,3,3,19.4930875576,0.00351228552639
58,112,3,2,2.45161290323,0.00128673156661
58,113,3,2,0.866359447005,0.000281127380611
58,114,3,2,6.49769585253,0.00217387282381
58,115,3,6,94.202764977,0.014741973569
58,116,3,3,11.6958525346,0.00201417061882
58,117,3,2,12.1290322581,0.00418782856634
58,118,3,2,8.12903225806,0.00565458778217
58,119,3,2,2.16589861751,0.000707733265873
58,122,3,3,2.16589861751,0.000353866632936
58,123,3,2,3.22580645161,0.00431410900565
58,124,3,3,16.4608294931,0.00291350194451
58,127,3,2,6.06451612903,0.0020241171404
58,129,3,2,8.12903225806,0.0019294606375
58,138,3,3,8.66359447005,0.00146675155101
58,142,3,3,10.8294930876,0.00185585312384
58,143,3,3,17.3271889401,0.00308241188893
58,149,3,2,0.866359447005,0.000281127380611
58,155,3,2,1.29953917051,0.000422669472473
58,162,3,2,2.83870967742,0.00225024031208
58,178,3,2,14.7281105991,0.00516149870801
58,184,3,2,3.46543778802,0.00114034768473
58,196,3,2,9.96313364055,0.00339815286344
58,199,3,2,3.89861751152,0.00128590971272
58,202,3,3,3.46543778802,0.000570173842365
58,206,3,2,7.36405529954,0.00247553894869
58,213,3,3,12.2304147465,0.00970231874208
58,217,3,3,5.81566820276,0.00102690777401
58,224,3,2,3.22580645161,0.00431410900565
58,236,3,2,0.866359447005,0.000281127380611
58,239,3,2,1.29953917051,0.000422669472473
58,249,3,2,11.2626728111,0.00386963570958
58,254,3,2,4.76497695853,0.00157909847832
58,257,3,2,0.866359447005,0.000281127380611
58,264,3,2,9.86175115207,0.00248926957589
58,281,3,2,9.96313364055,0.00339815286344
60,35,3,2,7.85253456221,0.00448279490687
60,50,3,2,15.7050691244,0.00904977375566
60,63,3,2,4.11059907834,0.00244646305073
60,86,3,3,16.5529953917,0.00410096955503
60,93,3,2,73.1244239631,0.0242180758339
60,98,3,2,10.3778801843,0.000987947881645
60,102,3,2,5.88940092166,0.00335429549296
60,104,3,3,7.89861751152,0.00335963074299
60,105,3,2,0.110599078341,1.19635086181e-05
60,108,3,3,56.9493087558,0.0183167775215
60,109,3,3,8.4331797235,0.00156780559711
60,112,3,2,7.85253456221,0.00448279490687
60,113,3,2,3.92626728111,0.00223102061337
60,114,3,2,25.4470046083,0.0128847931117
60,115,3,6,111.502304147,0.0149239625616
60,116,3,3,53.0046082949,0.0159844130432
60,117,3,2,54.9677419355,0.0332345139647
60,118,3,2,8.55299539171,0.00217699740597
60,119,3,2,9.81566820276,0.00561655539031
60,122,3,3,9.81566820276,0.00280827769516
60,123,3,2,3.92626728111,0.00223102061337
60,124,3,3,74.599078341,0.0231214863568
60,127,3,2,24.7741935484,0.013059113547
60,129,3,2,50.9677419355,0.0285744076252
60,138,3,3,39.2626728111,0.011640107548
60,142,3,3,45.0783410138,0.0129119510254
60,143,3,3,70.6175115207,0.0217315178708
60,149,3,2,3.92626728111,0.00223102061337
60,155,3,2,5.88940092166,0.00335429549296
60,162,3,2,1.88940092166,0.000352697470156
60,178,3,2,65.8801843318,0.0399227003748
60,184,3,2,12.4423963134,0.00568523045229
60,196,3,2,45.1520737327,0.0269676652244
60,199,3,2,14.4976958525,0.00687628906294
60,202,3,3,8.44239631336,0.00169928666809
60,206,3,2,13.3732718894,0.00318868184967
60,213,3,3,31.2534562212,0.0122735098296
60,217,3,3,21.2258064516,0.00326594002211
60,224,3,2,0.110599078341,1.19635086181e-05
60,236,3,2,4.11059907834,0.00244646305073
60,239,3,2,2.16589861751,0.000460668622056
60,249,3,2,51.0414746544,0.0307093425606
60,254,3,2,9.59447004608,0.00249248938962
60,257,3,2,3.92626728111,0.00223102061337
60,264,3,2,21.1797235023,0.00984797592771
60,281,3,2,45.1520737327,0.0269676652244
63,35,3,2,0.73732718894,0.000224693854623
63,50,3,2,3.77880184332,0.0193711585131
63,63,3,2,0.36866359447,0.000111826802648
63,86,3,3,1.84331797235,0.000284841855802
63,93,3,2,3.77880184332,0.00117062177754
63,98,3,2,4.11059907834,0.000811570025125
63,102,3,2,0.552995391705,0.00016812939238
63,104,3,3,1.65898617512,0.000255754475703
63,105,3,2,0.36866359447,0.000111826802648
63,108,3,3,1.71428571429,0.000194302692958
63,109,3,3,4.29493087558,0.000445072554318
63,112,3,2,3.3732718894,0.00551284720157
63,113,3,2,0.36866359447,0.000111826802648
63,114,3,2,13.6497695853,0.0246870325269
63,115,3,6,28.8341013825,0.0187595394021
63,116,3,3,1.39631336406,0.000279999001227
63,117,3,2,1.16129032258,0.000252762274325
63,118,3,2,1.84331797235,0.000569683711603
63,119,3,2,0.921658986175,0.000281522020652
63,122,3,3,0.921658986175,0.000140761010326
63,123,3,2,0.36866359447,0.000111826802648
63,124,3,3,3.00460829493,0.000420747277099
63,127,3,2,1.8064516129,0.000569189028268
63,129,3,2,1.16129032258,0.000252762274325
63,138,3,3,40.866359447,0.132011821328
63,142,3,3,1.06912442396,0.00022313710337
63,143,3,3,6.07373271889,0.00121080426192
63,149,3,2,0.36866359447,0.000111826802648
63,155,3,2,0.552995391705,0.00016812939238
63,162,3,2,0.552995391705,0.00016812939238
63,178,3,2,5.32718894009,0.00478953537937
63,184,3,2,1.47465437788,0.00045360731215
63,196,3,2,0.635944700461,0.000206868416206
63,199,3,2,1.65898617512,0.000511508951407
63,202,3,3,1.47465437788,0.000226803656075
63,206,3,2,3.133640553,0.0009847194708
63,213,3,3,5.71428571429,0.000929022668153
63,217,3,3,3.87096774194,0.000614099729796
63,224,3,2,0.36866359447,0.000111826802648
63,236,3,2,0.36866359447,0.000111826802648
63,239,3,2,0.552995391705,0.00016812939238
63,249,3,2,0.792626728111,0.000222598438899
63,254,3,2,2.27649769585,0.00100583813014
63,257,3,2,7.6866359447,0.0567810457516
63,264,3,2,5.89861751152,0.00192275338284
63,281,3,2,0.635944700461,0.000206868416206
64,35,2,2,3.85253456221,0.0590603028664
64,50,2,2,0.294930875576,0.000174691560214
64,63,2,2,0.0737327188941,4.30663221361e-05
64,86,2,3,0.36866359447,0.00010969723563
64,93,2,2,5.12442396313,0.00647256671558
64,98,2,2,1.62211981567,0.00104949314252
64,102,2,2,0.110599078341,6.47493659958e-05
64,104,2,3,0.331797235023,9.84952120383e-05
64,105,2,2,3.92626728111,0.122117248062
64,108,2,3,1.14285714286,0.000357781753131
64,109,2,3,1.65898617512,0.000538052250852
64,112,2,2,0.147465437788,8.65332612223e-05
64,113,2,2,0.0737327188941,4.30663221361e-05
64,114,2,2,0.552995391705,0.000333018815563
64,115,2,6,2.28571428571,0.000310328507196
64,116,2,3,0.995391705069,0.000308553796926
64,117,2,2,1.03225806452,0.000641539695269
64,118,2,2,0.36866359447,0.000219394471259
64,119,2,2,0.184331797235,0.00010841871307
64,122,2,3,0.184331797235,5.42093565349e-05
64,123,2,2,0.0737327188941,4.30663221361e-05
64,124,2,3,1.40092165899,0.000446323702138
64,127,2,2,0.516129032258,0.00031007751938
64,129,2,2,1.03225806452,0.000641539695269
64,138,2,3,0.73732718894,0.000224693854623
64,142,2,3,0.921658986175,0.000284300904077
64,143,2,3,1.47465437788,0.000472199268091
64,149,2,2,0.0737327188941,4.30663221361e-05
64,155,2,2,0.110599078341,6.47493659958e-05
64,162,2,2,0.110599078341,6.47493659958e-05
64,178,2,2,1.2534562212,0.000790697674419
64,184,2,2,0.294930875576,0.000174691560214
64,196,2,2,0.847926267281,0.000520568098229
64,199,2,2,0.331797235023,0.000196990424077
64,202,2,3,0.294930875576,8.7345780107e-05
64,206,2,2,0.626728110599,0.000379231498522
64,213,2,3,7.22580645161,0.0206320810972
64,217,2,3,0.774193548387,0.000236499802917
64,224,2,2,0.0737327188941,4.30663221361e-05
64,236,2,2,0.0737327188941,4.30663221361e-05
64,239,2,2,0.110599078341,6.47493659958e-05
64,249,2,2,0.958525345622,0.000592795257638
64,254,2,2,0.405529953917,0.000241904447743
64,257,2,2,0.0737327188941,4.30663221361e-05
64,264,2,2,1.1797235023,0.00074048362837
64,281,2,2,0.847926267281,0.000520568098229
65,35,2,2,0.147465437788,8.65332612223e-05
65,50,2,2,0.294930875576,0.000174691560214
65,63,2,2,0.0737327188941,4.30663221361e-05
65,86,2,3,0.36866359447,0.00010969723563
65,93,2,2,1.12442396313,0.000311635277013
65,98,2,2,6.37788018433,0.0162243183173
65,102,2,2,0.110599078341,6.47493659958e-05
65,104,2,3,7.85253456221,0.122699042408
65,105,2,2,0.0737327188941,4.30663221361e-05
65,108,2,3,10.930875576,0.0348158657702
65,109,2,3,6.41474654378,0.00838221452296
65,112,2,2,0.147465437788,8.65332612223e-05
65,113,2,2,0.0737327188941,4.30663221361e-05
65,114,2,2,0.552995391705,0.000333018815563
65,115,2,6,9.06912442396,0.00243443839683
65,116,2,3,11.7788018433,0.184903005543
65,117,2,2,10.9677419355,0.0724238171612
65,118,2,2,0.36866359447,0.000219394471259
65,119,2,2,0.184331797235,0.00010841871307
65,122,2,3,0.184331797235,5.42093565349e-05
65,123,2,2,0.0737327188941,4.30663221361e-05
65,124,2,3,10.9677419355,0.0362197556965
65,127,2,2,0.516129032258,0.00031007751938
65,129,2,2,6.96774193548,0.0292301523657
65,138,2,3,0.73732718894,0.000224693854623
65,142,2,3,0.921658986175,0.000284300904077
65,143,2,3,10.599078341,0.0255497082927
65,149,2,2,0.0737327188941,4.30663221361e-05
65,155,2,2,0.110599078341,6.47493659958e-05
65,162,2,2,0.110599078341,6.47493659958e-05
65,178,2,2,1.2534562212,0.000790697674419
65,184,2,2,0.294930875576,0.000174691560214
65,196,2,2,3.15207373272,0.00719372956537
65,199,2,2,0.331797235023,0.000196990424077
65,202,2,3,0.294930875576,8.7345780107e-05
65,206,2,2,0.626728110599,0.000379231498522
65,213,2,3,1.14285714286,0.000357781753131
65,217,2,3,0.774193548387,0.000236499802917
65,224,2,2,0.0737327188941,4.30663221361e-05
65,236,2,2,0.0737327188941,4.30663221361e-05
65,239,2,2,0.110599078341,6.47493659958e-05
65,249,2,2,11.0414746544,0.078659589954
65,254,2,2,0.405529953917,0.000241904447743
65,257,2,2,0.0737327188941,4.30663221361e-05
65,264,2,2,1.1797235023,0.00074048362837
65,281,2,2,3.15207373272,0.00719372956537
68,35,3,2,0.442396313364,0.00013226055329
68,50,3,2,3.85253456221,0.0298405758405
68,63,3,2,0.221198156682,6.58241179568e-05
68,86,3,3,1.10599078341,0.000167665206116
68,93,3,2,35.3732718894,0.0556332701149
68,98,3,2,4.866359447,0.00160408312067
68,102,3,2,0.331797235023,9.89652631926e-05
68,104,3,3,0.995391705069,0.000150543629774
68,105,3,2,0.221198156682,6.58241179568e-05
68,108,3,3,3.42857142857,0.00054684651841
68,109,3,3,4.97695852535,0.000822378440283
68,112,3,2,0.442396313364,0.00013226055329
68,113,3,2,0.221198156682,6.58241179568e-05
68,114,3,2,1.65898617512,0.000508997952697
68,115,3,6,27.2073732719,0.00372088333165
68,116,3,3,2.98617511521,0.000471604737008
68,117,3,2,3.09677419355,0.00098055237784
68,118,3,2,1.10599078341,0.000335330412233
68,119,3,2,0.552995391705,0.000165711066185
68,122,3,3,0.552995391705,8.28555330925e-05
68,123,3,2,0.221198156682,6.58241179568e-05
68,124,3,3,39.33640553,0.25008377615
68,127,3,2,1.54838709677,0.000473933649289
68,129,3,2,3.09677419355,0.00098055237784
68,138,3,3,2.21198156682,0.000343430180644
68,142,3,3,2.76497695853,0.000434535742013
68,143,3,3,4.42396313364,0.000721726369476
68,149,3,2,0.221198156682,6.58241179568e-05
68,155,3,2,0.331797235023,9.89652631926e-05
68,162,3,2,0.331797235023,9.89652631926e-05
68,178,3,2,3.76036866359,0.00120853080569
68,184,3,2,0.884792626728,0.000267004872839
68,196,3,2,2.54377880184,0.000795655031653
68,199,3,2,0.995391705069,0.000301087259548
68,202,3,3,0.884792626728,0.000133502436419
68,206,3,2,38.4331797235,0.28927869692
68,213,3,3,39.2718894009,0.250061740736
68,217,3,3,2.32258064516,0.000361474817254
68,224,3,2,0.221198156682,6.58241179568e-05
68,236,3,2,0.221198156682,6.58241179568e-05
68,239,3,2,0.331797235023,9.89652631926e-05
68,249,3,2,2.87557603687,0.000906049623641
68,254,3,2,1.21658986175,0.000369735471077
68,257,3,2,0.221198156682,6.58241179568e-05
68,264,3,2,25.0506912442,0.0678394166608
68,281,3,2,2.54377880184,0.000795655031653
95,35,2,2,0.147465437788,8.65332612223e-05
95,50,2,2,0.294930875576,0.000174691560214
95,63,2,2,0.0737327188941,4.30663221361e-05
95,86,2,3,0.36866359447,0.00010969723563
95,93,2,2,13.1244239631,0.0424567680382
95,98,2,2,1.62211981567,0.00104949314252
95,102,2,2,0.110599078341,6.47493659958e-05
95,104,2,3,0.331797235023,9.84952120383e-05
95,105,2,2,0.0737327188941,4.30663221361e-05
95,108,2,3,1.14285714286,0.000357781753131
95,109,2,3,1.65898617512,0.000538052250852
95,112,2,2,0.147465437788,8.65332612223e-05
95,113,2,2,0.0737327188941,4.30663221361e-05
95,114,2,2,11.4470046083,0.142695232281
95,115,2,6,11.8894009217,0.14980331519
95,116,2,3,0.995391705069,0.000308553796926
95,117,2,2,1.03225806452,0.000641539695269
95,118,2,2,0.36866359447,0.000219394471259
95,119,2,2,0.184331797235,0.00010841871307
95,122,2,3,0.184331797235,5.42093565349e-05
95,123,2,2,0.0737327188941,4.30663221361e-05
95,124,2,3,1.40092165899,0.000446323702138
95,127,2,2,3.48387096774,0.0141279069767
95,129,2,2,1.03225806452,0.000641539695269
95,138,2,3,0.73732718894,0.000224693854623
95,142,2,3,0.921658986175,0.000284300904077
95,143,2,3,1.47465437788,0.000472199268091
95,149,2,2,0.0737327188941,4.30663221361e-05
95,155,2,2,0.110599078341,6.47493659958e-05
95,162,2,2,0.110599078341,6.47493659958e-05
95,178,2,2,1.2534562212,0.000790697674419
95,184,2,2,0.294930875576,0.000174691560214
95,196,2,2,0.847926267281,0.000520568098229
95,199,2,2,0.331797235023,0.000196990424077
95,202,2,3,0.294930875576,8.7345780107e-05
95,206,2,2,0.626728110599,0.000379231498522
95,213,2,3,1.14285714286,0.000357781753131
95,217,2,3,0.774193548387,0.000236499802917
95,224,2,2,0.0737327188941,4.30663221361e-05
95,236,2,2,0.0737327188941,4.30663221361e-05
95,239,2,2,0.110599078341,6.47493659958e-05
95,249,2,2,0.958525345622,0.000592795257638
95,254,2,2,0.405529953917,0.000241904447743
95,257,2,2,7.92626728111,0.497685185185
95,264,2,2,1.1797235023,0.00074048362837
95,281,2,2,0.847926267281,0.000520568098229
112,35,2,2,1.62211981567,0.00104949314252
112,50,2,2,3.24423963134,0.00211869507644
112,63,2,2,0.811059907834,0.000522317188984
112,86,2,3,0.811059907834,0.000316389585258
112,93,2,2,27.6313364055,0.01886259208
112,98,2,2,17.8433179724,0.0127284681131
112,102,2,2,1.21658986175,0.000785293592718
112,104,2,3,3.64976958525,0.00119457013575
112,105,2,2,0.811059907834,0.000522317188984
112,108,2,3,12.5714285714,0.0043392504931
112,109,2,3,18.2488479263,0.00652560806802
112,112,2,2,1.62211981567,0.00104949314252
112,113,2,2,0.811059907834,0.000522317188984
112,114,2,2,6.08294930876,0.0040389205067
112,115,2,6,94.5437788018,0.0294362674277
112,116,2,3,10.9493087558,0.0037422037422
112,117,2,2,11.3548387097,0.0077807250221
112,118,2,2,23.9447004608,0.092767350574
112,119,2,2,2.02764976959,0.00131492439185
112,122,2,3,2.02764976959,0.000657462195924
112,123,2,2,0.811059907834,0.000522317188984
112,124,2,3,15.4101382488,0.00541310541311
112,127,2,2,5.67741935484,0.00376068376068
112,129,2,2,11.3548387097,0.0077807250221
112,138,2,3,8.11059907834,0.00272513315992
112,142,2,3,10.1382488479,0.00344805968278
112,143,2,3,16.2211981567,0.0057269295848
112,149,2,2,0.811059907834,0.000522317188984
112,155,2,2,1.21658986175,0.000785293592718
112,162,2,2,2.78341013825,0.0041105324168
112,178,2,2,13.7880184332,0.00958974358974
112,184,2,2,4.75576036866,0.00455284152467
112,196,2,2,9.32718894009,0.00631355667852
112,199,2,2,28.3502304147,0.144153084388
112,202,2,3,1.5668202765,0.000584392133688
112,206,2,2,6.89400921659,0.00459939740515
112,213,2,3,8.57142857143,0.00221146374993
112,217,2,3,4.51612903226,0.0011772017639
112,224,2,2,0.811059907834,0.000522317188984
112,236,2,2,0.811059907834,0.000522317188984
112,239,2,2,1.21658986175,0.000785293592718
112,249,2,2,10.5437788018,0.00718954248366
112,254,2,2,4.46082949309,0.00293386676365
112,257,2,2,0.811059907834,0.000522317188984
112,264,2,2,12.9769585253,0.00898073733895
112,281,2,2,9.32718894009,0.00631355667852
113,35,2,2,0.0737327188941,4.30663221361e-05
113,50,2,2,3.85253456221,0.05933886498
113,63,2,2,0.036866359447,2.14334705075e-05
113,86,2,3,0.184331797235,5.45946890287e-05
113,93,2,2,1.43778801843,0.00101435705368
113,98,2,2,0.811059907834,0.000522317188984
113,102,2,2,0.0552995391705,3.22248002062e-05
113,104,2,3,0.165898617512,4.90196078431e-05
113,105,2,2,0.036866359447,2.14334705075e-05
113,108,2,3,0.571428571429,0.000178062678063
113,109,2,3,0.829493087558,0.000267780634105
113,112,2,2,0.0737327188941,4.30663221361e-05
113,113,2,2,0.036866359447,2.14334705075e-05
113,114,2,2,0.276497695853,0.000165738530894
113,115,2,6,4.53456221198,0.00121158392435
113,116,2,3,0.497695852535,0.000153562653563
113,117,2,2,0.516129032258,0.000319284802043
113,118,2,2,0.184331797235,0.000109189378057
113,119,2,2,0.0921658986175,5.39583872917e-05
113,122,2,3,0.0921658986175,2.69791936459e-05
113,123,2,2,0.036866359447,2.14334705075e-05
113,124,2,3,0.700460829493,0.000222128694351
113,127,2,2,0.258064516129,0.000154320987654
113,129,2,2,0.516129032258,0.000319284802043
113,138,2,3,0.36866359447,0.000111826802648
113,142,2,3,0.460829493088,0.000141492348094
113,143,2,3,0.73732718894,0.000235006580184
113,149,2,2,0.036866359447,2.14334705075e-05
113,155,2,2,0.0552995391705,3.22248002062e-05
113,162,2,2,0.0552995391705,3.22248002062e-05
113,178,2,2,0.626728110599,0.000393518518519
113,184,2,2,0.147465437788,8.69414014954e-05
113,196,2,2,0.423963133641,0.000259079030369
113,199,2,2,0.165898617512,9.80392156863e-05
113,202,2,3,0.147465437788,4.34707007477e-05
113,206,2,2,0.3133640553,0.00018873789857
113,213,2,3,0.571428571429,0.000178062678063
113,217,2,3,0.387096774194,0.000117702448211
113,224,2,2,0.036866359447,2.14334705075e-05
113,236,2,2,0.036866359447,2.14334705075e-05
113,239,2,2,0.0552995391705,3.22248002062e-05
113,249,2,2,0.479262672811,0.000295025417574
113,254,2,2,0.202764976959,0.000120392259872
113,257,2,2,0.036866359447,2.14334705075e-05
113,264,2,2,0.589861751152,0.000368527731712
113,281,2,2,0.423963133641,0.000259079030369
128,35,2,2,0.0737327188941,4.30663221361e-05
128,50,2,2,0.147465437788,8.69414014954e-05
128,63,2,2,0.036866359447,2.14334705075e-05
128,86,2,3,0.184331797235,5.45946890287e-05
128,93,2,2,1.43778801843,0.00101435705368
128,98,2,2,0.811059907834,0.000522317188984
128,102,2,2,0.0552995391705,3.22248002062e-05
128,104,2,3,0.165898617512,4.90196078431e-05
128,105,2,2,0.036866359447,2.14334705075e-05
128,108,2,3,0.571428571429,0.000178062678063
128,109,2,3,0.829493087558,0.000267780634105
128,112,2,2,0.0737327188941,4.30663221361e-05
128,113,2,2,0.036866359447,2.14334705075e-05
128,114,2,2,0.276497695853,0.000165738530894
128,115,2,6,4.53456221198,0.00121158392435
128,116,2,3,0.497695852535,0.000153562653563
128,117,2,2,0.516129032258,0.000319284802043
128,118,2,2,0.184331797235,0.000109189378057
128,119,2,2,0.0921658986175,5.39583872917e-05
128,122,2,3,0.0921658986175,2.69791936459e-05
128,123,2,2,0.036866359447,2.14334705075e-05
128,124,2,3,0.700460829493,0.000222128694351
128,127,2,2,0.258064516129,0.000154320987654
128,129,2,2,0.516129032258,0.000319284802043
128,138,2,3,0.36866359447,0.000111826802648
128,142,2,3,0.460829493088,0.000141492348094
128,143,2,3,0.73732718894,0.000235006580184
128,149,2,2,0.036866359447,2.14334705075e-05
128,155,2,2,0.0552995391705,3.22248002062e-05
128,162,2,2,0.0552995391705,3.22248002062e-05
128,178,2,2,0.626728110599,0.000393518518519
128,184,2,2,0.147465437788,8.69414014954e-05
128,196,2,2,0.423963133641,0.000259079030369
128,199,2,2,0.165898617512,9.80392156863e-05
128,202,2,3,0.147465437788,4.34707007477e-05
128,206,2,2,0.3133640553,0.00018873789857
128,213,2,3,0.571428571429,0.000178062678063
128,217,2,3,0.387096774194,0.000117702448211
128,224,2,2,3.96313364055,0.247690543553
128,236,2,2,0.036866359447,2.14334705075e-05
128,239,2,2,0.0552995391705,3.22248002062e-05
128,249,2,2,0.479262672811,0.000295025417574
128,254,2,2,0.202764976959,0.000120392259872
128,257,2,2,0.036866359447,2.14334705075e-05
128,264,2,2,0.589861751152,0.000368527731712
128,281,2,2,0.423963133641,0.000259079030369
133,35,2,2,3.92626728111,0.122117248062
133,50,2,2,0.147465437788,8.69414014954e-05
133,63,2,2,0.036866359447,2.14334705075e-05
133,86,2,3,0.184331797235,5.45946890287e-05
133,93,2,2,1.43778801843,0.00101435705368
133,98,2,2,7.18894009217,0.0410353535354
133,102,2,2,0.0552995391705,3.22248002062e-05
133,104,2,3,0.165898617512,4.90196078431e-05
133,105,2,2,0.036866359447,2.14334705075e-05
133,108,2,3,7.46543778802,0.0323275862069
133,109,2,3,7.20737327189,0.021048664944
133,112,2,2,0.0737327188941,4.30663221361e-05
133,113,2,2,0.036866359447,2.14334705075e-05
133,114,2,2,0.276497695853,0.000165738530894
133,115,2,6,4.53456221198,0.00121158392435
133,116,2,3,7.61290322581,0.045524691358
133,117,2,2,7.48387096774,0.0671296296296
133,118,2,2,0.184331797235,0.000109189378057
133,119,2,2,0.0921658986175,5.39583872917e-05
133,122,2,3,0.0921658986175,2.69791936459e-05
133,123,2,2,0.036866359447,2.14334705075e-05
133,124,2,3,7.48387096774,0.0335648148148
133,127,2,2,0.258064516129,0.000154320987654
133,129,2,2,7.48387096774,0.0671296296296
133,138,2,3,0.36866359447,0.000111826802648
133,142,2,3,7.61290322581,0.045524691358
133,143,2,3,7.29953917051,0.0241228070175
133,149,2,2,0.036866359447,2.14334705075e-05
133,155,2,2,7.94470046083,0.66512345679
133,162,2,2,0.0552995391705,3.22248002062e-05
133,178,2,2,0.626728110599,0.000393518518519
133,184,2,2,0.147465437788,8.69414014954e-05
133,196,2,2,7.57603686636,0.082729468599
133,199,2,2,0.165898617512,9.80392156863e-05
133,202,2,3,0.147465437788,4.34707007477e-05
133,206,2,2,0.3133640553,0.00018873789857
133,213,2,3,0.571428571429,0.000178062678063
133,217,2,3,0.387096774194,0.000117702448211
133,224,2,2,0.036866359447,2.14334705075e-05
133,236,2,2,0.036866359447,2.14334705075e-05
133,239,2,2,0.0552995391705,3.22248002062e-05
133,249,2,2,7.52073732719,0.0726495726496
133,254,2,2,0.202764976959,0.000120392259872
133,257,2,2,0.036866359447,2.14334705075e-05
133,264,2,2,0.589861751152,0.000368527731712
133,281,2,2,7.57603686636,0.082729468599
135,35,3,2,0.147465437788,4.32666306111e-05
135,50,3,2,0.294930875576,8.7345780107e-05
135,63,3,2,0.0737327188941,2.1533161068e-05
135,86,3,3,0.36866359447,5.48486178148e-05
135,93,3,2,2.87557603687,0.00101907499347
135,98,3,2,1.62211981567,0.000524746571258
135,102,3,2,0.110599078341,3.23746829979e-05
135,104,3,3,0.331797235023,4.92476060192e-05
135,105,3,2,0.0737327188941,2.1533161068e-05
135,108,3,3,1.14285714286,0.000178890876565
135,109,3,3,1.65898617512,0.000269026125426
135,112,3,2,0.147465437788,4.32666306111e-05
135,113,3,2,0.0737327188941,2.1533161068e-05
135,114,3,2,0.552995391705,0.000166509407782
135,115,3,6,5.48387096774,0.000707032678614
135,116,3,3,0.995391705069,0.000154276898463
135,117,3,2,1.03225806452,0.000320769847634
135,118,3,2,0.36866359447,0.00010969723563
135,119,3,2,0.184331797235,5.42093565349e-05
135,122,3,3,0.184331797235,2.71046782675e-05
135,123,3,2,0.0737327188941,2.1533161068e-05
135,124,3,3,1.40092165899,0.000223161851069
135,127,3,2,0.516129032258,0.00015503875969
135,129,3,2,1.03225806452,0.000320769847634
135,138,3,3,0.73732718894,0.000112346927312
135,142,3,3,0.921658986175,0.000142150452038
135,143,3,3,1.47465437788,0.000236099634046
135,149,3,2,0.0737327188941,2.1533161068e-05
135,155,3,2,0.110599078341,3.23746829979e-05
135,162,3,2,0.110599078341,3.23746829979e-05
135,178,3,2,1.2534562212,0.000395348837209
135,184,3,2,0.294930875576,8.7345780107e-05
135,196,3,2,0.847926267281,0.000260284049114
135,199,3,2,0.331797235023,9.84952120383e-05
135,202,3,3,0.294930875576,4.36728900535e-05
135,206,3,2,0.626728110599,0.000189615749261
135,213,3,3,1.14285714286,0.000178890876565
135,217,3,3,0.774193548387,0.000118249901458
135,224,3,2,0.0737327188941,2.1533161068e-05
135,236,3,2,0.0737327188941,2.1533161068e-05
135,239,3,2,0.110599078341,3.23746829979e-05
135,249,3,2,0.958525345622,0.000296397628819
135,254,3,2,0.405529953917,0.000120952223872
135,257,3,2,0.0737327188941,2.1533161068e-05
135,264,3,2,1.1797235023,0.000370241814185
135,281,3,2,0.847926267281,0.000260284049114
142,35,2,2,0.294930875576,0.000174691560214
142,50,2,2,0.589861751152,0.000352663713108
142,63,2,2,0.147465437788,8.69414014954e-05
142,86,2,3,3.41013824885,0.00592806050137
142,93,2,2,1.75115207373,0.000381472306421
142,98,2,2,3.24423963134,0.00211869507644
142,102,2,2,0.221198156682,0.000130714682527
142,104,2,3,0.663594470046,0.00019884009942
142,105,2,2,0.147465437788,8.69414014954e-05
142,108,2,3,2.28571428571,0.000722282412423
142,109,2,3,3.31797235023,0.00108620876933
142,112,2,2,0.294930875576,0.000174691560214
142,113,2,2,0.147465437788,8.69414014954e-05
142,114,2,2,1.10599078341,0.000672291505597
142,115,2,6,18.1382488479,0.00491459394666
142,116,2,3,1.99078341014,0.000622902031353
142,117,2,2,2.06451612903,0.00129512708435
142,118,2,2,0.73732718894,0.000442909026486
142,119,2,2,0.36866359447,0.00021887345831
142,122,2,3,0.36866359447,0.000109436729155
142,123,2,2,0.147465437788,8.69414014954e-05
142,124,2,3,3.26267281106,0.00485651704842
142,127,2,2,1.03225806452,0.000625978090767
142,129,2,2,2.06451612903,0.00129512708435
142,138,2,3,1.47465437788,0.00045360731215
142,142,2,3,1.84331797235,0.000573940792268
142,143,2,3,2.94930875576,0.000953266128071
142,149,2,2,0.147465437788,8.69414014954e-05
142,155,2,2,0.221198156682,0.000130714682527
142,162,2,2,0.221198156682,0.000130714682527
142,178,2,2,2.5069124424,0.00159624413146
142,184,2,2,0.589861751152,0.000352663713108
142,196,2,2,1.69585253456,0.00105091212319
142,199,2,2,0.663594470046,0.00039768019884
142,202,2,3,0.589861751152,0.000176331856554
142,206,2,2,22.7465437788,0.25211910008
142,213,2,3,3.26267281106,0.00471966413868
142,217,2,3,1.54838709677,0.000477440916687
142,224,2,2,0.147465437788,8.69414014954e-05
142,236,2,2,0.147465437788,8.69414014954e-05
142,239,2,2,0.221198156682,0.000130714682527
142,249,2,2,1.91705069124,0.00119672282058
142,254,2,2,0.811059907834,0.000488351702017
142,257,2,2,0.147465437788,8.69414014954e-05
142,264,2,2,1.64055299539,0.000722710537687
142,281,2,2,1.69585253456,0.00105091212319
158,35,2,2,0.184331797235,0.00010841871307
158,50,2,2,0.36866359447,0.00021887345831
158,63,2,2,0.0921658986175,5.39583872917e-05
158,86,2,3,0.460829493088,0.000137441175177
158,93,2,2,16.4055299539,0.0531946685793
158,98,2,2,2.02764976959,0.00131492439185
158,102,2,2,0.138248847926,8.11253711486e-05
158,104,2,3,0.414746543779,0.000123406005759
158,105,2,2,0.0921658986175,5.39583872917e-05
158,108,2,3,1.42857142857,0.000448269679039
158,109,2,3,2.07373271889,0.000674133064879
158,112,2,2,0.184331797235,0.00010841871307
158,113,2,2,0.0921658986175,5.39583872917e-05
158,114,2,2,0.691244239631,0.000417243853998
158,115,2,6,11.33640553,0.00305014134801
158,116,2,3,1.24423963134,0.000386591295682
158,117,2,2,1.29032258065,0.000803793907242
158,118,2,2,0.460829493088,0.000274882350354
158,119,2,2,0.230414746544,0.000135839296678
158,122,2,3,0.230414746544,6.79196483392e-05
158,123,2,2,0.0921658986175,5.39583872917e-05
158,124,2,3,1.75115207373,0.00055920510466
158,127,2,2,0.645161290323,0.0003885003885
158,129,2,2,1.29032258065,0.000803793907242
158,138,2,3,0.921658986175,0.000281522020652
158,142,2,3,11.8156682028,0.222784265449
158,143,2,3,1.84331797235,0.000591624957107
158,149,2,2,0.0921658986175,5.39583872917e-05
158,155,2,2,0.138248847926,8.11253711486e-05
158,162,2,2,0.138248847926,8.11253711486e-05
158,178,2,2,1.5668202765,0.000990675990676
158,184,2,2,0.36866359447,0.00021887345831
158,196,2,2,1.0599078341,0.000652226929599
158,199,2,2,0.414746543779,0.000246812011518
158,202,2,3,0.36866359447,0.000109436729155
158,206,2,2,0.783410138249,0.000475144360036
158,213,2,3,3.03225806452,0.00300639531409
158,217,2,3,0.967741935484,0.000296313855636
158,224,2,2,0.0921658986175,5.39583872917e-05
158,236,2,2,0.0921658986175,5.39583872917e-05
158,239,2,2,0.138248847926,8.11253711486e-05
158,249,2,2,1.19815668203,0.000742721330957
158,254,2,2,0.506912442396,0.000303085409468
158,257,2,2,0.0921658986175,5.39583872917e-05
158,264,2,2,1.47465437788,0.000927762121792
158,281,2,2,1.0599078341,0.000652226929599
171,35,2,2,0.239631336406,1.16059312489e-05
171,50,2,2,7.52073732719,0.00576955710165
171,63,2,2,1.8801843318,0.00142235609103
171,86,2,3,5.40092165899,0.00135600671276
171,93,2,2,10.6728110599,0.00142604839001
171,98,2,2,41.3640552995,0.0346617238184
171,102,2,2,1.1797235023,0.000374182230035
171,104,2,3,8.46082949309,0.00325301204819
171,105,2,2,2.1198156682,0.00180802184774
171,108,2,3,25.1428571429,0.00880961825144
171,109,2,3,42.3041474654,0.0177703100319
171,112,2,2,0.239631336406,1.16059312489e-05
171,113,2,2,1.8801843318,0.00142235609103
171,114,2,2,33.8986175115,0.0635594180738
171,115,2,6,192.202764977,0.0577685396747
171,116,2,3,25.3824884793,0.0101906397087
171,117,2,2,22.3225806452,0.0152379294052
171,118,2,2,2.59907834101,0.000553852479842
171,119,2,2,4.70046082949,0.0035807565928
171,122,2,3,1.8801843318,0.000894156634766
171,123,2,2,2.1198156682,0.00180802184774
171,124,2,3,35.7235023041,0.014740781307
171,127,2,2,9.16129032258,0.00496200488227
171,129,2,2,22.3225806452,0.0152379294052
171,138,2,3,27.5391705069,0.0379285684939
171,142,2,3,23.5023041475,0.00938963678676
171,143,2,3,1.8801843318,0.000711320711489
171,149,2,2,1.8801843318,0.00142235609103
171,155,2,2,2.8202764977,0.00213848433176
171,162,2,2,1.1797235023,0.000374182230035
171,178,2,2,31.9631336406,0.0261144578313
171,184,2,2,3.52073732719,0.00126441280172
171,196,2,2,21.6221198157,0.0171928590274
171,199,2,2,8.46082949309,0.00650602409639
171,202,2,3,2.1198156682,0.00107971238725
171,206,2,2,15.9815668203,0.0125249198232
171,213,2,3,29.1428571429,0.0118164967563
171,217,2,3,11.7419354839,0.00283648109579
171,224,2,2,2.1198156682,0.00180802184774
171,236,2,2,1.8801843318,0.00142235609103
171,239,2,2,2.8202764977,0.00213848433176
171,249,2,2,20.4423963134,0.0136946619768
171,254,2,2,17.6589861751,0.0232980568943
171,257,2,2,6.1198156682,0.0150689905592
171,264,2,2,22.0829493088,0.0131782985028
171,281,2,2,21.6221198157,0.0171928590274
192,35,2,2,0.0737327188941,4.30663221361e-05
192,50,2,2,0.147465437788,8.69414014954e-05
192,63,2,2,0.036866359447,2.14334705075e-05
192,86,2,3,0.184331797235,5.45946890287e-05
192,93,2,2,1.43778801843,0.00101435705368
192,98,2,2,0.811059907834,0.000522317188984
192,102,2,2,0.0552995391705,3.22248002062e-05
192,104,2,3,0.165898617512,4.90196078431e-05
192,105,2,2,0.036866359447,2.14334705075e-05
192,108,2,3,0.571428571429,0.000178062678063
192,109,2,3,0.829493087558,0.000267780634105
192,112,2,2,0.0737327188941,4.30663221361e-05
192,113,2,2,0.036866359447,2.14334705075e-05
192,114,2,2,0.276497695853,0.000165738530894
192,115,2,6,4.18433179724,0.00398802334944
192,116,2,3,0.497695852535,0.000153562653563
192,117,2,2,0.516129032258,0.000319284802043
192,118,2,2,0.184331797235,0.000109189378057
192,119,2,2,0.0921658986175,5.39583872917e-05
192,122,2,3,0.0921658986175,2.69791936459e-05
192,123,2,2,0.036866359447,2.14334705075e-05
192,124,2,3,0.700460829493,0.000222128694351
192,127,2,2,0.258064516129,0.000154320987654
192,129,2,2,0.516129032258,0.000319284802043
192,138,2,3,0.36866359447,0.000111826802648
192,142,2,3,0.460829493088,0.000141492348094
192,143,2,3,0.73732718894,0.000235006580184
192,149,2,2,0.036866359447,2.14334705075e-05
192,155,2,2,0.0552995391705,3.22248002062e-05
192,162,2,2,0.0552995391705,3.22248002062e-05
192,178,2,2,0.626728110599,0.000393518518519
192,184,2,2,0.147465437788,8.69414014954e-05
192,196,2,2,0.423963133641,0.000259079030369
192,199,2,2,0.165898617512,9.80392156863e-05
192,202,2,3,0.147465437788,4.34707007477e-05
192,206,2,2,0.3133640553,0.00018873789857
192,213,2,3,0.571428571429,0.000178062678063
192,217,2,3,0.387096774194,0.000117702448211
192,224,2,2,0.036866359447,2.14334705075e-05
192,236,2,2,0.036866359447,2.14334705075e-05
192,239,2,2,0.0552995391705,3.22248002062e-05
192,249,2,2,0.479262672811,0.000295025417574
192,254,2,2,0.202764976959,0.000120392259872
192,257,2,2,0.036866359447,2.14334705075e-05
192,264,2,2,0.589861751152,0.000368527731712
192,281,2,2,0.423963133641,0.000259079030369
233,35,3,2,7.0599078341,0.00470471475765
233,50,3,2,21.4562211982,0.0191076529105
233,63,3,2,5.10599078341,0.00408410002359
233,86,3,3,21.5299539171,0.00758348101459
233,93,3,2,40.866359447,0.00992495901909
233,98,3,2,8.33179723502,0.000580146036312
233,102,3,2,4.34101382488,0.00246661489173
233,104,3,3,11.1290322581,0.00671155315552
233,105,3,2,2.63594470046,0.00115922290529
233,108,3,3,41.9631336406,0.0132057051842
233,109,3,3,14.8847926267,0.00246903618782
233,112,3,2,7.0599078341,0.00470471475765
233,113,3,2,2.89400921659,0.00131583970203
233,114,3,2,37.4746543779,0.0328218219061
233,115,3,6,258.585253456,0.0460903188521
233,116,3,3,43.0230414747,0.0154433743308
233,117,3,2,40.5161290323,0.0212073053041
233,118,3,2,13.5299539171,0.007618099414
233,119,3,2,13.4101382488,0.0118587706
233,122,3,3,8.55299539171,0.00382592392821
233,123,3,2,2.89400921659,0.00131583970203
233,124,3,3,61.5760368664,0.0239014245968
233,127,3,2,31.7419354839,0.0233342500419
233,129,3,2,36.5161290323,0.0169128536035
233,138,3,3,41.66359447,0.0248205045009
233,142,3,3,34.6451612903,0.00956978661608
233,143,3,3,51.3456221198,0.0174144184338
233,149,3,2,5.36405529954,0.00471056721057
233,155,3,2,8.04608294931,0.00708224490127
233,162,3,2,4.29493087558,0.00259843584331
233,178,3,2,82.801843318,0.0682864578284
233,184,3,2,12.4239631336,0.00613111716138
233,196,3,2,33.2811059908,0.0158643016726
233,199,3,2,14.9769585253,0.00793803925549
233,202,3,3,13.1889400922,0.00413202668813
233,206,3,2,27.0046082949,0.0178630403143
233,213,3,3,49.0599078341,0.0265251828572
233,217,3,3,36.3225806452,0.0115046855207
233,224,3,2,2.63594470046,0.00115922290529
233,236,3,2,2.47004608295,0.00104125940113
233,239,3,2,3.70506912442,0.00196917628605
233,249,3,2,37.6221198157,0.0186576609721
233,254,3,2,14.4147465438,0.00705087453944
233,257,3,2,5.52995391705,0.0051824212272
233,264,3,2,25.6958525346,0.00815689993618
233,281,3,2,33.2811059908,0.0158643016726
242,35,2,2,0.0737327188941,4.30663221361e-05
242,50,2,2,0.147465437788,8.69414014954e-05
242,63,2,2,0.036866359447,2.14334705075e-05
242,86,2,3,0.184331797235,5.45946890287e-05
242,93,2,2,1.43778801843,0.00101435705368
242,98,2,2,0.811059907834,0.000522317188984
242,102,2,2,0.0552995391705,3.22248002062e-05
242,104,2,3,0.165898617512,4.90196078431e-05
242,105,2,2,0.036866359447,2.14334705075e-05
242,108,2,3,0.571428571429,0.000178062678063
242,109,2,3,0.829493087558,0.000267780634105
242,112,2,2,0.0737327188941,4.30663221361e-05
242,113,2,2,0.036866359447,2.14334705075e-05
242,114,2,2,0.276497695853,0.000165738530894
242,115,2,6,4.53456221198,0.00121158392435
242,116,2,3,0.497695852535,0.000153562653563
242,117,2,2,0.516129032258,0.000319284802043
242,118,2,2,0.184331797235,0.000109189378057
242,119,2,2,0.0921658986175,5.39583872917e-05
242,122,2,3,0.0921658986175,2.69791936459e-05
242,123,2,2,0.036866359447,2.14334705075e-05
242,124,2,3,0.700460829493,0.000222128694351
242,127,2,2,0.258064516129,0.000154320987654
242,129,2,2,0.516129032258,0.000319284802043
242,138,2,3,7.79723502304,0.0890151515152
242,142,2,3,0.460829493088,0.000141492348094
242,143,2,3,3.29953917051,0.00493204599202
242,149,2,2,0.036866359447,2.14334705075e-05
242,155,2,2,0.0552995391705,3.22248002062e-05
242,162,2,2,0.0552995391705,3.22248002062e-05
242,178,2,2,0.626728110599,0.000393518518519
242,184,2,2,0.147465437788,8.69414014954e-05
242,196,2,2,0.423963133641,0.000259079030369
242,199,2,2,0.165898617512,9.80392156863e-05
242,202,2,3,0.147465437788,4.34707007477e-05
242,206,2,2,0.3133640553,0.00018873789857
242,213,2,3,0.571428571429,0.000178062678063
242,217,2,3,0.387096774194,0.000117702448211
242,224,2,2,0.036866359447,2.14334705075e-05
242,236,2,2,0.036866359447,2.14334705075e-05
242,239,2,2,0.0552995391705,3.22248002062e-05
242,249,2,2,0.479262672811,0.000295025417574
242,254,2,2,0.202764976959,0.000120392259872
242,257,2,2,0.036866359447,2.14334705075e-05
242,264,2,2,0.589861751152,0.000368527731712
242,281,2,2,0.423963133641,0.000259079030369
244,35,3,2,0.258064516129,7.62485703393e-05
244,50,3,2,0.516129032258,0.000153929038713
244,63,3,2,0.129032258064,3.79477838494e-05
244,86,3,3,0.645161290323,9.66594494278e-05
244,93,3,2,1.43778801843,0.000522124771526
244,98,3,2,5.97235023041,0.00594749512782
244,102,3,2,0.193548387097,5.70537446274e-05
244,104,3,3,7.86175115207,0.0487568535611
244,105,3,2,0.129032258064,3.79477838494e-05
244,108,3,3,18.1290322581,0.0287429696801
244,109,3,3,6.03686635945,0.0030870520379
244,112,3,2,0.258064516129,7.62485703393e-05
244,113,3,2,3.96313364055,0.123852079539
244,114,3,2,0.967741935484,0.000293438710435
244,115,3,6,15.8709677419,0.00214509940705
244,116,3,3,15.9170506912,0.132160551013
244,117,3,2,14.7096774194,0.0523505727899
244,118,3,2,0.645161290323,0.000193318898856
244,119,3,2,0.322580645161,9.55328824181e-05
244,122,3,3,0.322580645161,4.77664412091e-05
244,123,3,2,0.129032258064,3.79477838494e-05
244,124,3,3,14.801843318,0.0262098232239
244,127,3,2,0.903225806452,0.000273224043716
244,129,3,2,10.7096774194,0.027816937968
244,138,3,3,1.29032258065,0.000197988437475
244,142,3,3,1.61290322581,0.000250511042527
244,143,3,3,14.267281106,0.0186101018545
244,149,3,2,0.129032258064,3.79477838494e-05
244,155,3,2,0.193548387097,5.70537446274e-05
244,162,3,2,0.193548387097,5.70537446274e-05
244,178,3,2,2.1935483871,0.000696721311475
244,184,3,2,0.516129032258,0.000153929038713
244,196,3,2,6.9400921659,0.0140923256213
244,199,3,2,0.58064516129,0.000173577627772
244,202,3,3,0.516129032258,7.69645193566e-05
244,206,3,2,1.09677419355,0.000334158902386
244,213,3,3,2.0,0.00031525851198
244,217,3,3,1.35483870968,0.000208391219783
244,224,3,2,0.129032258064,3.79477838494e-05
244,236,3,2,0.129032258064,3.79477838494e-05
244,239,3,2,0.193548387097,5.70537446274e-05
244,249,3,2,14.801843318,0.056784239547
244,254,3,2,0.709677419355,0.000213153509282
244,257,3,2,0.129032258064,3.79477838494e-05
244,264,3,2,2.06451612903,0.000652475328277
244,281,3,2,6.9400921659,0.0140923256213
324,35,2,2,0.0737327188941,4.30663221361e-05
324,50,2,2,0.147465437788,8.69414014954e-05
324,63,2,2,0.036866359447,2.14334705075e-05
324,86,2,3,0.184331797235,5.45946890287e-05
324,93,2,2,1.43778801843,0.00101435705368
324,98,2,2,0.811059907834,0.000522317188984
324,102,2,2,0.0552995391705,3.22248002062e-05
324,104,2,3,0.165898617512,4.90196078431e-05
324,105,2,2,0.036866359447,2.14334705075e-05
324,108,2,3,0.571428571429,0.000178062678063
324,109,2,3,0.829493087558,0.000267780634105
324,112,2,2,0.0737327188941,4.30663221361e-05
324,113,2,2,0.036866359447,2.14334705075e-05
324,114,2,2,0.276497695853,0.000165738530894
324,115,2,6,4.60829493088,0.00125805152979
324,116,2,3,0.497695852535,0.000153562653563
324,117,2,2,0.516129032258,0.000319284802043
324,118,2,2,0.184331797235,0.000109189378057
324,119,2,2,0.0921658986175,5.39583872917e-05
324,122,2,3,0.0921658986175,2.69791936459e-05
324,123,2,2,0.036866359447,2.14334705075e-05
324,124,2,3,0.700460829493,0.000222128694351
324,127,2,2,0.258064516129,0.000154320987654
324,129,2,2,0.516129032258,0.000319284802043
324,138,2,3,0.36866359447,0.000111826802648
324,142,2,3,0.460829493088,0.000141492348094
324,143,2,3,0.73732718894,0.000235006580184
324,149,2,2,0.036866359447,2.14334705075e-05
324,155,2,2,0.0552995391705,3.22248002062e-05
324,162,2,2,0.0552995391705,3.22248002062e-05
324,178,2,2,0.626728110599,0.000393518518519
324,184,2,2,0.147465437788,8.69414014954e-05
324,196,2,2,0.423963133641,0.000259079030369
324,199,2,2,0.165898617512,9.80392156863e-05
324,202,2,3,0.147465437788,4.34707007477e-05
324,206,2,2,0.3133640553,0.00018873789857
324,213,2,3,0.571428571429,0.000178062678063
324,217,2,3,0.387096774194,0.000117702448211
324,224,2,2,0.036866359447,2.14334705075e-05
324,236,2,2,0.036866359447,2.14334705075e-05
324,239,2,2,0.0552995391705,3.22248002062e-05
324,249,2,2,0.479262672811,0.000295025417574
324,254,2,2,0.202764976959,0.000120392259872
324,257,2,2,0.036866359447,2.14334705075e-05
324,264,2,2,0.589861751152,0.000368527731712
324,281,2,2,0.423963133641,0.000259079030369
374,35,3,2,0.423963133641,6.95601875255e-05
374,50,3,2,7.52073732719,0.00288477855082
374,63,3,2,1.8801843318,0.000711178045515
374,86,3,3,5.40092165899,0.000694093725612
374,93,3,2,9.32718894009,0.0015555678058
374,98,3,2,39.33640553,0.0165462198444
374,102,3,2,1.31797235023,0.0002719035061
374,104,3,3,8.46082949309,0.0016265060241
374,105,3,2,2.21198156682,0.00103093502302
374,108,3,3,25.1428571429,0.00440947914647
374,109,3,3,40.2764976959,0.00851568526752
374,112,3,2,0.423963133641,6.95601875255e-05
374,113,3,2,1.8801843318,0.000711178045515
374,114,3,2,14.5898617512,0.00619727637267
374,115,3,6,196.889400922,0.032092463185
374,116,3,3,25.3824884793,0.00509531985436
374,117,3,2,22.3225806452,0.00762861129144
374,118,3,2,3.0599078341,0.000509700248182
374,119,3,2,4.70046082949,0.0017903782964
374,122,3,3,1.94930875576,0.0004894858795
374,123,3,2,2.21198156682,0.00103093502302
374,124,3,3,35.7235023041,0.00737039065352
374,127,3,2,9.16129032258,0.00249965251285
374,129,3,2,22.3225806452,0.00762861129144
374,138,3,3,12.4331797235,0.0192622288183
374,142,3,3,23.5023041475,0.00469481839338
374,143,3,3,19.8064516129,0.00267881405784
374,149,3,2,1.8801843318,0.000711178045515
374,155,3,2,2.8202764977,0.00106924216588
374,162,3,2,1.31797235023,0.0002719035061
374,178,3,2,31.9631336406,0.0130572289157
374,184,3,2,3.52073732719,0.00066438434149
374,196,3,2,21.6221198157,0.00859642951368
374,199,3,2,8.46082949309,0.00325301204819
374,202,3,3,2.35023041475,0.000625268607463
374,206,3,2,15.9815668203,0.00626245991159
374,213,3,3,29.1428571429,0.00590824837813
374,217,3,3,11.7419354839,0.00144497497115
374,224,3,2,2.21198156682,0.00103093502302
374,236,3,2,1.8801843318,0.000711178045515
374,239,3,2,2.8202764977,0.00106924216588
374,249,3,2,20.4423963134,0.00685766869784
374,254,3,2,2.16589861751,0.000314924977383
374,257,3,2,6.21198156682,0.00804219167621
374,264,3,2,20.6082949309,0.00699923916701
374,281,3,2,21.6221198157,0.00859642951368
454,35,2,2,0.184331797235,0.00010841871307
454,50,2,2,0.36866359447,0.00021887345831
454,63,2,2,0.0921658986175,5.39583872917e-05
454,86,2,3,0.460829493088,0.000137441175177
454,93,2,2,12.4055299539,0.0304171292071
454,98,2,2,2.02764976959,0.00131492439185
454,102,2,2,0.138248847926,8.11253711486e-05
454,104,2,3,0.414746543779,0.000123406005759
454,105,2,2,0.0921658986175,5.39583872917e-05
454,108,2,3,1.42857142857,0.000448269679039
454,109,2,3,2.07373271889,0.000674133064879
454,112,2,2,0.184331797235,0.00010841871307
454,113,2,2,0.0921658986175,5.39583872917e-05
454,114,2,2,0.691244239631,0.000417243853998
454,115,2,6,11.33640553,0.00305014134801
454,116,2,3,1.24423963134,0.000386591295682
454,117,2,2,1.29032258065,0.000803793907242
454,118,2,2,0.460829493088,0.000274882350354
454,119,2,2,0.230414746544,0.000135839296678
454,122,2,3,0.230414746544,6.79196483392e-05
454,123,2,2,0.0921658986175,5.39583872917e-05
454,124,2,3,1.75115207373,0.00055920510466
454,127,2,2,0.645161290323,0.0003885003885
454,129,2,2,1.29032258065,0.000803793907242
454,138,2,3,3.4930875576,0.00727913573763
454,142,2,3,1.15207373272,0.000356204512684
454,143,2,3,1.84331797235,0.000591624957107
454,149,2,2,0.0921658986175,5.39583872917e-05
454,155,2,2,0.138248847926,8.11253711486e-05
454,162,2,2,0.138248847926,8.11253711486e-05
454,178,2,2,1.5668202765,0.000990675990676
454,184,2,2,0.36866359447,0.00021887345831
454,196,2,2,1.0599078341,0.000652226929599
454,199,2,2,0.414746543779,0.000246812011518
454,202,2,3,0.36866359447,0.000109436729155
454,206,2,2,0.783410138249,0.000475144360036
454,213,2,3,1.42857142857,0.000448269679039
454,217,2,3,0.967741935484,0.000296313855636
454,224,2,2,0.0921658986175,5.39583872917e-05
454,236,2,2,0.0921658986175,5.39583872917e-05
454,239,2,2,0.138248847926,8.11253711486e-05
454,249,2,2,1.19815668203,0.000742721330957
454,254,2,2,3.4930875576,0.0143918979509
454,257,2,2,0.0921658986175,5.39583872917e-05
454,264,2,2,10.5253456221,0.0472638265549
454,281,2,2,1.0599078341,0.000652226929599
463,35,2,2,0.0737327188941,4.30663221361e-05
463,50,2,2,0.147465437788,8.69414014954e-05
463,63,2,2,0.036866359447,2.14334705075e-05
463,86,2,3,3.85253456221,0.0296722134871
463,93,2,2,1.43778801843,0.00101435705368
463,98,2,2,0.811059907834,0.000522317188984
463,102,2,2,0.0552995391705,3.22248002062e-05
463,104,2,3,0.165898617512,4.90196078431e-05
463,105,2,2,0.036866359447,2.14334705075e-05
463,108,2,3,0.571428571429,0.000178062678063
463,109,2,3,0.829493087558,0.000267780634105
463,112,2,2,0.0737327188941,4.30663221361e-05
463,113,2,2,0.036866359447,2.14334705075e-05
463,114,2,2,0.276497695853,0.000165738530894
463,115,2,6,4.53456221198,0.00121158392435
463,116,2,3,0.497695852535,0.000153562653563
463,117,2,2,0.516129032258,0.000319284802043
463,118,2,2,0.184331797235,0.000109189378057
463,119,2,2,0.0921658986175,5.39583872917e-05
463,122,2,3,0.0921658986175,2.69791936459e-05
463,123,2,2,0.036866359447,2.14334705075e-05
463,124,2,3,0.700460829493,0.000222128694351
463,127,2,2,0.258064516129,0.000154320987654
463,129,2,2,0.516129032258,0.000319284802043
463,138,2,3,3.79723502304,0.021124337172
463,142,2,3,0.460829493088,0.000141492348094
463,143,2,3,0.73732718894,0.000235006580184
463,149,2,2,0.036866359447,2.14334705075e-05
463,155,2,2,0.0552995391705,3.22248002062e-05
463,162,2,2,0.0552995391705,3.22248002062e-05
463,178,2,2,0.626728110599,0.000393518518519
463,184,2,2,0.147465437788,8.69414014954e-05
463,196,2,2,0.423963133641,0.000259079030369
463,199,2,2,0.165898617512,9.80392156863e-05
463,202,2,3,0.147465437788,4.34707007477e-05
463,206,2,2,0.3133640553,0.00018873789857
463,213,2,3,0.571428571429,0.000178062678063
463,217,2,3,0.387096774194,0.000117702448211
463,224,2,2,0.036866359447,2.14334705075e-05
463,236,2,2,0.036866359447,2.14334705075e-05
463,239,2,2,0.0552995391705,3.22248002062e-05
463,249,2,2,0.479262672811,0.000295025417574
463,254,2,2,0.202764976959,0.000120392259872
463,257,2,2,0.036866359447,2.14334705075e-05
463,264,2,2,0.589861751152,0.000368527731712
463,281,2,2,0.423963133641,0.000259079030369
489,35,2,2,0.258064516129,0.000152497140679
489,50,2,2,0.516129032258,0.000307858077426
489,63,2,2,0.129032258064,7.58955676988e-05
489,86,2,3,0.645161290323,0.000193318898856
489,93,2,2,1.03225806452,0.000151135166792
489,98,2,2,2.83870967742,0.00184951660361
489,102,2,2,0.193548387097,0.000114107489255
489,104,2,3,0.58064516129,0.000173577627772
489,105,2,2,0.129032258064,7.58955676988e-05
489,108,2,3,2.0,0.00063051702396
489,109,2,3,2.90322580645,0.000948206835518
489,112,2,2,3.74193548387,0.0320625238277
489,113,2,2,0.129032258064,7.58955676988e-05
489,114,2,2,0.967741935484,0.000586877420869
489,115,2,6,4.0,0.000613210510695
489,116,2,3,1.74193548387,0.000543762838845
489,117,2,2,1.8064516129,0.00113058224986
489,118,2,2,3.35483870968,0.0104546860501
489,119,2,2,0.322580645161,0.000191065764836
489,122,2,3,0.322580645161,9.55328824181e-05
489,123,2,2,0.129032258064,7.58955676988e-05
489,124,2,3,3.35483870968,0.00566318926975
489,127,2,2,0.903225806452,0.000546448087432
489,129,2,2,1.8064516129,0.00113058224986
489,138,2,3,1.29032258065,0.000395976874951
489,142,2,3,1.61290322581,0.000501022085054
489,143,2,3,2.58064516129,0.000832154447866
489,149,2,2,0.129032258064,7.58955676988e-05
489,155,2,2,0.193548387097,0.000114107489255
489,162,2,2,0.193548387097,0.000114107489255
489,178,2,2,2.1935483871,0.00139344262295
489,184,2,2,0.516129032258,0.000307858077426
489,196,2,2,1.48387096774,0.000917394599338
489,199,2,2,0.58064516129,0.000347155255545
489,202,2,3,0.516129032258,0.000153929038713
489,206,2,2,2.90322580645,0.00468284967012
489,213,2,3,3.35483870968,0.00554854981084
489,217,2,3,3.48387096774,0.00720650861067
489,224,2,2,0.129032258064,7.58955676988e-05
489,236,2,2,0.129032258064,7.58955676988e-05
489,239,2,2,0.193548387097,0.000114107489255
489,249,2,2,1.67741935484,0.00104468016715
489,254,2,2,0.709677419355,0.000426307018564
489,257,2,2,0.129032258064,7.58955676988e-05
489,264,2,2,2.06451612903,0.00130495065655
489,281,2,2,1.48387096774,0.000917394599338
