NS1 site,NS1 site,N alleles NS1,N alleles NS1,Chi,ChiSqDf
35,50,2,2,0.294930875576,0.000174691560214
35,63,2,2,0.0737327188941,4.30663221361e-05
35,86,2,3,0.36866359447,0.00010969723563
35,93,2,2,2.87557603687,0.00203814998693
35,98,2,2,10.3778801843,0.0429567138288
35,102,2,2,0.110599078341,6.47493659958e-05
35,104,2,3,7.85253456221,0.122699042408
35,105,2,2,3.92626728111,0.122117248062
35,108,2,3,10.930875576,0.0348158657702
35,109,2,3,10.4147465438,0.0220793286443
35,112,2,2,7.85253456221,0.245370470525
35,113,2,2,0.0737327188941,4.30663221361e-05
35,114,2,2,0.552995391705,0.000333018815563
35,115,2,6,5.06912442396,0.000829685046146
35,116,2,3,11.0046082949,0.0857750985658
35,117,2,2,10.9677419355,0.0724238171612
35,118,2,2,0.36866359447,0.000219394471259
35,119,2,2,0.184331797235,0.00010841871307
35,122,2,3,0.184331797235,5.42093565349e-05
35,123,2,2,0.0737327188941,4.30663221361e-05
35,124,2,3,10.9677419355,0.0362197556965
35,127,2,2,0.516129032258,0.00031007751938
35,129,2,2,10.9677419355,0.0724238171612
35,138,2,3,0.73732718894,0.000224693854623
35,142,2,3,3.22580645161,0.0041327874756
35,143,2,3,10.599078341,0.0255497082927
35,149,2,2,0.0737327188941,4.30663221361e-05
35,155,2,2,3.88940092166,0.0800751812083
35,162,2,2,0.110599078341,6.47493659958e-05
35,178,2,2,1.2534562212,0.000790697674419
35,184,2,2,0.294930875576,0.000174691560214
35,196,2,2,3.15207373272,0.00719372956537
35,199,2,2,3.66820276498,0.0240772153823
35,202,2,3,0.294930875576,8.7345780107e-05
35,206,2,2,7.3732718894,0.0524887887228
35,213,2,3,1.14285714286,0.000357781753131
35,217,2,3,0.774193548387,0.000236499802917
35,224,2,2,0.0737327188941,4.30663221361e-05
35,236,2,2,0.0737327188941,4.30663221361e-05
35,239,2,2,0.110599078341,6.47493659958e-05
35,249,2,2,11.0414746544,0.078659589954
35,254,2,2,0.405529953917,0.000241904447743
35,257,2,2,0.0737327188941,4.30663221361e-05
35,264,2,2,1.1797235023,0.00074048362837
35,281,2,2,3.15207373272,0.00719372956537
50,35,2,2,0.294930875576,0.000174691560214
50,63,2,2,0.147465437788,8.69414014954e-05
50,86,2,3,0.73732718894,0.000221454513243
50,93,2,2,5.75115207373,0.004114575091
50,98,2,2,3.24423963134,0.00211869507644
50,102,2,2,3.77880184332,0.0381478092582
50,104,2,3,0.663594470046,0.00019884009942
50,105,2,2,0.147465437788,8.69414014954e-05
50,108,2,3,2.28571428571,0.000722282412423
50,109,2,3,3.31797235023,0.00108620876933
50,112,2,2,0.294930875576,0.000174691560214
50,113,2,2,0.147465437788,8.69414014954e-05
50,114,2,2,1.10599078341,0.000672291505597
50,115,2,6,18.1382488479,0.00491459394666
50,116,2,3,1.99078341014,0.000622902031353
50,117,2,2,2.06451612903,0.00129512708435
50,118,2,2,0.73732718894,0.000442909026486
50,119,2,2,0.36866359447,0.00021887345831
50,122,2,3,0.36866359447,0.000109436729155
50,123,2,2,0.147465437788,8.69414014954e-05
50,124,2,3,1.93548387097,0.000763207189264
50,127,2,2,1.03225806452,0.000625978090767
50,129,2,2,2.06451612903,0.00129512708435
50,138,2,3,1.47465437788,0.00045360731215
50,142,2,3,1.84331797235,0.000573940792268
50,143,2,3,2.94930875576,0.000953266128071
50,149,2,2,0.147465437788,8.69414014954e-05
50,155,2,2,0.221198156682,0.000130714682527
50,162,2,2,0.221198156682,0.000130714682527
50,178,2,2,2.5069124424,0.00159624413146
50,184,2,2,0.589861751152,0.000352663713108
50,196,2,2,1.69585253456,0.00105091212319
50,199,2,2,0.663594470046,0.00039768019884
50,202,2,3,0.589861751152,0.000176331856554
50,206,2,2,1.2534562212,0.000765584715326
50,213,2,3,2.28571428571,0.000722282412423
50,217,2,3,1.54838709677,0.000477440916687
50,224,2,2,0.147465437788,8.69414014954e-05
50,236,2,2,0.147465437788,8.69414014954e-05
50,239,2,2,3.77880184332,0.0381478092582
50,249,2,2,1.91705069124,0.00119672282058
50,254,2,2,0.811059907834,0.000488351702017
50,257,2,2,0.147465437788,8.69414014954e-05
50,264,2,2,2.35944700461,0.00149487305258
50,281,2,2,1.69585253456,0.00105091212319
63,35,2,2,0.0737327188941,4.30663221361e-05
63,50,2,2,0.147465437788,8.69414014954e-05
63,86,2,3,0.184331797235,5.45946890287e-05
63,93,2,2,1.43778801843,0.00101435705368
63,98,2,2,7.18894009217,0.0410353535354
63,102,2,2,0.0552995391705,3.22248002062e-05
63,104,2,3,0.165898617512,4.90196078431e-05
63,105,2,2,0.036866359447,2.14334705075e-05
63,108,2,3,0.571428571429,0.000178062678063
63,109,2,3,7.20737327189,0.021048664944
63,112,2,2,0.0737327188941,4.30663221361e-05
63,113,2,2,0.036866359447,2.14334705075e-05
63,114,2,2,0.276497695853,0.000165738530894
63,115,2,6,7.39170506912,0.0112514029181
63,116,2,3,0.497695852535,0.000153562653563
63,117,2,2,0.516129032258,0.000319284802043
63,118,2,2,0.184331797235,0.000109189378057
63,119,2,2,0.0921658986175,5.39583872917e-05
63,122,2,3,0.0921658986175,2.69791936459e-05
63,123,2,2,0.036866359447,2.14334705075e-05
63,124,2,3,0.700460829493,0.000222128694351
63,127,2,2,0.258064516129,0.000154320987654
63,129,2,2,0.516129032258,0.000319284802043
63,138,2,3,0.36866359447,0.000111826802648
63,142,2,3,0.460829493088,0.000141492348094
63,143,2,3,0.73732718894,0.000235006580184
63,149,2,2,0.036866359447,2.14334705075e-05
63,155,2,2,0.0552995391705,3.22248002062e-05
63,162,2,2,0.0552995391705,3.22248002062e-05
63,178,2,2,0.626728110599,0.000393518518519
63,184,2,2,0.147465437788,8.69414014954e-05
63,196,2,2,0.423963133641,0.000259079030369
63,199,2,2,0.165898617512,9.80392156863e-05
63,202,2,3,0.147465437788,4.34707007477e-05
63,206,2,2,0.3133640553,0.00018873789857
63,213,2,3,0.571428571429,0.000178062678063
63,217,2,3,0.387096774194,0.000117702448211
63,224,2,2,0.036866359447,2.14334705075e-05
63,236,2,2,0.036866359447,2.14334705075e-05
63,239,2,2,0.0552995391705,3.22248002062e-05
63,249,2,2,0.479262672811,0.000295025417574
63,254,2,2,0.202764976959,0.000120392259872
63,257,2,2,0.036866359447,2.14334705075e-05
63,264,2,2,7.41013824885,0.0581597222222
63,281,2,2,0.423963133641,0.000259079030369
86,35,3,2,0.36866359447,0.00010969723563
86,50,3,2,0.73732718894,0.000221454513243
86,63,3,2,0.184331797235,5.45946890287e-05
86,93,3,2,28.8110599078,0.0416943556585
86,98,3,2,4.05529953917,0.00133043057571
86,102,3,2,3.77880184332,0.0190813378278
86,104,3,3,8.05529953917,0.0993701442841
86,105,3,2,0.184331797235,5.45946890287e-05
86,108,3,3,2.85714285714,0.000453555878084
86,109,3,3,4.14746543779,0.000682082747247
86,112,3,2,0.36866359447,0.00010969723563
86,113,3,2,0.184331797235,5.45946890287e-05
86,114,3,2,2.89400921659,0.00237650290449
86,115,3,6,15.0414746544,0.00152712809593
86,116,3,3,2.48847926267,0.000391150155301
86,117,3,2,2.58064516129,0.000813272608979
86,118,3,2,0.921658986175,0.000278123887504
86,119,3,2,0.460829493088,0.000137441175177
86,122,3,3,3.79723502304,0.00956315696882
86,123,3,2,0.184331797235,5.45946890287e-05
86,124,3,3,3.50230414747,0.000565799504479
86,127,3,2,1.29032258065,0.000393081761006
86,129,3,2,1.93548387097,0.000723231712984
86,138,3,3,3.43778801843,0.00266327135175
86,142,3,3,2.30414746544,0.000360405037597
86,143,3,3,1.21658986175,0.000218332081521
86,149,3,2,0.184331797235,5.45946890287e-05
86,155,3,2,0.276497695853,8.20820382612e-05
86,162,3,2,0.276497695853,8.20820382612e-05
86,178,3,2,28.866359447,0.0866523307436
86,184,3,2,0.73732718894,0.000221454513243
86,196,3,2,2.1198156682,0.000659918284901
86,199,3,2,0.829493087558,0.000249722530522
86,202,3,3,3.57603686636,0.00429068119408
86,206,3,2,1.5668202765,0.00048074747749
86,213,3,3,30.064516129,0.0735976971902
86,217,3,3,1.93548387097,0.000299808122801
86,224,3,2,0.184331797235,5.45946890287e-05
86,236,3,2,0.184331797235,5.45946890287e-05
86,239,3,2,0.276497695853,8.20820382612e-05
86,249,3,2,2.39631336406,0.000751479837218
86,254,3,2,3.18894009217,0.00382640130733
86,257,3,2,0.184331797235,5.45946890287e-05
86,264,3,2,2.94930875576,0.000938702712851
86,281,3,2,2.1198156682,0.000659918284901
93,35,2,2,2.87557603687,0.00203814998693
93,50,2,2,5.75115207373,0.004114575091
93,63,2,2,1.43778801843,0.00101435705368
93,86,2,3,28.8110599078,0.0416943556585
93,98,2,2,31.6313364055,0.0247191011236
93,102,2,2,1.84331797235,0.00111408125173
93,104,2,3,8.40552995392,0.00794651482028
93,105,2,2,1.43778801843,0.00101435705368
93,108,2,3,18.2857142857,0.00569076707574
93,109,2,3,32.3502304147,0.0126729441668
93,112,2,2,2.87557603687,0.00203814998693
93,113,2,2,1.43778801843,0.00101435705368
93,114,2,2,37.2165898618,0.0934292250347
93,115,2,6,62.6912442396,0.0147662103543
93,116,2,3,19.4101382488,0.00726748198658
93,117,2,2,20.1290322581,0.0151104223169
93,118,2,2,7.18894009217,0.00516747933008
93,119,2,2,3.59447004608,0.00255362614913
93,122,2,3,9.84331797235,0.0163598285897
93,123,2,2,2.56221198157,0.00322130056447
93,124,2,3,32.8110599078,0.0598479755783
93,127,2,2,6.06451612903,0.00265173341016
93,129,2,2,16.1290322581,0.00970169085725
93,138,2,3,29.5299539171,0.050651829444
93,142,2,3,15.0967741935,0.0155093345914
93,143,2,3,12.6820276498,0.00272880451461
93,149,2,2,6.56221198157,0.0211301044634
93,155,2,2,2.15668202765,0.00152506582549
93,162,2,2,2.15668202765,0.00152506582549
93,178,2,2,7.55760368664,0.00178050909214
93,184,2,2,5.75115207373,0.004114575091
93,196,2,2,16.534562212,0.0122611334372
93,199,2,2,6.47004608295,0.00463978849967
93,202,2,3,10.2488479263,0.0117431758514
93,206,2,2,27.7788018433,0.0461484287581
93,213,2,3,101.714285714,0.175542406312
93,217,2,3,11.0967741935,0.00323860543892
93,224,2,2,1.43778801843,0.00101435705368
93,236,2,2,1.43778801843,0.00101435705368
93,239,2,2,1.84331797235,0.00111408125173
93,249,2,2,18.6912442396,0.0139623265036
93,254,2,2,24.0921658986,0.0528851223329
93,257,2,2,6.56221198157,0.0211301044634
93,264,2,2,16.9953917051,0.00951921643583
93,281,2,2,16.534562212,0.0122611334372
98,35,2,2,10.3778801843,0.0429567138288
98,50,2,2,3.24423963134,0.00211869507644
98,63,2,2,7.18894009217,0.0410353535354
98,86,2,3,4.05529953917,0.00133043057571
98,93,2,2,31.6313364055,0.0247191011236
98,102,2,2,2.78341013825,0.0041105324168
98,104,2,3,14.3778801843,0.0417797888386
98,105,2,2,0.811059907834,0.000522317188984
98,108,2,3,88.2396313364,0.227453890053
98,109,2,3,154.562211982,0.487386820549
98,112,2,2,6.37788018433,0.0162243183173
98,113,2,2,0.811059907834,0.000522317188984
98,114,2,2,1.91705069124,0.000401147513319
98,115,2,6,86.3778801843,0.0646462993272
98,116,2,3,89.0506912442,0.254087463178
98,117,2,2,88.6451612903,0.474207258259
98,118,2,2,4.05529953917,0.00266086115143
98,119,2,2,2.02764976959,0.00131492439185
98,122,2,3,7.18894009217,0.0208787715781
98,123,2,2,0.811059907834,0.000522317188984
98,124,2,3,88.6451612903,0.237387570342
98,127,2,2,5.67741935484,0.00376068376068
98,129,2,2,84.6451612903,0.432376818584
98,138,2,3,4.11059907834,0.00121731401376
98,142,2,3,75.4838709677,0.225505097999
98,143,2,3,84.5898617512,0.163164558302
98,149,2,2,0.811059907834,0.000522317188984
98,155,2,2,10.7834101382,0.0616958447585
98,162,2,2,2.78341013825,0.0041105324168
98,178,2,2,13.7880184332,0.00958974358974
98,184,2,2,3.24423963134,0.00211869507644
98,196,2,2,74.6728110599,0.404666763823
98,199,2,2,0.350230414747,2.19997867057e-05
98,202,2,3,3.24423963134,0.00105934753822
98,206,2,2,1.10599078341,0.000118375065476
98,213,2,3,12.5714285714,0.0043392504931
98,217,2,3,30.7281105991,0.0598905006337
98,224,2,2,0.811059907834,0.000522317188984
98,236,2,2,0.811059907834,0.000522317188984
98,239,2,2,1.21658986175,0.000785293592718
98,249,2,2,81.4562211982,0.429098701073
98,254,2,2,4.46082949309,0.00293386676365
98,257,2,2,0.811059907834,0.000522317188984
98,264,2,2,63.0230414747,0.211818982738
98,281,2,2,74.6728110599,0.404666763823
102,35,2,2,0.110599078341,6.47493659958e-05
102,50,2,2,3.77880184332,0.0381478092582
102,63,2,2,0.0552995391705,3.22248002062e-05
102,86,2,3,3.77880184332,0.0190813378278
102,93,2,2,1.84331797235,0.00111408125173
102,98,2,2,2.78341013825,0.0041105324168
102,104,2,3,0.248847926267,7.37000136482e-05
102,105,2,2,0.0552995391705,3.22248002062e-05
102,108,2,3,3.19815668203,0.00397262550235
102,109,2,3,2.81105990783,0.00214839450563
102,112,2,2,0.110599078341,6.47493659958e-05
102,113,2,2,0.0552995391705,3.22248002062e-05
102,114,2,2,3.58525345622,0.0186206739552
102,115,2,6,5.88940092166,0.00207046522888
102,116,2,3,3.41935483871,0.00616087507039
102,117,2,2,3.22580645161,0.00833400005334
102,118,2,2,0.276497695853,0.000164164076522
102,119,2,2,0.138248847926,8.11253711486e-05
102,122,2,3,3.91705069124,0.0540267930059
102,123,2,2,0.0552995391705,3.22248002062e-05
102,124,2,3,3.22580645161,0.00420875420875
102,127,2,2,0.387096774194,0.000232018561485
102,129,2,2,3.22580645161,0.00833400005334
102,138,2,3,3.75115207373,0.0167886538814
102,142,2,3,3.41935483871,0.00615280952984
102,143,2,3,6.94930875576,0.0146116525015
102,149,2,2,0.0552995391705,3.22248002062e-05
102,155,2,2,0.0829493087557,4.84493515862e-05
102,162,2,2,0.0829493087557,4.84493515862e-05
102,178,2,2,0.940092165899,0.000591647331787
102,184,2,2,0.221198156682,0.000130714682527
102,196,2,2,3.36405529954,0.0108997753284
102,199,2,2,0.248847926267,0.000147400027296
102,202,2,3,3.83410138249,0.0260666862739
102,206,2,2,0.470046082949,0.000283763708291
102,213,2,3,0.857142857143,0.00026771372479
102,217,2,3,3.64055299539,0.0110549130762
102,224,2,2,0.0552995391705,3.22248002062e-05
102,236,2,2,0.0552995391705,3.22248002062e-05
102,239,2,2,0.0829493087557,4.84493515862e-05
102,249,2,2,3.28110599078,0.00923991465823
102,254,2,2,3.69585253456,0.0267274279714
102,257,2,2,0.0552995391705,3.22248002062e-05
102,264,2,2,0.884792626728,0.00055407417668
102,281,2,2,3.36405529954,0.0108997753284
104,35,3,2,7.85253456221,0.122699042408
104,50,3,2,0.663594470046,0.00019884009942
104,63,3,2,0.165898617512,4.90196078431e-05
104,86,3,3,8.05529953917,0.0993701442841
104,93,3,2,8.40552995392,0.00794651482028
104,98,3,2,14.3778801843,0.0417797888386
104,102,3,2,0.248847926267,7.37000136482e-05
104,105,3,2,0.165898617512,4.90196078431e-05
104,108,3,3,14.9769585253,0.0326514125801
104,109,3,3,14.4608294931,0.0214317464895
104,112,3,2,7.85253456221,0.122699042408
104,113,3,2,0.165898617512,4.90196078431e-05
104,114,3,2,1.24423963134,0.000379053769479
104,115,3,6,12.4055299539,0.00146868368069
104,116,3,3,16.2626728111,0.166048561931
104,117,3,2,14.9677419355,0.0677426832802
104,118,3,2,0.829493087558,0.000249722530522
104,119,3,2,0.414746543779,0.000123406005759
104,122,3,3,0.414746543779,6.17030028795e-05
104,123,3,2,0.165898617512,4.90196078431e-05
104,124,3,3,15.198156682,0.0339500042441
104,127,3,2,1.16129032258,0.000352941176471
104,129,3,2,10.9677419355,0.0365383222254
104,138,3,3,1.65898617512,0.000255754475703
104,142,3,3,2.07373271889,0.00032360132317
104,143,3,3,14.6451612903,0.0244792632522
104,149,3,2,0.165898617512,4.90196078431e-05
104,155,3,2,0.248847926267,7.37000136482e-05
104,162,3,2,0.248847926267,7.37000136482e-05
104,178,3,2,6.4331797235,0.00870899653979
104,184,3,2,0.663594470046,0.00019884009942
104,196,3,2,1.90783410138,0.000592528982396
104,199,3,2,3.66820276498,0.0121379469435
104,202,3,3,0.663594470046,9.942004971e-05
104,206,3,2,7.3732718894,0.0264328329724
104,213,3,3,7.21658986175,0.0080112739885
104,217,3,3,1.74193548387,0.000269192422732
104,224,3,2,0.165898617512,4.90196078431e-05
104,236,3,2,3.90783410138,0.0485076252723
104,239,3,2,0.248847926267,7.37000136482e-05
104,249,3,2,15.0414746544,0.0732583621684
104,254,3,2,0.912442396313,0.000275344180225
104,257,3,2,0.165898617512,4.90196078431e-05
104,264,3,2,2.65437788018,0.000842844600527
104,281,3,2,1.90783410138,0.000592528982396
105,35,2,2,3.92626728111,0.122117248062
105,50,2,2,0.147465437788,8.69414014954e-05
105,63,2,2,0.036866359447,2.14334705075e-05
105,86,2,3,0.184331797235,5.45946890287e-05
105,93,2,2,1.43778801843,0.00101435705368
105,98,2,2,0.811059907834,0.000522317188984
105,102,2,2,0.0552995391705,3.22248002062e-05
105,104,2,3,0.165898617512,4.90196078431e-05
105,108,2,3,0.571428571429,0.000178062678063
105,109,2,3,0.829493087558,0.000267780634105
105,112,2,2,0.0737327188941,4.30663221361e-05
105,113,2,2,0.036866359447,2.14334705075e-05
105,114,2,2,0.276497695853,0.000165738530894
105,115,2,6,4.60829493088,0.00125805152979
105,116,2,3,0.497695852535,0.000153562653563
105,117,2,2,0.516129032258,0.000319284802043
105,118,2,2,0.184331797235,0.000109189378057
105,119,2,2,0.0921658986175,5.39583872917e-05
105,122,2,3,0.0921658986175,2.69791936459e-05
105,123,2,2,0.036866359447,2.14334705075e-05
105,124,2,3,0.700460829493,0.000222128694351
105,127,2,2,0.258064516129,0.000154320987654
105,129,2,2,0.516129032258,0.000319284802043
105,138,2,3,0.36866359447,0.000111826802648
105,142,2,3,0.460829493088,0.000141492348094
105,143,2,3,0.73732718894,0.000235006580184
105,149,2,2,0.036866359447,2.14334705075e-05
105,155,2,2,0.0552995391705,3.22248002062e-05
105,162,2,2,0.0552995391705,3.22248002062e-05
105,178,2,2,0.626728110599,0.000393518518519
105,184,2,2,0.147465437788,8.69414014954e-05
105,196,2,2,0.423963133641,0.000259079030369
105,199,2,2,0.165898617512,9.80392156863e-05
105,202,2,3,0.147465437788,4.34707007477e-05
105,206,2,2,0.3133640553,0.00018873789857
105,213,2,3,0.571428571429,0.000178062678063
105,217,2,3,0.387096774194,0.000117702448211
105,224,2,2,0.036866359447,2.14334705075e-05
105,236,2,2,0.036866359447,2.14334705075e-05
105,239,2,2,0.0552995391705,3.22248002062e-05
105,249,2,2,0.479262672811,0.000295025417574
105,254,2,2,0.202764976959,0.000120392259872
105,257,2,2,0.036866359447,2.14334705075e-05
105,264,2,2,0.589861751152,0.000368527731712
105,281,2,2,0.423963133641,0.000259079030369
108,35,3,2,10.930875576,0.0348158657702
108,50,3,2,2.28571428571,0.000722282412423
108,63,3,2,0.571428571429,0.000178062678063
108,86,3,3,2.85714285714,0.000453555878084
108,93,3,2,18.2857142857,0.00569076707574
108,98,3,2,88.2396313364,0.227453890053
108,102,3,2,3.19815668203,0.00397262550235
108,104,3,3,14.9769585253,0.0326514125801
108,105,3,2,0.571428571429,0.000178062678063
108,109,3,3,84.5253456221,0.106473663055
108,112,3,2,6.93087557604,0.0140028375794
108,113,3,2,3.46543778802,0.00696900481383
108,114,3,2,7.99078341014,0.00515247241443
108,115,3,6,57.198156682,0.00769952021412
108,116,3,3,100.783410138,0.231614843684
108,117,3,2,100.516129032,0.445414276568
108,118,3,2,2.85714285714,0.000907111756168
108,119,3,2,1.42857142857,0.000448269679039
108,122,3,3,7.4930875576,0.0162820622519
108,123,3,2,0.571428571429,0.000178062678063
108,124,3,3,100.608294931,0.222740999576
108,127,3,2,7.74193548387,0.0703296703297
108,129,3,2,96.5161290323,0.410670185938
108,138,3,3,2.65437788018,0.000283920751107
108,142,3,3,78.4239631336,0.177554135653
108,143,3,3,101.861751152,0.172731502044
108,149,3,2,0.571428571429,0.000178062678063
108,155,3,2,11.198156682,0.0486038883111
108,162,3,2,3.19815668203,0.00397262550235
108,178,3,2,9.71428571429,0.00326923076923
108,184,3,2,7.85253456221,0.123645720477
108,196,3,2,85.8525345622,0.390762647873
108,199,3,2,1.59447004608,0.000377594008426
108,202,3,3,2.28571428571,0.000361141206212
108,206,3,2,3.45622119816,0.000928887097842
108,213,3,3,8.85714285714,0.00147928994083
108,217,3,3,32.599078341,0.0486349831323
108,224,3,2,0.571428571429,0.000178062678063
108,236,3,2,0.571428571429,0.000178062678063
108,239,3,2,0.857142857143,0.00026771372479
108,249,3,2,93.0506912442,0.409055674912
108,254,3,2,1.0599078341,0.000178145812775
108,257,3,2,0.571428571429,0.000178062678063
108,264,3,2,9.14285714286,0.00306161500191
108,281,3,2,85.8525345622,0.390762647873
109,35,3,2,10.4147465438,0.0220793286443
109,50,3,2,3.31797235023,0.00108620876933
109,63,3,2,7.20737327189,0.021048664944
109,86,3,3,4.14746543779,0.000682082747247
109,93,3,2,32.3502304147,0.0126729441668
109,98,3,2,154.562211982,0.487386820549
109,102,3,2,2.81105990783,0.00214839450563
109,104,3,3,14.4608294931,0.0214317464895
109,105,3,2,0.829493087558,0.000267780634105
109,108,3,3,84.5253456221,0.106473663055
109,112,3,2,6.41474654378,0.00838221452296
109,113,3,2,0.829493087558,0.000267780634105
109,114,3,2,2.05529953917,0.000312030354651
109,115,3,6,84.6820276498,0.03346153944
109,116,3,3,85.2995391705,0.118362445812
109,117,3,2,84.9032258065,0.222001772303
109,118,3,2,4.14746543779,0.00136416549449
109,119,3,2,2.07373271889,0.000674133064879
109,122,3,3,7.23502304147,0.0107098666464
109,123,3,2,0.829493087558,0.000267780634105
109,124,3,3,84.9953917051,0.111180157699
109,127,3,2,7.74193548387,0.0708042600073
109,129,3,2,80.9032258065,0.201579052304
109,138,3,3,4.29493087558,0.00065223705732
109,142,3,3,74.6175115207,0.134204199354
109,143,3,3,80.9585253456,0.076263935241
109,149,3,2,0.829493087558,0.000267780634105
109,155,3,2,10.8110599078,0.0316462526304
109,162,3,2,2.81105990783,0.00214839450563
109,178,3,2,14.1013824885,0.00491645244216
109,184,3,2,3.31797235023,0.00108620876933
109,196,3,2,70.8847926267,0.186091739841
109,199,3,2,0.433179723502,6.491793824e-05
109,202,3,3,3.31797235023,0.000543104384663
109,206,3,2,1.26267281106,0.000169302486826
109,213,3,3,12.8571428571,0.0022246391141
109,217,3,3,38.6082949309,0.0698207421153
109,224,3,2,0.829493087558,0.000267780634105
109,236,3,2,0.829493087558,0.000267780634105
109,239,3,2,1.24423963134,0.00040260290232
109,249,3,2,77.6958525346,0.199230493757
109,254,3,2,4.35944700461,0.0223047628834
109,257,3,2,0.829493087558,0.000267780634105
109,264,3,2,63.3179723502,0.109146903136
109,281,3,2,70.8847926267,0.186091739841
112,35,2,2,7.85253456221,0.245370470525
112,50,2,2,0.294930875576,0.000174691560214
112,63,2,2,0.0737327188941,4.30663221361e-05
112,86,2,3,0.36866359447,0.00010969723563
112,93,2,2,2.87557603687,0.00203814998693
112,98,2,2,6.37788018433,0.0162243183173
112,102,2,2,0.110599078341,6.47493659958e-05
112,104,2,3,7.85253456221,0.122699042408
112,105,2,2,0.0737327188941,4.30663221361e-05
112,108,2,3,6.93087557604,0.0140028375794
112,109,2,3,6.41474654378,0.00838221452296
112,113,2,2,0.0737327188941,4.30663221361e-05
112,114,2,2,0.552995391705,0.000333018815563
112,115,2,6,5.06912442396,0.000829685046146
112,116,2,3,7.77880184332,0.080697293488
112,117,2,2,6.96774193548,0.0292301523657
112,118,2,2,0.36866359447,0.000219394471259
112,119,2,2,0.184331797235,0.00010841871307
112,122,2,3,0.184331797235,5.42093565349e-05
112,123,2,2,0.0737327188941,4.30663221361e-05
112,124,2,3,6.96774193548,0.0146464646465
112,127,2,2,0.516129032258,0.00031007751938
112,129,2,2,6.96774193548,0.0292301523657
112,138,2,3,3.59447004608,0.00956085118117
112,142,2,3,0.921658986175,0.000284300904077
112,143,2,3,6.59907834101,0.00990997148165
112,149,2,2,0.0737327188941,4.30663221361e-05
112,155,2,2,0.110599078341,6.47493659958e-05
112,162,2,2,0.110599078341,6.47493659958e-05
112,178,2,2,1.2534562212,0.000790697674419
112,184,2,2,0.294930875576,0.000174691560214
112,196,2,2,0.847926267281,0.000520568098229
112,199,2,2,3.66820276498,0.0240772153823
112,202,2,3,0.294930875576,8.7345780107e-05
112,206,2,2,7.3732718894,0.0524887887228
112,213,2,3,1.14285714286,0.000357781753131
112,217,2,3,3.70506912442,0.0138684962554
112,224,2,2,0.0737327188941,4.30663221361e-05
112,236,2,2,0.0737327188941,4.30663221361e-05
112,239,2,2,0.110599078341,6.47493659958e-05
112,249,2,2,7.04147465438,0.031990774843
112,254,2,2,0.405529953917,0.000241904447743
112,257,2,2,0.0737327188941,4.30663221361e-05
112,264,2,2,1.1797235023,0.00074048362837
112,281,2,2,0.847926267281,0.000520568098229
113,35,2,2,0.0737327188941,4.30663221361e-05
113,50,2,2,0.147465437788,8.69414014954e-05
113,63,2,2,0.036866359447,2.14334705075e-05
113,86,2,3,0.184331797235,5.45946890287e-05
113,93,2,2,1.43778801843,0.00101435705368
113,98,2,2,0.811059907834,0.000522317188984
113,102,2,2,0.0552995391705,3.22248002062e-05
113,104,2,3,0.165898617512,4.90196078431e-05
113,105,2,2,0.036866359447,2.14334705075e-05
113,108,2,3,3.46543778802,0.00696900481383
113,109,2,3,0.829493087558,0.000267780634105
113,112,2,2,0.0737327188941,4.30663221361e-05
113,114,2,2,0.276497695853,0.000165738530894
113,115,2,6,4.53456221198,0.00121158392435
113,116,2,3,0.497695852535,0.000153562653563
113,117,2,2,0.516129032258,0.000319284802043
113,118,2,2,0.184331797235,0.000109189378057
113,119,2,2,0.0921658986175,5.39583872917e-05
113,122,2,3,0.0921658986175,2.69791936459e-05
113,123,2,2,0.036866359447,2.14334705075e-05
113,124,2,3,0.700460829493,0.000222128694351
113,127,2,2,0.258064516129,0.000154320987654
113,129,2,2,0.516129032258,0.000319284802043
113,138,2,3,0.36866359447,0.000111826802648
113,142,2,3,0.460829493088,0.000141492348094
113,143,2,3,0.73732718894,0.000235006580184
113,149,2,2,0.036866359447,2.14334705075e-05
113,155,2,2,0.0552995391705,3.22248002062e-05
113,162,2,2,0.0552995391705,3.22248002062e-05
113,178,2,2,0.626728110599,0.000393518518519
113,184,2,2,0.147465437788,8.69414014954e-05
113,196,2,2,0.423963133641,0.000259079030369
113,199,2,2,0.165898617512,9.80392156863e-05
113,202,2,3,0.147465437788,4.34707007477e-05
113,206,2,2,0.3133640553,0.00018873789857
113,213,2,3,0.571428571429,0.000178062678063
113,217,2,3,0.387096774194,0.000117702448211
113,224,2,2,0.036866359447,2.14334705075e-05
113,236,2,2,0.036866359447,2.14334705075e-05
113,239,2,2,0.0552995391705,3.22248002062e-05
113,249,2,2,0.479262672811,0.000295025417574
113,254,2,2,0.202764976959,0.000120392259872
113,257,2,2,0.036866359447,2.14334705075e-05
113,264,2,2,0.589861751152,0.000368527731712
113,281,2,2,0.423963133641,0.000259079030369
114,35,2,2,0.552995391705,0.000333018815563
114,50,2,2,1.10599078341,0.000672291505597
114,63,2,2,0.276497695853,0.000165738530894
114,86,2,3,2.89400921659,0.00237650290449
114,93,2,2,37.2165898618,0.0934292250347
114,98,2,2,1.91705069124,0.000401147513319
114,102,2,2,3.58525345622,0.0186206739552
114,104,2,3,1.24423963134,0.000379053769479
114,105,2,2,0.276497695853,0.000165738530894
114,108,2,3,7.99078341014,0.00515247241443
114,109,2,3,2.05529953917,0.000312030354651
114,112,2,2,0.552995391705,0.000333018815563
114,113,2,2,0.276497695853,0.000165738530894
114,115,2,6,29.5944700461,0.0432359103544
114,116,2,3,5.09677419355,0.00301336267923
114,117,2,2,4.12903225806,0.00280909664499
114,118,2,2,1.38248847926,0.00084432836493
114,119,2,2,0.691244239631,0.000417243853998
114,122,2,3,11.3087557604,0.0742517890489
114,123,2,2,0.276497695853,0.000165738530894
114,124,2,3,4.12903225806,0.00176747587249
114,127,2,2,2.06451612903,0.00135773004508
114,129,2,2,4.12903225806,0.00280909664499
114,138,2,3,34.7557603687,0.295842412922
114,142,2,3,5.09677419355,0.00294325696232
114,143,2,3,38.7465437788,0.093442460931
114,149,2,2,0.276497695853,0.000165738530894
114,155,2,2,0.414746543779,0.000249184612573
114,162,2,2,0.414746543779,0.000249184612573
114,178,2,2,0.700460829493,6.7574523843e-05
114,184,2,2,1.10599078341,0.000672291505597
114,196,2,2,4.8202764977,0.00460392709533
114,199,2,2,1.24423963134,0.000758107538958
114,202,2,3,3.17050691244,0.0037401817428
114,206,2,2,2.35023041475,0.00145945296269
114,213,2,3,4.28571428571,0.00137690471819
114,217,2,3,2.90322580645,0.000910157356094
114,224,2,2,0.276497695853,0.000165738530894
114,236,2,2,0.276497695853,0.000165738530894
114,239,2,2,0.414746543779,0.000249184612573
114,249,2,2,4.40552995392,0.00342702285002
114,254,2,2,26.4792626728,0.28224932854
114,257,2,2,7.72350230415,0.129320987654
114,264,2,2,4.42396313364,0.0028497132476
114,281,2,2,4.8202764977,0.00460392709533
115,35,6,2,5.06912442396,0.000829685046146
115,50,6,2,18.1382488479,0.00491459394666
115,63,6,2,7.39170506912,0.0112514029181
115,86,6,3,15.0414746544,0.00152712809593
115,93,6,2,62.6912442396,0.0147662103543
115,98,6,2,86.3778801843,0.0646462993272
115,102,6,2,5.88940092166,0.00207046522888
115,104,6,3,12.4055299539,0.00146868368069
115,105,6,2,4.60829493088,0.00125805152979
115,108,6,3,57.198156682,0.00769952021412
115,109,6,3,84.6820276498,0.03346153944
115,112,6,2,5.06912442396,0.000829685046146
115,113,6,2,4.53456221198,0.00121158392435
115,114,6,2,29.5944700461,0.0432359103544
115,116,6,3,53.9170506912,0.00688276384601
115,117,6,2,50.9677419355,0.0117245682561
115,118,6,2,10.6728110599,0.00162006047859
115,119,6,2,11.33640553,0.00305014134801
115,122,6,3,11.33640553,0.00152507067401
115,123,6,2,1.14285714286,0.000154445900572
115,124,6,3,76.1198156682,0.0102846299413
115,127,6,2,31.8709677419,0.0118124568668
115,129,6,2,46.9677419355,0.00994019258677
115,138,6,3,45.3456221198,0.00632130743139
115,142,6,3,45.6866359447,0.00536713885628
115,143,6,3,70.9493087558,0.00949036693685
115,149,6,2,4.53456221198,0.00121158392435
115,155,6,2,6.80184331797,0.00182159253591
115,162,6,2,2.80184331797,0.000401042259144
115,178,6,2,74.3410138249,0.0208077658214
115,184,6,2,4.0,0.00044995547717
115,196,6,2,45.1520737327,0.0108487864526
115,199,6,2,20.4055299539,0.00554192740926
115,202,6,3,14.4331797235,0.00162592886955
115,206,6,2,38.5437788018,0.0106689116792
115,213,6,3,39.2442396313,0.00689989936058
115,217,6,3,26.4423963134,0.00250866896689
115,224,6,2,1.14285714286,0.000154445900572
115,236,6,2,4.53456221198,0.00121158392435
115,239,6,2,2.91244239631,0.000424329968599
115,249,6,2,47.0414746544,0.0105965588415
115,254,6,2,12.9400921659,0.0020620219953
115,257,6,2,7.94470046083,0.133024691358
115,264,6,2,66.267281106,0.0619224561777
115,281,6,2,45.1520737327,0.0108487864526
116,35,3,2,11.0046082949,0.0857750985658
116,50,3,2,1.99078341014,0.000622902031353
116,63,3,2,0.497695852535,0.000153562653563
116,86,3,3,2.48847926267,0.000391150155301
116,93,3,2,19.4101382488,0.00726748198658
116,98,3,2,89.0506912442,0.254087463178
116,102,3,2,3.41935483871,0.00616087507039
116,104,3,3,16.2626728111,0.166048561931
116,105,3,2,0.497695852535,0.000153562653563
116,108,3,3,100.783410138,0.231614843684
116,109,3,3,85.2995391705,0.118362445812
116,112,3,2,7.77880184332,0.080697293488
116,113,3,2,0.497695852535,0.000153562653563
116,114,3,2,5.09677419355,0.00301336267923
116,115,3,6,53.9170506912,0.00688276384601
116,117,3,2,101.032258065,0.480958230958
116,118,3,2,2.48847926267,0.000782300310602
116,119,3,2,1.24423963134,0.000386591295682
116,122,3,3,7.69585253456,0.022862409226
116,123,3,2,0.497695852535,0.000153562653563
116,124,3,3,101.032258065,0.240479115479
116,127,3,2,3.48387096774,0.00110565110565
116,129,3,2,97.0322580645,0.446103038775
116,138,3,3,2.60829493088,0.000681678547291
116,142,3,3,80.0460829493,0.250036044046
116,143,3,3,98.5437788018,0.172830725462
116,149,3,2,0.497695852535,0.000153562653563
116,155,3,2,11.4193548387,0.0684454756381
116,162,3,2,3.41935483871,0.00616087507039
116,178,3,2,8.46082949309,0.00281941031941
116,184,3,2,1.99078341014,0.000622902031353
116,196,3,2,86.2764976959,0.469392432737
116,199,3,2,3.50230414747,0.00778810896458
116,202,3,3,1.99078341014,0.000311451015676
116,206,3,2,7.0599078341,0.0169459460615
116,213,3,3,7.71428571429,0.00127575127575
116,217,3,3,33.7050691244,0.0696829673827
116,224,3,2,0.497695852535,0.000153562653563
116,236,3,2,0.497695852535,0.000153562653563
116,239,3,2,0.746543778802,0.000230878421134
116,249,3,2,93.5299539171,0.442577913166
116,254,3,2,2.73732718894,0.000862564692352
116,257,3,2,0.497695852535,0.000153562653563
116,264,3,2,7.96313364055,0.00264036084932
116,281,3,2,86.2764976959,0.469392432737
117,35,2,2,10.9677419355,0.0724238171612
117,50,2,2,2.06451612903,0.00129512708435
117,63,2,2,0.516129032258,0.000319284802043
117,86,2,3,2.58064516129,0.000813272608979
117,93,2,2,20.1290322581,0.0151104223169
117,98,2,2,88.6451612903,0.474207258259
117,102,2,2,3.22580645161,0.00833400005334
117,104,2,3,14.9677419355,0.0677426832802
117,105,2,2,0.516129032258,0.000319284802043
117,108,2,3,100.516129032,0.445414276568
117,109,2,3,84.9032258065,0.222001772303
117,112,2,2,6.96774193548,0.0292301523657
117,113,2,2,0.516129032258,0.000319284802043
117,114,2,2,4.12903225806,0.00280909664499
117,115,2,6,50.9677419355,0.0117245682561
117,116,2,3,101.032258065,0.480958230958
117,118,2,2,2.58064516129,0.00162654521796
117,119,2,2,1.29032258065,0.000803793907242
117,122,2,3,7.48387096774,0.0337736975668
117,123,2,2,0.516129032258,0.000319284802043
117,124,2,3,100.774193548,0.462552602023
117,127,2,2,3.61290322581,0.00229885057471
117,129,2,2,96.7741935484,0.853120677522
117,138,2,3,2.32258064516,0.000865232967932
117,142,2,3,78.5806451613,0.368666217014
117,143,2,3,98.1935483871,0.331766752783
117,149,2,2,0.516129032258,0.000319284802043
117,155,2,2,11.2258064516,0.100928074246
117,162,2,2,3.22580645161,0.00833400005334
117,178,2,2,8.77419354839,0.00586206896552
117,184,2,2,1.93548387097,0.00113829528898
117,196,2,2,86.064516129,0.811435523114
117,199,2,2,1.67741935484,0.000761775974758
117,202,2,3,2.06451612903,0.000647563542173
117,206,2,2,3.61290322581,0.00190679099722
117,213,2,3,8.0,0.0026525198939
117,217,2,3,32.6451612903,0.101139592644
117,224,2,2,0.516129032258,0.000319284802043
117,236,2,2,0.516129032258,0.000319284802043
117,239,2,2,0.774193548387,0.000480038403072
117,249,2,2,93.2903225806,0.849601146825
117,254,2,2,2.83870967742,0.00179342952637
117,257,2,2,0.516129032258,0.000319284802043
117,264,2,2,8.25806451613,0.00548979241722
117,281,2,2,86.064516129,0.811435523114
118,35,2,2,0.36866359447,0.000219394471259
118,50,2,2,0.73732718894,0.000442909026486
118,63,2,2,0.184331797235,0.000109189378057
118,86,2,3,0.921658986175,0.000278123887504
118,93,2,2,7.18894009217,0.00516747933008
118,98,2,2,4.05529953917,0.00266086115143
118,102,2,2,0.276497695853,0.000164164076522
118,104,2,3,0.829493087558,0.000249722530522
118,105,2,2,0.184331797235,0.000109189378057
118,108,2,3,2.85714285714,0.000907111756168
118,109,2,3,4.14746543779,0.00136416549449
118,112,2,2,0.36866359447,0.000219394471259
118,113,2,2,0.184331797235,0.000109189378057
118,114,2,2,1.38248847926,0.00084432836493
118,115,2,6,10.6728110599,0.00162006047859
118,116,2,3,2.48847926267,0.000782300310602
118,117,2,2,2.58064516129,0.00162654521796
118,119,2,2,0.460829493088,0.000274882350354
118,122,2,3,0.460829493088,0.000137441175177
118,123,2,2,0.184331797235,0.000109189378057
118,124,2,3,3.50230414747,0.00113159900896
118,127,2,2,1.29032258065,0.000786163522013
118,129,2,2,2.58064516129,0.00162654521796
118,138,2,3,1.84331797235,0.000569683711603
118,142,2,3,2.30414746544,0.000720810075195
118,143,2,3,3.6866359447,0.00119720333301
118,149,2,2,0.184331797235,0.000109189378057
118,155,2,2,0.276497695853,0.000164164076522
118,162,2,2,0.276497695853,0.000164164076522
118,178,2,2,3.133640553,0.00200471698113
118,184,2,2,0.73732718894,0.000442909026486
118,196,2,2,2.1198156682,0.0013198365698
118,199,2,2,0.829493087558,0.000499445061043
118,202,2,3,0.73732718894,0.000221454513243
118,206,2,2,1.5668202765,0.000961494954979
118,213,2,3,2.85714285714,0.000907111756168
118,217,2,3,1.93548387097,0.000599616245603
118,224,2,2,0.184331797235,0.000109189378057
118,236,2,2,0.184331797235,0.000109189378057
118,239,2,2,0.276497695853,0.000164164076522
118,249,2,2,2.39631336406,0.00150295967444
118,254,2,2,1.01382488479,0.000613319059726
118,257,2,2,0.184331797235,0.000109189378057
118,264,2,2,2.94930875576,0.0018774054257
118,281,2,2,2.1198156682,0.0013198365698
119,35,2,2,0.184331797235,0.00010841871307
119,50,2,2,0.36866359447,0.00021887345831
119,63,2,2,0.0921658986175,5.39583872917e-05
119,86,2,3,0.460829493088,0.000137441175177
119,93,2,2,3.59447004608,0.00255362614913
119,98,2,2,2.02764976959,0.00131492439185
119,102,2,2,0.138248847926,8.11253711486e-05
119,104,2,3,0.414746543779,0.000123406005759
119,105,2,2,0.0921658986175,5.39583872917e-05
119,108,2,3,1.42857142857,0.000448269679039
119,109,2,3,2.07373271889,0.000674133064879
119,112,2,2,0.184331797235,0.00010841871307
119,113,2,2,0.0921658986175,5.39583872917e-05
119,114,2,2,0.691244239631,0.000417243853998
119,115,2,6,11.33640553,0.00305014134801
119,116,2,3,1.24423963134,0.000386591295682
119,117,2,2,1.29032258065,0.000803793907242
119,118,2,2,0.460829493088,0.000274882350354
119,122,2,3,0.230414746544,6.79196483392e-05
119,123,2,2,0.0921658986175,5.39583872917e-05
119,124,2,3,1.75115207373,0.00055920510466
119,127,2,2,0.645161290323,0.0003885003885
119,129,2,2,1.29032258065,0.000803793907242
119,138,2,3,0.921658986175,0.000281522020652
119,142,2,3,1.15207373272,0.000356204512684
119,143,2,3,1.84331797235,0.000591624957107
119,149,2,2,0.0921658986175,5.39583872917e-05
119,155,2,2,0.138248847926,8.11253711486e-05
119,162,2,2,0.138248847926,8.11253711486e-05
119,178,2,2,1.5668202765,0.000990675990676
119,184,2,2,0.36866359447,0.00021887345831
119,196,2,2,1.0599078341,0.000652226929599
119,199,2,2,0.414746543779,0.000246812011518
119,202,2,3,0.36866359447,0.000109436729155
119,206,2,2,0.783410138249,0.000475144360036
119,213,2,3,1.42857142857,0.000448269679039
119,217,2,3,0.967741935484,0.000296313855636
119,224,2,2,0.0921658986175,5.39583872917e-05
119,236,2,2,0.0921658986175,5.39583872917e-05
119,239,2,2,0.138248847926,8.11253711486e-05
119,249,2,2,1.19815668203,0.000742721330957
119,254,2,2,0.506912442396,0.000303085409468
119,257,2,2,0.0921658986175,5.39583872917e-05
119,264,2,2,1.47465437788,0.000927762121792
119,281,2,2,1.0599078341,0.000652226929599
122,35,3,2,0.184331797235,5.42093565349e-05
122,50,3,2,0.36866359447,0.000109436729155
122,63,3,2,0.0921658986175,2.69791936459e-05
122,86,3,3,3.79723502304,0.00956315696882
122,93,3,2,9.84331797235,0.0163598285897
122,98,3,2,7.18894009217,0.0208787715781
122,102,3,2,3.91705069124,0.0540267930059
122,104,3,3,0.414746543779,6.17030028795e-05
122,105,3,2,0.0921658986175,2.69791936459e-05
122,108,3,3,7.4930875576,0.0162820622519
122,109,3,3,7.23502304147,0.0107098666464
122,112,3,2,0.184331797235,5.42093565349e-05
122,113,3,2,0.0921658986175,2.69791936459e-05
122,114,3,2,11.3087557604,0.0742517890489
122,115,3,6,11.33640553,0.00152507067401
122,116,3,3,7.69585253456,0.022862409226
122,117,3,2,7.48387096774,0.0337736975668
122,118,3,2,0.460829493088,0.000137441175177
122,119,3,2,0.230414746544,6.79196483392e-05
122,123,3,2,0.0921658986175,2.69791936459e-05
122,124,3,3,7.62211981567,0.016933823752
122,127,3,2,0.645161290323,0.00019425019425
122,129,3,2,7.48387096774,0.0337736975668
122,138,3,3,3.85253456221,0.00844566061957
122,142,3,3,7.66820276498,0.0228533352005
122,143,3,3,10.2488479263,0.0134270840923
122,149,3,2,7.94470046083,0.332561728395
122,155,3,2,0.138248847926,4.05626855743e-05
122,162,3,2,0.138248847926,4.05626855743e-05
122,178,3,2,1.5668202765,0.000495337995338
122,184,3,2,0.36866359447,0.000109436729155
122,196,3,2,7.57603686636,0.0415286078568
122,199,3,2,0.414746543779,0.000123406005759
122,202,3,3,3.85253456221,0.0130503299517
122,206,3,2,0.783410138249,0.000237572180018
122,213,3,3,1.42857142857,0.000224134839519
122,217,3,3,0.967741935484,0.000148156927818
122,224,3,2,0.0921658986175,2.69791936459e-05
122,236,3,2,0.0921658986175,2.69791936459e-05
122,239,3,2,0.138248847926,4.05626855743e-05
122,249,3,2,7.52073732719,0.0365155206784
122,254,3,2,3.69585253456,0.013414159449
122,257,3,2,0.0921658986175,2.69791936459e-05
122,264,3,2,1.47465437788,0.000463881060896
122,281,3,2,7.57603686636,0.0415286078568
123,35,2,2,0.0737327188941,4.30663221361e-05
123,50,2,2,0.147465437788,8.69414014954e-05
123,63,2,2,0.036866359447,2.14334705075e-05
123,86,2,3,0.184331797235,5.45946890287e-05
123,93,2,2,2.56221198157,0.00322130056447
123,98,2,2,0.811059907834,0.000522317188984
123,102,2,2,0.0552995391705,3.22248002062e-05
123,104,2,3,0.165898617512,4.90196078431e-05
123,105,2,2,0.036866359447,2.14334705075e-05
123,108,2,3,0.571428571429,0.000178062678063
123,109,2,3,0.829493087558,0.000267780634105
123,112,2,2,0.0737327188941,4.30663221361e-05
123,113,2,2,0.036866359447,2.14334705075e-05
123,114,2,2,0.276497695853,0.000165738530894
123,115,2,6,1.14285714286,0.000154445900572
123,116,2,3,0.497695852535,0.000153562653563
123,117,2,2,0.516129032258,0.000319284802043
123,118,2,2,0.184331797235,0.000109189378057
123,119,2,2,0.0921658986175,5.39583872917e-05
123,122,2,3,0.0921658986175,2.69791936459e-05
123,124,2,3,0.700460829493,0.000222128694351
123,127,2,2,0.258064516129,0.000154320987654
123,129,2,2,0.516129032258,0.000319284802043
123,138,2,3,0.36866359447,0.000111826802648
123,142,2,3,0.460829493088,0.000141492348094
123,143,2,3,0.73732718894,0.000235006580184
123,149,2,2,0.036866359447,2.14334705075e-05
123,155,2,2,0.0552995391705,3.22248002062e-05
123,162,2,2,0.0552995391705,3.22248002062e-05
123,178,2,2,0.626728110599,0.000393518518519
123,184,2,2,0.147465437788,8.69414014954e-05
123,196,2,2,0.423963133641,0.000259079030369
123,199,2,2,0.165898617512,9.80392156863e-05
123,202,2,3,0.147465437788,4.34707007477e-05
123,206,2,2,0.3133640553,0.00018873789857
123,213,2,3,0.571428571429,0.000178062678063
123,217,2,3,0.387096774194,0.000117702448211
123,224,2,2,0.036866359447,2.14334705075e-05
123,236,2,2,0.036866359447,2.14334705075e-05
123,239,2,2,0.0552995391705,3.22248002062e-05
123,249,2,2,0.479262672811,0.000295025417574
123,254,2,2,0.202764976959,0.000120392259872
123,257,2,2,0.036866359447,2.14334705075e-05
123,264,2,2,0.589861751152,0.000368527731712
123,281,2,2,0.423963133641,0.000259079030369
124,35,3,2,10.9677419355,0.0362197556965
124,50,3,2,1.93548387097,0.000763207189264
124,63,3,2,0.700460829493,0.000222128694351
124,86,3,3,3.50230414747,0.000565799504479
124,93,3,2,32.8110599078,0.0598479755783
124,98,3,2,88.6451612903,0.237387570342
124,102,3,2,3.22580645161,0.00420875420875
124,104,3,3,15.198156682,0.0339500042441
124,105,3,2,0.700460829493,0.000222128694351
124,108,3,3,100.608294931,0.222740999576
124,109,3,3,84.9953917051,0.111180157699
124,112,3,2,6.96774193548,0.0146464646465
124,113,3,2,0.700460829493,0.000222128694351
124,114,3,2,4.12903225806,0.00176747587249
124,115,3,6,76.1198156682,0.0102846299413
124,116,3,3,101.032258065,0.240479115479
124,117,3,2,100.774193548,0.462552602023
124,118,3,2,3.50230414747,0.00113159900896
124,119,3,2,1.75115207373,0.00055920510466
124,122,3,3,7.62211981567,0.016933823752
124,123,3,2,0.700460829493,0.000222128694351
124,127,3,2,4.90322580645,0.00159932659933
124,129,3,2,96.7741935484,0.426565087895
124,138,3,3,3.65898617512,0.000727481541052
124,142,3,3,78.7649769585,0.184395915142
124,143,3,3,98.2857142857,0.165970658457
124,149,3,2,0.700460829493,0.000222128694351
124,155,3,2,11.2258064516,0.050464037123
124,162,3,2,3.22580645161,0.00420875420875
124,178,3,2,11.9078341014,0.00407828282828
124,184,3,2,2.80184331797,0.000901029070043
124,196,3,2,86.064516129,0.405717761557
124,199,3,2,1.67741935484,0.000606720802799
124,202,3,3,2.80184331797,0.000450514535022
124,206,3,2,42.0460829493,0.292029834243
124,213,3,3,41.7880184332,0.250921121889
124,217,3,3,33.0138248848,0.0507187525953
124,224,3,2,0.700460829493,0.000222128694351
124,236,3,2,0.700460829493,0.000222128694351
124,239,3,2,3.22580645161,0.00420875420875
124,249,3,2,93.2903225806,0.424801845758
124,254,3,2,3.85253456221,0.00124770160231
124,257,3,2,0.700460829493,0.000222128694351
124,264,3,2,25.0506912442,0.0694797398739
124,281,3,2,86.064516129,0.405717761557
127,35,2,2,0.516129032258,0.00031007751938
127,50,2,2,1.03225806452,0.000625978090767
127,63,2,2,0.258064516129,0.000154320987654
127,86,2,3,1.29032258065,0.000393081761006
127,93,2,2,6.06451612903,0.00265173341016
127,98,2,2,5.67741935484,0.00376068376068
127,102,2,2,0.387096774194,0.000232018561485
127,104,2,3,1.16129032258,0.000352941176471
127,105,2,2,0.258064516129,0.000154320987654
127,108,2,3,7.74193548387,0.0703296703297
127,109,2,3,7.74193548387,0.0708042600073
127,112,2,2,0.516129032258,0.00031007751938
127,113,2,2,0.258064516129,0.000154320987654
127,114,2,2,2.06451612903,0.00135773004508
127,115,2,6,31.8709677419,0.0118124568668
127,116,2,3,3.48387096774,0.00110565110565
127,117,2,2,3.61290322581,0.00229885057471
127,118,2,2,1.29032258065,0.000786163522013
127,119,2,2,0.645161290323,0.0003885003885
127,122,2,3,0.645161290323,0.00019425019425
127,123,2,2,0.258064516129,0.000154320987654
127,124,2,3,4.90322580645,0.00159932659933
127,129,2,2,3.61290322581,0.00229885057471
127,138,2,3,2.58064516129,0.000805152979066
127,142,2,3,3.48387096774,0.0078086797066
127,143,2,3,5.16129032258,0.00169204737733
127,149,2,2,0.258064516129,0.000154320987654
127,155,2,2,0.387096774194,0.000232018561485
127,162,2,2,0.387096774194,0.000232018561485
127,178,2,2,0.387096774194,2.20588235294e-05
127,184,2,2,6.96774193548,0.0285211267606
127,196,2,2,2.96774193548,0.00186536901865
127,199,2,2,1.16129032258,0.000705882352941
127,202,2,3,15.2258064516,0.090409121395
127,206,2,2,2.1935483871,0.0013589128697
127,213,2,3,4.0,0.00128205128205
127,217,2,3,6.32258064516,0.00755616457796
127,224,2,2,0.258064516129,0.000154320987654
127,236,2,2,0.258064516129,0.000154320987654
127,239,2,2,0.387096774194,0.000232018561485
127,249,2,2,3.35483870968,0.00212418300654
127,254,2,2,2.58064516129,0.00286553478043
127,257,2,2,3.74193548387,0.0324459876543
127,264,2,2,4.12903225806,0.00265339966833
127,281,2,2,2.96774193548,0.00186536901865
129,35,2,2,10.9677419355,0.0724238171612
129,50,2,2,2.06451612903,0.00129512708435
129,63,2,2,0.516129032258,0.000319284802043
129,86,2,3,1.93548387097,0.000723231712984
129,93,2,2,16.1290322581,0.00970169085725
129,98,2,2,84.6451612903,0.432376818584
129,102,2,2,3.22580645161,0.00833400005334
129,104,2,3,10.9677419355,0.0365383222254
129,105,2,2,0.516129032258,0.000319284802043
129,108,2,3,96.5161290323,0.410670185938
129,109,2,3,80.9032258065,0.201579052304
129,112,2,2,6.96774193548,0.0292301523657
129,113,2,2,0.516129032258,0.000319284802043
129,114,2,2,4.12903225806,0.00280909664499
129,115,2,6,46.9677419355,0.00994019258677
129,116,2,3,97.0322580645,0.446103038775
129,117,2,2,96.7741935484,0.853120677522
129,118,2,2,2.58064516129,0.00162654521796
129,119,2,2,1.29032258065,0.000803793907242
129,122,2,3,7.48387096774,0.0337736975668
129,123,2,2,0.516129032258,0.000319284802043
129,124,2,3,96.7741935484,0.426565087895
129,127,2,2,3.61290322581,0.00229885057471
129,138,2,3,2.32258064516,0.000865232967932
129,142,2,3,78.5806451613,0.368666217014
129,143,2,3,94.1935483871,0.305288426738
129,149,2,2,0.516129032258,0.000319284802043
129,155,2,2,11.2258064516,0.100928074246
129,162,2,2,3.22580645161,0.00833400005334
129,178,2,2,4.77419354839,0.00173554766734
129,184,2,2,2.06451612903,0.00129512708435
129,196,2,2,86.064516129,0.811435523114
129,199,2,2,1.67741935484,0.000761775974758
129,202,2,3,2.06451612903,0.000647563542173
129,206,2,2,3.61290322581,0.00190679099722
129,213,2,3,4.0,0.000956350710045
129,217,2,3,32.6451612903,0.101139592644
129,224,2,2,0.516129032258,0.000319284802043
129,236,2,2,0.516129032258,0.000319284802043
129,239,2,2,0.774193548387,0.000480038403072
129,249,2,2,89.2903225806,0.778306548083
129,254,2,2,2.83870967742,0.00179342952637
129,257,2,2,0.516129032258,0.000319284802043
129,264,2,2,8.25806451613,0.00548979241722
129,281,2,2,86.064516129,0.811435523114
138,35,3,2,0.73732718894,0.000224693854623
138,50,3,2,1.47465437788,0.00045360731215
138,63,3,2,0.36866359447,0.000111826802648
138,86,3,3,3.43778801843,0.00266327135175
138,93,3,2,29.5299539171,0.050651829444
138,98,3,2,4.11059907834,0.00121731401376
138,102,3,2,3.75115207373,0.0167886538814
138,104,3,3,1.65898617512,0.000255754475703
138,105,3,2,0.36866359447,0.000111826802648
138,108,3,3,2.65437788018,0.000283920751107
138,109,3,3,4.29493087558,0.00065223705732
138,112,3,2,3.59447004608,0.00956085118117
138,113,3,2,0.36866359447,0.000111826802648
138,114,3,2,34.7557603687,0.295842412922
138,115,3,6,45.3456221198,0.00632130743139
138,116,3,3,2.60829493088,0.000681678547291
138,117,3,2,2.32258064516,0.000865232967932
138,118,3,2,1.84331797235,0.000569683711603
138,119,3,2,0.921658986175,0.000281522020652
138,122,3,3,3.85253456221,0.00844566061957
138,123,3,2,0.36866359447,0.000111826802648
138,124,3,3,3.65898617512,0.000727481541052
138,127,3,2,2.58064516129,0.000805152979066
138,129,3,2,2.32258064516,0.000865232967932
138,142,3,3,2.34101382488,0.000624720274981
138,143,3,3,36.9953917051,0.05624491145
138,149,3,2,0.36866359447,0.000111826802648
138,155,3,2,0.552995391705,0.00016812939238
138,162,3,2,0.552995391705,0.00016812939238
138,178,3,2,6.26728110599,0.00205314009662
138,184,3,2,1.47465437788,0.00045360731215
138,196,3,2,1.90783410138,0.000943414152471
138,199,3,2,1.65898617512,0.000511508951407
138,202,3,3,3.60368663594,0.00379329114785
138,206,3,2,3.133640553,0.0009847194708
138,213,3,3,5.71428571429,0.000929022668153
138,217,3,3,3.01382488479,0.00119615502814
138,224,3,2,0.36866359447,0.000111826802648
138,236,3,2,0.36866359447,0.000111826802648
138,239,3,2,0.552995391705,0.00016812939238
138,249,3,2,2.15668202765,0.000878949008744
138,254,3,2,27.0875576037,0.242710276784
138,257,3,2,0.36866359447,0.000111826802648
138,264,3,2,5.89861751152,0.00192275338284
138,281,3,2,1.90783410138,0.000943414152471
142,35,3,2,3.22580645161,0.0041327874756
142,50,3,2,1.84331797235,0.000573940792268
142,63,3,2,0.460829493088,0.000141492348094
142,86,3,3,2.30414746544,0.000360405037597
142,93,3,2,15.0967741935,0.0155093345914
142,98,3,2,75.4838709677,0.225505097999
142,102,3,2,3.41935483871,0.00615280952984
142,104,3,3,2.07373271889,0.00032360132317
142,105,3,2,0.460829493088,0.000141492348094
142,108,3,3,78.4239631336,0.177554135653
142,109,3,3,74.6175115207,0.134204199354
142,112,3,2,0.921658986175,0.000284300904077
142,113,3,2,0.460829493088,0.000141492348094
142,114,3,2,5.09677419355,0.00294325696232
142,115,3,6,45.6866359447,0.00536713885628
142,116,3,3,80.0460829493,0.250036044046
142,117,3,2,78.5806451613,0.368666217014
142,118,3,2,2.30414746544,0.000720810075195
142,119,3,2,1.15207373272,0.000356204512684
142,122,3,3,7.66820276498,0.0228533352005
142,123,3,2,0.460829493088,0.000141492348094
142,124,3,3,78.7649769585,0.184395915142
142,127,3,2,3.48387096774,0.0078086797066
142,129,3,2,78.5806451613,0.368666217014
142,138,3,3,2.34101382488,0.000624720274981
142,143,3,3,76.6820276498,0.132533296056
142,149,3,2,0.460829493088,0.000141492348094
142,155,3,2,11.4193548387,0.0684454756381
142,162,3,2,3.41935483871,0.00615280952984
142,178,3,2,7.83410138249,0.002597799511
142,184,3,2,1.84331797235,0.000573940792268
142,196,3,2,79.5483870968,0.454313154489
142,199,3,2,2.07373271889,0.00064720264634
142,202,3,3,1.84331797235,0.000286970396134
142,206,3,2,3.91705069124,0.00124594700768
142,213,3,3,7.14285714286,0.00117547489186
142,217,3,3,37.0046082949,0.0742500445794
142,224,3,2,0.460829493088,0.000141492348094
142,236,3,2,0.460829493088,0.000141492348094
142,239,3,2,0.691244239631,0.000212730954907
142,249,3,2,70.9677419355,0.322240845432
142,254,3,2,2.53456221198,0.000794765529718
142,257,3,2,0.460829493088,0.000141492348094
142,264,3,2,7.3732718894,0.00243282365678
142,281,3,2,79.5483870968,0.454313154489
143,35,3,2,10.599078341,0.0255497082927
143,50,3,2,2.94930875576,0.000953266128071
143,63,3,2,0.73732718894,0.000235006580184
143,86,3,3,1.21658986175,0.000218332081521
143,93,3,2,12.6820276498,0.00272880451461
143,98,3,2,84.5898617512,0.163164558302
143,102,3,2,6.94930875576,0.0146116525015
143,104,3,3,14.6451612903,0.0244792632522
143,105,3,2,0.73732718894,0.000235006580184
143,108,3,3,101.861751152,0.172731502044
143,109,3,3,80.9585253456,0.076263935241
143,112,3,2,6.59907834101,0.00990997148165
143,113,3,2,0.73732718894,0.000235006580184
143,114,3,2,38.7465437788,0.093442460931
143,115,3,6,70.9493087558,0.00949036693685
143,116,3,3,98.5437788018,0.172830725462
143,117,3,2,98.1935483871,0.331766752783
143,118,3,2,3.6866359447,0.00119720333301
143,119,3,2,1.84331797235,0.000591624957107
143,122,3,3,10.2488479263,0.0134270840923
143,123,3,2,0.73732718894,0.000235006580184
143,124,3,3,98.2857142857,0.165970658457
143,127,3,2,5.16129032258,0.00169204737733
143,129,3,2,94.1935483871,0.305288426738
143,138,3,3,36.9953917051,0.05624491145
143,142,3,3,76.6820276498,0.132533296056
143,149,3,2,0.73732718894,0.000235006580184
143,155,3,2,10.9493087558,0.0362681646111
143,162,3,2,2.94930875576,0.00264004021738
143,178,3,2,12.534562212,0.00431472081218
143,184,3,2,2.94930875576,0.000953266128071
143,196,3,2,83.9447004608,0.291586630811
143,199,3,2,0.847926267281,0.000120067262812
143,202,3,3,1.91705069124,0.000402943083741
143,206,3,2,2.04608294931,0.000319286931882
143,213,3,3,7.42857142857,0.000947106464502
143,217,3,3,31.5207373272,0.0356486637477
143,224,3,2,0.73732718894,0.000235006580184
143,236,3,2,0.73732718894,0.000235006580184
143,239,3,2,1.10599078341,0.000353327758606
143,249,3,2,90.8940092166,0.304640809652
143,254,3,2,31.9447004608,0.140880901603
143,257,3,2,0.73732718894,0.000235006580184
143,264,3,2,11.797235023,0.00404071015481
143,281,3,2,83.9447004608,0.291586630811
149,35,2,2,0.0737327188941,4.30663221361e-05
149,50,2,2,0.147465437788,8.69414014954e-05
149,63,2,2,0.036866359447,2.14334705075e-05
149,86,2,3,0.184331797235,5.45946890287e-05
149,93,2,2,6.56221198157,0.0211301044634
149,98,2,2,0.811059907834,0.000522317188984
149,102,2,2,0.0552995391705,3.22248002062e-05
149,104,2,3,0.165898617512,4.90196078431e-05
149,105,2,2,0.036866359447,2.14334705075e-05
149,108,2,3,0.571428571429,0.000178062678063
149,109,2,3,0.829493087558,0.000267780634105
149,112,2,2,0.0737327188941,4.30663221361e-05
149,113,2,2,0.036866359447,2.14334705075e-05
149,114,2,2,0.276497695853,0.000165738530894
149,115,2,6,4.53456221198,0.00121158392435
149,116,2,3,0.497695852535,0.000153562653563
149,117,2,2,0.516129032258,0.000319284802043
149,118,2,2,0.184331797235,0.000109189378057
149,119,2,2,0.0921658986175,5.39583872917e-05
149,122,2,3,7.94470046083,0.332561728395
149,123,2,2,0.036866359447,2.14334705075e-05
149,124,2,3,0.700460829493,0.000222128694351
149,127,2,2,0.258064516129,0.000154320987654
149,129,2,2,0.516129032258,0.000319284802043
149,138,2,3,0.36866359447,0.000111826802648
149,142,2,3,0.460829493088,0.000141492348094
149,143,2,3,0.73732718894,0.000235006580184
149,155,2,2,0.0552995391705,3.22248002062e-05
149,162,2,2,0.0552995391705,3.22248002062e-05
149,178,2,2,0.626728110599,0.000393518518519
149,184,2,2,0.147465437788,8.69414014954e-05
149,196,2,2,0.423963133641,0.000259079030369
149,199,2,2,0.165898617512,9.80392156863e-05
149,202,2,3,0.147465437788,4.34707007477e-05
149,206,2,2,0.3133640553,0.00018873789857
149,213,2,3,0.571428571429,0.000178062678063
149,217,2,3,0.387096774194,0.000117702448211
149,224,2,2,0.036866359447,2.14334705075e-05
149,236,2,2,0.036866359447,2.14334705075e-05
149,239,2,2,0.0552995391705,3.22248002062e-05
149,249,2,2,0.479262672811,0.000295025417574
149,254,2,2,0.202764976959,0.000120392259872
149,257,2,2,0.036866359447,2.14334705075e-05
149,264,2,2,0.589861751152,0.000368527731712
149,281,2,2,0.423963133641,0.000259079030369
155,35,2,2,3.88940092166,0.0800751812083
155,50,2,2,0.221198156682,0.000130714682527
155,63,2,2,0.0552995391705,3.22248002062e-05
155,86,2,3,0.276497695853,8.20820382612e-05
155,93,2,2,2.15668202765,0.00152506582549
155,98,2,2,10.7834101382,0.0616958447585
155,102,2,2,0.0829493087557,4.84493515862e-05
155,104,2,3,0.248847926267,7.37000136482e-05
155,105,2,2,0.0552995391705,3.22248002062e-05
155,108,2,3,11.198156682,0.0486038883111
155,109,2,3,10.8110599078,0.0316462526304
155,112,2,2,0.110599078341,6.47493659958e-05
155,113,2,2,0.0552995391705,3.22248002062e-05
155,114,2,2,0.414746543779,0.000249184612573
155,115,2,6,6.80184331797,0.00182159253591
155,116,2,3,11.4193548387,0.0684454756381
155,117,2,2,11.2258064516,0.100928074246
155,118,2,2,0.276497695853,0.000164164076522
155,119,2,2,0.138248847926,8.11253711486e-05
155,122,2,3,0.138248847926,4.05626855743e-05
155,123,2,2,0.0552995391705,3.22248002062e-05
155,124,2,3,11.2258064516,0.050464037123
155,127,2,2,0.387096774194,0.000232018561485
155,129,2,2,11.2258064516,0.100928074246
155,138,2,3,0.552995391705,0.00016812939238
155,142,2,3,11.4193548387,0.0684454756381
155,143,2,3,10.9493087558,0.0362681646111
155,149,2,2,0.0552995391705,3.22248002062e-05
155,162,2,2,0.0829493087557,4.84493515862e-05
155,178,2,2,0.940092165899,0.000591647331787
155,184,2,2,0.221198156682,0.000130714682527
155,196,2,2,11.3640552995,0.124382124483
155,199,2,2,0.248847926267,0.000147400027296
155,202,2,3,0.221198156682,6.53573412634e-05
155,206,2,2,0.470046082949,0.000283763708291
155,213,2,3,0.857142857143,0.00026771372479
155,217,2,3,0.58064516129,0.000176963309607
155,224,2,2,0.0552995391705,3.22248002062e-05
155,236,2,2,0.0552995391705,3.22248002062e-05
155,239,2,2,0.0829493087557,4.84493515862e-05
155,249,2,2,11.2811059908,0.109227199714
155,254,2,2,0.304147465438,0.000181007388392
155,257,2,2,0.0552995391705,3.22248002062e-05
155,264,2,2,0.884792626728,0.00055407417668
155,281,2,2,11.3640552995,0.124382124483
162,35,2,2,0.110599078341,6.47493659958e-05
162,50,2,2,0.221198156682,0.000130714682527
162,63,2,2,0.0552995391705,3.22248002062e-05
162,86,2,3,0.276497695853,8.20820382612e-05
162,93,2,2,2.15668202765,0.00152506582549
162,98,2,2,2.78341013825,0.0041105324168
162,102,2,2,0.0829493087557,4.84493515862e-05
162,104,2,3,0.248847926267,7.37000136482e-05
162,105,2,2,0.0552995391705,3.22248002062e-05
162,108,2,3,3.19815668203,0.00397262550235
162,109,2,3,2.81105990783,0.00214839450563
162,112,2,2,0.110599078341,6.47493659958e-05
162,113,2,2,0.0552995391705,3.22248002062e-05
162,114,2,2,0.414746543779,0.000249184612573
162,115,2,6,2.80184331797,0.000401042259144
162,116,2,3,3.41935483871,0.00616087507039
162,117,2,2,3.22580645161,0.00833400005334
162,118,2,2,0.276497695853,0.000164164076522
162,119,2,2,0.138248847926,8.11253711486e-05
162,122,2,3,0.138248847926,4.05626855743e-05
162,123,2,2,0.0552995391705,3.22248002062e-05
162,124,2,3,3.22580645161,0.00420875420875
162,127,2,2,0.387096774194,0.000232018561485
162,129,2,2,3.22580645161,0.00833400005334
162,138,2,3,0.552995391705,0.00016812939238
162,142,2,3,3.41935483871,0.00615280952984
162,143,2,3,2.94930875576,0.00264004021738
162,149,2,2,0.0552995391705,3.22248002062e-05
162,155,2,2,0.0829493087557,4.84493515862e-05
162,178,2,2,0.940092165899,0.000591647331787
162,184,2,2,0.221198156682,0.000130714682527
162,196,2,2,3.36405529954,0.0108997753284
162,199,2,2,3.75115207373,0.0334933705372
162,202,2,3,0.221198156682,6.53573412634e-05
162,206,2,2,0.470046082949,0.000283763708291
162,213,2,3,0.857142857143,0.00026771372479
162,217,2,3,0.58064516129,0.000176963309607
162,224,2,2,0.0552995391705,3.22248002062e-05
162,236,2,2,0.0552995391705,3.22248002062e-05
162,239,2,2,0.0829493087557,4.84493515862e-05
162,249,2,2,3.28110599078,0.00923991465823
162,254,2,2,0.304147465438,0.000181007388392
162,257,2,2,0.0552995391705,3.22248002062e-05
162,264,2,2,0.884792626728,0.00055407417668
162,281,2,2,3.36405529954,0.0108997753284
178,35,2,2,1.2534562212,0.000790697674419
178,50,2,2,2.5069124424,0.00159624413146
178,63,2,2,0.626728110599,0.000393518518519
178,86,2,3,28.866359447,0.0866523307436
178,93,2,2,7.55760368664,0.00178050909214
178,98,2,2,13.7880184332,0.00958974358974
178,102,2,2,0.940092165899,0.000591647331787
178,104,2,3,6.4331797235,0.00870899653979
178,105,2,2,0.626728110599,0.000393518518519
178,108,2,3,9.71428571429,0.00326923076923
178,109,2,3,14.1013824885,0.00491645244216
178,112,2,2,1.2534562212,0.000790697674419
178,113,2,2,0.626728110599,0.000393518518519
178,114,2,2,0.700460829493,6.7574523843e-05
178,115,2,6,74.3410138249,0.0208077658214
178,116,2,3,8.46082949309,0.00281941031941
178,117,2,2,8.77419354839,0.00586206896552
178,118,2,2,3.133640553,0.00200471698113
178,119,2,2,1.5668202765,0.000990675990676
178,122,2,3,1.5668202765,0.000495337995338
178,123,2,2,0.626728110599,0.000393518518519
178,124,2,3,11.9078341014,0.00407828282828
178,127,2,2,0.387096774194,2.20588235294e-05
178,129,2,2,4.77419354839,0.00173554766734
178,138,2,3,6.26728110599,0.00205314009662
178,142,2,3,7.83410138249,0.002597799511
178,143,2,3,12.534562212,0.00431472081218
178,149,2,2,0.626728110599,0.000393518518519
178,155,2,2,0.940092165899,0.000591647331787
178,162,2,2,0.940092165899,0.000591647331787
178,184,2,2,2.5069124424,0.00159624413146
178,196,2,2,7.20737327189,0.00475669099757
178,199,2,2,2.8202764977,0.0018
178,202,2,3,2.5069124424,0.000798122065728
178,206,2,2,5.32718894009,0.00346522781775
178,213,2,3,25.4193548387,0.0328921568627
178,217,2,3,4.07373271889,0.00156701769691
178,224,2,2,0.626728110599,0.000393518518519
178,236,2,2,0.626728110599,0.000393518518519
178,239,2,2,0.940092165899,0.000591647331787
178,249,2,2,8.14746543779,0.00541666666667
178,254,2,2,3.44700460829,0.00221040189125
178,257,2,2,0.626728110599,0.000393518518519
178,264,2,2,10.0276497696,0.00676616915423
178,281,2,2,7.20737327189,0.00475669099757
184,35,2,2,0.294930875576,0.000174691560214
184,50,2,2,0.589861751152,0.000352663713108
184,63,2,2,0.147465437788,8.69414014954e-05
184,86,2,3,0.73732718894,0.000221454513243
184,93,2,2,5.75115207373,0.004114575091
184,98,2,2,3.24423963134,0.00211869507644
184,102,2,2,0.221198156682,0.000130714682527
184,104,2,3,0.663594470046,0.00019884009942
184,105,2,2,0.147465437788,8.69414014954e-05
184,108,2,3,7.85253456221,0.123645720477
184,109,2,3,3.31797235023,0.00108620876933
184,112,2,2,0.294930875576,0.000174691560214
184,113,2,2,0.147465437788,8.69414014954e-05
184,114,2,2,1.10599078341,0.000672291505597
184,115,2,6,4.0,0.00044995547717
184,116,2,3,1.99078341014,0.000622902031353
184,117,2,2,1.93548387097,0.00113829528898
184,118,2,2,0.73732718894,0.000442909026486
184,119,2,2,0.36866359447,0.00021887345831
184,122,2,3,0.36866359447,0.000109436729155
184,123,2,2,0.147465437788,8.69414014954e-05
184,124,2,3,2.80184331797,0.000901029070043
184,127,2,2,6.96774193548,0.0285211267606
184,129,2,2,2.06451612903,0.00129512708435
184,138,2,3,1.47465437788,0.00045360731215
184,142,2,3,1.84331797235,0.000573940792268
184,143,2,3,2.94930875576,0.000953266128071
184,149,2,2,0.147465437788,8.69414014954e-05
184,155,2,2,0.221198156682,0.000130714682527
184,162,2,2,0.221198156682,0.000130714682527
184,178,2,2,2.5069124424,0.00159624413146
184,196,2,2,1.69585253456,0.00105091212319
184,199,2,2,0.663594470046,0.00039768019884
184,202,2,3,0.589861751152,0.000176331856554
184,206,2,2,1.2534562212,0.000765584715326
184,213,2,3,2.28571428571,0.000722282412423
184,217,2,3,1.54838709677,0.000477440916687
184,224,2,2,0.147465437788,8.69414014954e-05
184,236,2,2,0.147465437788,8.69414014954e-05
184,239,2,2,0.221198156682,0.000130714682527
184,249,2,2,1.91705069124,0.00119672282058
184,254,2,2,0.811059907834,0.000488351702017
184,257,2,2,0.147465437788,8.69414014954e-05
184,264,2,2,2.35944700461,0.00149487305258
184,281,2,2,1.69585253456,0.00105091212319
196,35,2,2,3.15207373272,0.00719372956537
196,50,2,2,1.69585253456,0.00105091212319
196,63,2,2,0.423963133641,0.000259079030369
196,86,2,3,2.1198156682,0.000659918284901
196,93,2,2,16.534562212,0.0122611334372
196,98,2,2,74.6728110599,0.404666763823
196,102,2,2,3.36405529954,0.0108997753284
196,104,2,3,1.90783410138,0.000592528982396
196,105,2,2,0.423963133641,0.000259079030369
196,108,2,3,85.8525345622,0.390762647873
196,109,2,3,70.8847926267,0.186091739841
196,112,2,2,0.847926267281,0.000520568098229
196,113,2,2,0.423963133641,0.000259079030369
196,114,2,2,4.8202764977,0.00460392709533
196,115,2,6,45.1520737327,0.0108487864526
196,116,2,3,86.2764976959,0.469392432737
196,117,2,2,86.064516129,0.811435523114
196,118,2,2,2.1198156682,0.0013198365698
196,119,2,2,1.0599078341,0.000652226929599
196,122,2,3,7.57603686636,0.0415286078568
196,123,2,2,0.423963133641,0.000259079030369
196,124,2,3,86.064516129,0.405717761557
196,127,2,2,2.96774193548,0.00186536901865
196,129,2,2,86.064516129,0.811435523114
196,138,2,3,1.90783410138,0.000943414152471
196,142,2,3,79.5483870968,0.454313154489
196,143,2,3,83.9447004608,0.291586630811
196,149,2,2,0.423963133641,0.000259079030369
196,155,2,2,11.3640552995,0.124382124483
196,162,2,2,3.36405529954,0.0108997753284
196,178,2,2,7.20737327189,0.00475669099757
196,184,2,2,1.69585253456,0.00105091212319
196,199,2,2,1.90783410138,0.00118505796479
196,202,2,3,1.69585253456,0.000525456061593
196,206,2,2,3.60368663594,0.00228138656958
196,213,2,3,6.57142857143,0.00215234886768
196,217,2,3,33.2442396313,0.125945199823
196,224,2,2,0.423963133641,0.000259079030369
196,236,2,2,0.423963133641,0.000259079030369
196,239,2,2,0.635944700461,0.000389520212712
196,249,2,2,78.4884792627,0.723216184732
196,254,2,2,2.33179723502,0.0014552524259
196,257,2,2,0.423963133641,0.000259079030369
196,264,2,2,6.78341013825,0.00445461258186
196,281,2,2,87.1244239631,1.0
199,35,2,2,3.66820276498,0.0240772153823
199,50,2,2,0.663594470046,0.00039768019884
199,63,2,2,0.165898617512,9.80392156863e-05
199,86,2,3,0.829493087558,0.000249722530522
199,93,2,2,6.47004608295,0.00463978849967
199,98,2,2,0.350230414747,2.19997867057e-05
199,102,2,2,0.248847926267,0.000147400027296
199,104,2,3,3.66820276498,0.0121379469435
199,105,2,2,0.165898617512,9.80392156863e-05
199,108,2,3,1.59447004608,0.000377594008426
199,109,2,3,0.433179723502,6.491793824e-05
199,112,2,2,3.66820276498,0.0240772153823
199,113,2,2,0.165898617512,9.80392156863e-05
199,114,2,2,1.24423963134,0.000758107538958
199,115,2,6,20.4055299539,0.00554192740926
199,116,2,3,3.50230414747,0.00778810896458
199,117,2,2,1.67741935484,0.000761775974758
199,118,2,2,0.829493087558,0.000499445061043
199,119,2,2,0.414746543779,0.000246812011518
199,122,2,3,0.414746543779,0.000123406005759
199,123,2,2,0.165898617512,9.80392156863e-05
199,124,2,3,1.67741935484,0.000606720802799
199,127,2,2,1.16129032258,0.000705882352941
199,129,2,2,1.67741935484,0.000761775974758
199,138,2,3,1.65898617512,0.000511508951407
199,142,2,3,2.07373271889,0.00064720264634
199,143,2,3,0.847926267281,0.000120067262812
199,149,2,2,0.165898617512,9.80392156863e-05
199,155,2,2,0.248847926267,0.000147400027296
199,162,2,2,3.75115207373,0.0334933705372
199,178,2,2,2.8202764977,0.0018
199,184,2,2,0.663594470046,0.00039768019884
199,196,2,2,1.90783410138,0.00118505796479
199,202,2,3,0.663594470046,0.00019884009942
199,206,2,2,2.58986175115,0.00291203254236
199,213,2,3,2.57142857143,0.000814479638009
199,217,2,3,1.74193548387,0.000538384845464
199,224,2,2,0.165898617512,9.80392156863e-05
199,236,2,2,0.165898617512,9.80392156863e-05
199,239,2,2,0.248847926267,0.000147400027296
199,249,2,2,1.84331797235,0.000985814134603
199,254,2,2,0.912442396313,0.000550688360451
199,257,2,2,0.165898617512,9.80392156863e-05
199,264,2,2,2.65437788018,0.00168568920105
199,281,2,2,1.90783410138,0.00118505796479
202,35,3,2,0.294930875576,8.7345780107e-05
202,50,3,2,0.589861751152,0.000176331856554
202,63,3,2,0.147465437788,4.34707007477e-05
202,86,3,3,3.57603686636,0.00429068119408
202,93,3,2,10.2488479263,0.0117431758514
202,98,3,2,3.24423963134,0.00105934753822
202,102,3,2,3.83410138249,0.0260666862739
202,104,3,3,0.663594470046,9.942004971e-05
202,105,3,2,0.147465437788,4.34707007477e-05
202,108,3,3,2.28571428571,0.000361141206212
202,109,3,3,3.31797235023,0.000543104384663
202,112,3,2,0.294930875576,8.7345780107e-05
202,113,3,2,0.147465437788,4.34707007477e-05
202,114,3,2,3.17050691244,0.0037401817428
202,115,3,6,14.4331797235,0.00162592886955
202,116,3,3,1.99078341014,0.000311451015676
202,117,3,2,2.06451612903,0.000647563542173
202,118,3,2,0.73732718894,0.000221454513243
202,119,3,2,0.36866359447,0.000109436729155
202,122,3,3,3.85253456221,0.0130503299517
202,123,3,2,0.147465437788,4.34707007477e-05
202,124,3,3,2.80184331797,0.000450514535022
202,127,3,2,15.2258064516,0.090409121395
202,129,3,2,2.06451612903,0.000647563542173
202,138,3,3,3.60368663594,0.00379329114785
202,142,3,3,1.84331797235,0.000286970396134
202,143,3,3,1.91705069124,0.000402943083741
202,149,3,2,0.147465437788,4.34707007477e-05
202,155,3,2,0.221198156682,6.53573412634e-05
202,162,3,2,0.221198156682,6.53573412634e-05
202,178,3,2,2.5069124424,0.000798122065728
202,184,3,2,0.589861751152,0.000176331856554
202,196,3,2,1.69585253456,0.000525456061593
202,199,3,2,0.663594470046,0.00019884009942
202,206,3,2,1.2534562212,0.000382792357663
202,213,3,3,6.45161290323,0.00630083228902
202,217,3,3,1.54838709677,0.000238720458343
202,224,3,2,0.147465437788,4.34707007477e-05
202,236,3,2,0.147465437788,4.34707007477e-05
202,239,3,2,0.221198156682,6.53573412634e-05
202,249,3,2,1.91705069124,0.000598361410292
202,254,3,2,3.39170506912,0.0057179526763
202,257,3,2,0.147465437788,4.34707007477e-05
202,264,3,2,2.35944700461,0.000747436526289
202,281,3,2,1.69585253456,0.000525456061593
206,35,2,2,7.3732718894,0.0524887887228
206,50,2,2,1.2534562212,0.000765584715326
206,63,2,2,0.3133640553,0.00018873789857
206,86,2,3,1.5668202765,0.00048074747749
206,93,2,2,27.7788018433,0.0461484287581
206,98,2,2,1.10599078341,0.000118375065476
206,102,2,2,0.470046082949,0.000283763708291
206,104,2,3,7.3732718894,0.0264328329724
206,105,2,2,0.3133640553,0.00018873789857
206,108,2,3,3.45622119816,0.000928887097842
206,109,2,3,1.26267281106,0.000169302486826
206,112,2,2,7.3732718894,0.0524887887228
206,113,2,2,0.3133640553,0.00018873789857
206,114,2,2,2.35023041475,0.00145945296269
206,115,2,6,38.5437788018,0.0106689116792
206,116,2,3,7.0599078341,0.0169459460615
206,117,2,2,3.61290322581,0.00190679099722
206,118,2,2,1.5668202765,0.000961494954979
206,119,2,2,0.783410138249,0.000475144360036
206,122,2,3,0.783410138249,0.000237572180018
206,123,2,2,0.3133640553,0.00018873789857
206,124,2,3,42.0460829493,0.292029834243
206,127,2,2,2.1935483871,0.0013589128697
206,129,2,2,3.61290322581,0.00190679099722
206,138,2,3,3.133640553,0.0009847194708
206,142,2,3,3.91705069124,0.00124594700768
206,143,2,3,2.04608294931,0.000319286931882
206,149,2,2,0.3133640553,0.00018873789857
206,155,2,2,0.470046082949,0.000283763708291
206,162,2,2,0.470046082949,0.000283763708291
206,178,2,2,5.32718894009,0.00346522781775
206,184,2,2,1.2534562212,0.000765584715326
206,196,2,2,3.60368663594,0.00228138656958
206,199,2,2,2.58986175115,0.00291203254236
206,202,2,3,1.2534562212,0.000382792357663
206,213,2,3,38.4331797235,0.289446271037
206,217,2,3,3.29032258065,0.00103645896842
206,224,2,2,0.3133640553,0.00018873789857
206,236,2,2,0.3133640553,0.00018873789857
206,239,2,2,0.470046082949,0.000283763708291
206,249,2,2,3.92626728111,0.00241324108666
206,254,2,2,1.72350230415,0.00106014479197
206,257,2,2,0.3133640553,0.00018873789857
206,264,2,2,22.9861751152,0.0682074621251
206,281,2,2,3.60368663594,0.00228138656958
213,35,3,2,1.14285714286,0.000357781753131
213,50,3,2,2.28571428571,0.000722282412423
213,63,3,2,0.571428571429,0.000178062678063
213,86,3,3,30.064516129,0.0735976971902
213,93,3,2,101.714285714,0.175542406312
213,98,3,2,12.5714285714,0.0043392504931
213,102,3,2,0.857142857143,0.00026771372479
213,104,3,3,7.21658986175,0.0080112739885
213,105,3,2,0.571428571429,0.000178062678063
213,108,3,3,8.85714285714,0.00147928994083
213,109,3,3,12.8571428571,0.0022246391141
213,112,3,2,1.14285714286,0.000357781753131
213,113,3,2,0.571428571429,0.000178062678063
213,114,3,2,4.28571428571,0.00137690471819
213,115,3,6,39.2442396313,0.00689989936058
213,116,3,3,7.71428571429,0.00127575127575
213,117,3,2,8.0,0.0026525198939
213,118,3,2,2.85714285714,0.000907111756168
213,119,3,2,1.42857142857,0.000448269679039
213,122,3,3,1.42857142857,0.000224134839519
213,123,3,2,0.571428571429,0.000178062678063
213,124,3,3,41.7880184332,0.250921121889
213,127,3,2,4.0,0.00128205128205
213,129,3,2,4.0,0.000956350710045
213,138,3,3,5.71428571429,0.000929022668153
213,142,3,3,7.14285714286,0.00117547489186
213,143,3,3,7.42857142857,0.000947106464502
213,149,3,2,0.571428571429,0.000178062678063
213,155,3,2,0.857142857143,0.00026771372479
213,162,3,2,0.857142857143,0.00026771372479
213,178,3,2,25.4193548387,0.0328921568627
213,184,3,2,2.28571428571,0.000722282412423
213,196,3,2,6.57142857143,0.00215234886768
213,199,3,2,2.57142857143,0.000814479638009
213,202,3,3,6.45161290323,0.00630083228902
213,206,3,2,38.4331797235,0.289446271037
213,217,3,3,6.0,0.000977835723598
213,224,3,2,0.571428571429,0.000178062678063
213,236,3,2,0.571428571429,0.000178062678063
213,239,3,2,3.41935483871,0.00617724631646
213,249,3,2,7.42857142857,0.00245098039216
213,254,3,2,3.14285714286,0.00100018185125
213,257,3,2,0.571428571429,0.000178062678063
213,264,3,2,25.0506912442,0.069017293341
213,281,3,2,6.57142857143,0.00215234886768
217,35,3,2,0.774193548387,0.000236499802917
217,50,3,2,1.54838709677,0.000477440916687
217,63,3,2,0.387096774194,0.000117702448211
217,86,3,3,1.93548387097,0.000299808122801
217,93,3,2,11.0967741935,0.00323860543892
217,98,3,2,30.7281105991,0.0598905006337
217,102,3,2,3.64055299539,0.0110549130762
217,104,3,3,1.74193548387,0.000269192422732
217,105,3,2,0.387096774194,0.000117702448211
217,108,3,3,32.599078341,0.0486349831323
217,109,3,3,38.6082949309,0.0698207421153
217,112,3,2,3.70506912442,0.0138684962554
217,113,3,2,0.387096774194,0.000117702448211
217,114,3,2,2.90322580645,0.000910157356094
217,115,3,6,26.4423963134,0.00250866896689
217,116,3,3,33.7050691244,0.0696829673827
217,117,3,2,32.6451612903,0.101139592644
217,118,3,2,1.93548387097,0.000599616245603
217,119,3,2,0.967741935484,0.000296313855636
217,122,3,3,0.967741935484,0.000148156927818
217,123,3,2,0.387096774194,0.000117702448211
217,124,3,3,33.0138248848,0.0507187525953
217,127,3,2,6.32258064516,0.00755616457796
217,129,3,2,32.6451612903,0.101139592644
217,138,3,3,3.01382488479,0.00119615502814
217,142,3,3,37.0046082949,0.0742500445794
217,143,3,3,31.5207373272,0.0356486637477
217,149,3,2,0.387096774194,0.000117702448211
217,155,3,2,0.58064516129,0.000176963309607
217,162,3,2,0.58064516129,0.000176963309607
217,178,3,2,4.07373271889,0.00156701769691
217,184,3,2,1.54838709677,0.000477440916687
217,196,3,2,33.2442396313,0.125945199823
217,199,3,2,1.74193548387,0.000538384845464
217,202,3,3,1.54838709677,0.000238720458343
217,206,3,2,3.29032258065,0.00103645896842
217,213,3,3,6.0,0.000977835723598
217,224,3,2,0.387096774194,0.000117702448211
217,236,3,2,0.387096774194,0.000117702448211
217,239,3,2,0.58064516129,0.000176963309607
217,249,3,2,32.8847926267,0.109909915225
217,254,3,2,2.68202764977,0.00187721482348
217,257,3,2,0.387096774194,0.000117702448211
217,264,3,2,6.1935483871,0.00202377940804
217,281,3,2,33.2442396313,0.125945199823
224,35,2,2,0.0737327188941,4.30663221361e-05
224,50,2,2,0.147465437788,8.69414014954e-05
224,63,2,2,0.036866359447,2.14334705075e-05
224,86,2,3,0.184331797235,5.45946890287e-05
224,93,2,2,1.43778801843,0.00101435705368
224,98,2,2,0.811059907834,0.000522317188984
224,102,2,2,0.0552995391705,3.22248002062e-05
224,104,2,3,0.165898617512,4.90196078431e-05
224,105,2,2,0.036866359447,2.14334705075e-05
224,108,2,3,0.571428571429,0.000178062678063
224,109,2,3,0.829493087558,0.000267780634105
224,112,2,2,0.0737327188941,4.30663221361e-05
224,113,2,2,0.036866359447,2.14334705075e-05
224,114,2,2,0.276497695853,0.000165738530894
224,115,2,6,1.14285714286,0.000154445900572
224,116,2,3,0.497695852535,0.000153562653563
224,117,2,2,0.516129032258,0.000319284802043
224,118,2,2,0.184331797235,0.000109189378057
224,119,2,2,0.0921658986175,5.39583872917e-05
224,122,2,3,0.0921658986175,2.69791936459e-05
224,123,2,2,0.036866359447,2.14334705075e-05
224,124,2,3,0.700460829493,0.000222128694351
224,127,2,2,0.258064516129,0.000154320987654
224,129,2,2,0.516129032258,0.000319284802043
224,138,2,3,0.36866359447,0.000111826802648
224,142,2,3,0.460829493088,0.000141492348094
224,143,2,3,0.73732718894,0.000235006580184
224,149,2,2,0.036866359447,2.14334705075e-05
224,155,2,2,0.0552995391705,3.22248002062e-05
224,162,2,2,0.0552995391705,3.22248002062e-05
224,178,2,2,0.626728110599,0.000393518518519
224,184,2,2,0.147465437788,8.69414014954e-05
224,196,2,2,0.423963133641,0.000259079030369
224,199,2,2,0.165898617512,9.80392156863e-05
224,202,2,3,0.147465437788,4.34707007477e-05
224,206,2,2,0.3133640553,0.00018873789857
224,213,2,3,0.571428571429,0.000178062678063
224,217,2,3,0.387096774194,0.000117702448211
224,236,2,2,0.036866359447,2.14334705075e-05
224,239,2,2,0.0552995391705,3.22248002062e-05
224,249,2,2,0.479262672811,0.000295025417574
224,254,2,2,0.202764976959,0.000120392259872
224,257,2,2,0.036866359447,2.14334705075e-05
224,264,2,2,0.589861751152,0.000368527731712
224,281,2,2,0.423963133641,0.000259079030369
236,35,2,2,0.0737327188941,4.30663221361e-05
236,50,2,2,0.147465437788,8.69414014954e-05
236,63,2,2,0.036866359447,2.14334705075e-05
236,86,2,3,0.184331797235,5.45946890287e-05
236,93,2,2,1.43778801843,0.00101435705368
236,98,2,2,0.811059907834,0.000522317188984
236,102,2,2,0.0552995391705,3.22248002062e-05
236,104,2,3,3.90783410138,0.0485076252723
236,105,2,2,0.036866359447,2.14334705075e-05
236,108,2,3,0.571428571429,0.000178062678063
236,109,2,3,0.829493087558,0.000267780634105
236,112,2,2,0.0737327188941,4.30663221361e-05
236,113,2,2,0.036866359447,2.14334705075e-05
236,114,2,2,0.276497695853,0.000165738530894
236,115,2,6,4.53456221198,0.00121158392435
236,116,2,3,0.497695852535,0.000153562653563
236,117,2,2,0.516129032258,0.000319284802043
236,118,2,2,0.184331797235,0.000109189378057
236,119,2,2,0.0921658986175,5.39583872917e-05
236,122,2,3,0.0921658986175,2.69791936459e-05
236,123,2,2,0.036866359447,2.14334705075e-05
236,124,2,3,0.700460829493,0.000222128694351
236,127,2,2,0.258064516129,0.000154320987654
236,129,2,2,0.516129032258,0.000319284802043
236,138,2,3,0.36866359447,0.000111826802648
236,142,2,3,0.460829493088,0.000141492348094
236,143,2,3,0.73732718894,0.000235006580184
236,149,2,2,0.036866359447,2.14334705075e-05
236,155,2,2,0.0552995391705,3.22248002062e-05
236,162,2,2,0.0552995391705,3.22248002062e-05
236,178,2,2,0.626728110599,0.000393518518519
236,184,2,2,0.147465437788,8.69414014954e-05
236,196,2,2,0.423963133641,0.000259079030369
236,199,2,2,0.165898617512,9.80392156863e-05
236,202,2,3,0.147465437788,4.34707007477e-05
236,206,2,2,0.3133640553,0.00018873789857
236,213,2,3,0.571428571429,0.000178062678063
236,217,2,3,0.387096774194,0.000117702448211
236,224,2,2,0.036866359447,2.14334705075e-05
236,239,2,2,0.0552995391705,3.22248002062e-05
236,249,2,2,0.479262672811,0.000295025417574
236,254,2,2,0.202764976959,0.000120392259872
236,257,2,2,0.036866359447,2.14334705075e-05
236,264,2,2,0.589861751152,0.000368527731712
236,281,2,2,0.423963133641,0.000259079030369
239,35,2,2,0.110599078341,6.47493659958e-05
239,50,2,2,3.77880184332,0.0381478092582
239,63,2,2,0.0552995391705,3.22248002062e-05
239,86,2,3,0.276497695853,8.20820382612e-05
239,93,2,2,1.84331797235,0.00111408125173
239,98,2,2,1.21658986175,0.000785293592718
239,102,2,2,0.0829493087557,4.84493515862e-05
239,104,2,3,0.248847926267,7.37000136482e-05
239,105,2,2,0.0552995391705,3.22248002062e-05
239,108,2,3,0.857142857143,0.00026771372479
239,109,2,3,1.24423963134,0.00040260290232
239,112,2,2,0.110599078341,6.47493659958e-05
239,113,2,2,0.0552995391705,3.22248002062e-05
239,114,2,2,0.414746543779,0.000249184612573
239,115,2,6,2.91244239631,0.000424329968599
239,116,2,3,0.746543778802,0.000230878421134
239,117,2,2,0.774193548387,0.000480038403072
239,118,2,2,0.276497695853,0.000164164076522
239,119,2,2,0.138248847926,8.11253711486e-05
239,122,2,3,0.138248847926,4.05626855743e-05
239,123,2,2,0.0552995391705,3.22248002062e-05
239,124,2,3,3.22580645161,0.00420875420875
239,127,2,2,0.387096774194,0.000232018561485
239,129,2,2,0.774193548387,0.000480038403072
239,138,2,3,0.552995391705,0.00016812939238
239,142,2,3,0.691244239631,0.000212730954907
239,143,2,3,1.10599078341,0.000353327758606
239,149,2,2,0.0552995391705,3.22248002062e-05
239,155,2,2,0.0829493087557,4.84493515862e-05
239,162,2,2,0.0829493087557,4.84493515862e-05
239,178,2,2,0.940092165899,0.000591647331787
239,184,2,2,0.221198156682,0.000130714682527
239,196,2,2,0.635944700461,0.000389520212712
239,199,2,2,0.248847926267,0.000147400027296
239,202,2,3,0.221198156682,6.53573412634e-05
239,206,2,2,0.470046082949,0.000283763708291
239,213,2,3,3.41935483871,0.00617724631646
239,217,2,3,0.58064516129,0.000176963309607
239,224,2,2,0.0552995391705,3.22248002062e-05
239,236,2,2,0.0552995391705,3.22248002062e-05
239,249,2,2,0.718894009217,0.000443564896956
239,254,2,2,0.304147465438,0.000181007388392
239,257,2,2,0.0552995391705,3.22248002062e-05
239,264,2,2,0.884792626728,0.00055407417668
239,281,2,2,0.635944700461,0.000389520212712
249,35,2,2,11.0414746544,0.078659589954
249,50,2,2,1.91705069124,0.00119672282058
249,63,2,2,0.479262672811,0.000295025417574
249,86,2,3,2.39631336406,0.000751479837218
249,93,2,2,18.6912442396,0.0139623265036
249,98,2,2,81.4562211982,0.429098701073
249,102,2,2,3.28110599078,0.00923991465823
249,104,2,3,15.0414746544,0.0732583621684
249,105,2,2,0.479262672811,0.000295025417574
249,108,2,3,93.0506912442,0.409055674912
249,109,2,3,77.6958525346,0.199230493757
249,112,2,2,7.04147465438,0.031990774843
249,113,2,2,0.479262672811,0.000295025417574
249,114,2,2,4.40552995392,0.00342702285002
249,115,2,6,47.0414746544,0.0105965588415
249,116,2,3,93.5299539171,0.442577913166
249,117,2,2,93.2903225806,0.849601146825
249,118,2,2,2.39631336406,0.00150295967444
249,119,2,2,1.19815668203,0.000742721330957
249,122,2,3,7.52073732719,0.0365155206784
249,123,2,2,0.479262672811,0.000295025417574
249,124,2,3,93.2903225806,0.424801845758
249,127,2,2,3.35483870968,0.00212418300654
249,129,2,2,89.2903225806,0.778306548083
249,138,2,3,2.15668202765,0.000878949008744
249,142,2,3,70.9677419355,0.322240845432
249,143,2,3,90.8940092166,0.304640809652
249,149,2,2,0.479262672811,0.000295025417574
249,155,2,2,11.2811059908,0.109227199714
249,162,2,2,3.28110599078,0.00923991465823
249,178,2,2,8.14746543779,0.00541666666667
249,184,2,2,1.91705069124,0.00119672282058
249,196,2,2,78.4884792627,0.723216184732
249,199,2,2,1.84331797235,0.000985814134603
249,202,2,3,1.91705069124,0.000598361410292
249,206,2,2,3.92626728111,0.00241324108666
249,213,2,3,7.42857142857,0.00245098039216
249,217,2,3,32.8847926267,0.109909915225
249,224,2,2,0.479262672811,0.000295025417574
249,236,2,2,0.479262672811,0.000295025417574
249,239,2,2,0.718894009217,0.000443564896956
249,254,2,2,2.63594470046,0.00165716404765
249,257,2,2,0.479262672811,0.000295025417574
249,264,2,2,7.66820276498,0.0050726758365
249,281,2,2,78.4884792627,0.723216184732
254,35,2,2,0.405529953917,0.000241904447743
254,50,2,2,0.811059907834,0.000488351702017
254,63,2,2,0.202764976959,0.000120392259872
254,86,2,3,3.18894009217,0.00382640130733
254,93,2,2,24.0921658986,0.0528851223329
254,98,2,2,4.46082949309,0.00293386676365
254,102,2,2,3.69585253456,0.0267274279714
254,104,2,3,0.912442396313,0.000275344180225
254,105,2,2,0.202764976959,0.000120392259872
254,108,2,3,1.0599078341,0.000178145812775
254,109,2,3,4.35944700461,0.0223047628834
254,112,2,2,0.405529953917,0.000241904447743
254,113,2,2,0.202764976959,0.000120392259872
254,114,2,2,26.4792626728,0.28224932854
254,115,2,6,12.9400921659,0.0020620219953
254,116,2,3,2.73732718894,0.000862564692352
254,117,2,2,2.83870967742,0.00179342952637
254,118,2,2,1.01382488479,0.000613319059726
254,119,2,2,0.506912442396,0.000303085409468
254,122,2,3,3.69585253456,0.013414159449
254,123,2,2,0.202764976959,0.000120392259872
254,124,2,3,3.85253456221,0.00124770160231
254,127,2,2,2.58064516129,0.00286553478043
254,129,2,2,2.83870967742,0.00179342952637
254,138,2,3,27.0875576037,0.242710276784
254,142,2,3,2.53456221198,0.000794765529718
254,143,2,3,31.9447004608,0.140880901603
254,149,2,2,0.202764976959,0.000120392259872
254,155,2,2,0.304147465438,0.000181007388392
254,162,2,2,0.304147465438,0.000181007388392
254,178,2,2,3.44700460829,0.00221040189125
254,184,2,2,0.811059907834,0.000488351702017
254,196,2,2,2.33179723502,0.0014552524259
254,199,2,2,0.912442396313,0.000550688360451
254,202,2,3,3.39170506912,0.0057179526763
254,206,2,2,1.72350230415,0.00106014479197
254,213,2,3,3.14285714286,0.00100018185125
254,217,2,3,2.68202764977,0.00187721482348
254,224,2,2,0.202764976959,0.000120392259872
254,236,2,2,0.202764976959,0.000120392259872
254,239,2,2,0.304147465438,0.000181007388392
254,249,2,2,2.63594470046,0.00165716404765
254,257,2,2,0.202764976959,0.000120392259872
254,264,2,2,3.24423963134,0.00207002811004
254,281,2,2,2.33179723502,0.0014552524259
257,35,2,2,0.0737327188941,4.30663221361e-05
257,50,2,2,0.147465437788,8.69414014954e-05
257,63,2,2,0.036866359447,2.14334705075e-05
257,86,2,3,0.184331797235,5.45946890287e-05
257,93,2,2,6.56221198157,0.0211301044634
257,98,2,2,0.811059907834,0.000522317188984
257,102,2,2,0.0552995391705,3.22248002062e-05
257,104,2,3,0.165898617512,4.90196078431e-05
257,105,2,2,0.036866359447,2.14334705075e-05
257,108,2,3,0.571428571429,0.000178062678063
257,109,2,3,0.829493087558,0.000267780634105
257,112,2,2,0.0737327188941,4.30663221361e-05
257,113,2,2,0.036866359447,2.14334705075e-05
257,114,2,2,7.72350230415,0.129320987654
257,115,2,6,7.94470046083,0.133024691358
257,116,2,3,0.497695852535,0.000153562653563
257,117,2,2,0.516129032258,0.000319284802043
257,118,2,2,0.184331797235,0.000109189378057
257,119,2,2,0.0921658986175,5.39583872917e-05
257,122,2,3,0.0921658986175,2.69791936459e-05
257,123,2,2,0.036866359447,2.14334705075e-05
257,124,2,3,0.700460829493,0.000222128694351
257,127,2,2,3.74193548387,0.0324459876543
257,129,2,2,0.516129032258,0.000319284802043
257,138,2,3,0.36866359447,0.000111826802648
257,142,2,3,0.460829493088,0.000141492348094
257,143,2,3,0.73732718894,0.000235006580184
257,149,2,2,0.036866359447,2.14334705075e-05
257,155,2,2,0.0552995391705,3.22248002062e-05
257,162,2,2,0.0552995391705,3.22248002062e-05
257,178,2,2,0.626728110599,0.000393518518519
257,184,2,2,0.147465437788,8.69414014954e-05
257,196,2,2,0.423963133641,0.000259079030369
257,199,2,2,0.165898617512,9.80392156863e-05
257,202,2,3,0.147465437788,4.34707007477e-05
257,206,2,2,0.3133640553,0.00018873789857
257,213,2,3,0.571428571429,0.000178062678063
257,217,2,3,0.387096774194,0.000117702448211
257,224,2,2,0.036866359447,2.14334705075e-05
257,236,2,2,0.036866359447,2.14334705075e-05
257,239,2,2,0.0552995391705,3.22248002062e-05
257,249,2,2,0.479262672811,0.000295025417574
257,254,2,2,0.202764976959,0.000120392259872
257,264,2,2,0.589861751152,0.000368527731712
257,281,2,2,0.423963133641,0.000259079030369
264,35,2,2,1.1797235023,0.00074048362837
264,50,2,2,2.35944700461,0.00149487305258
264,63,2,2,7.41013824885,0.0581597222222
264,86,2,3,2.94930875576,0.000938702712851
264,93,2,2,16.9953917051,0.00951921643583
264,98,2,2,63.0230414747,0.211818982738
264,102,2,2,0.884792626728,0.00055407417668
264,104,2,3,2.65437788018,0.000842844600527
264,105,2,2,0.589861751152,0.000368527731712
264,108,2,3,9.14285714286,0.00306161500191
264,109,2,3,63.3179723502,0.109146903136
264,112,2,2,1.1797235023,0.00074048362837
264,113,2,2,0.589861751152,0.000368527731712
264,114,2,2,4.42396313364,0.0028497132476
264,115,2,6,66.267281106,0.0619224561777
264,116,2,3,7.96313364055,0.00264036084932
264,117,2,2,8.25806451613,0.00548979241722
264,118,2,2,2.94930875576,0.0018774054257
264,119,2,2,1.47465437788,0.000927762121792
264,122,2,3,1.47465437788,0.000463881060896
264,123,2,2,0.589861751152,0.000368527731712
264,124,2,3,25.0506912442,0.0694797398739
264,127,2,2,4.12903225806,0.00265339966833
264,129,2,2,8.25806451613,0.00548979241722
264,138,2,3,5.89861751152,0.00192275338284
264,142,2,3,7.3732718894,0.00243282365678
264,143,2,3,11.797235023,0.00404071015481
264,149,2,2,0.589861751152,0.000368527731712
264,155,2,2,0.884792626728,0.00055407417668
264,162,2,2,0.884792626728,0.00055407417668
264,178,2,2,10.0276497696,0.00676616915423
264,184,2,2,2.35944700461,0.00149487305258
264,196,2,2,6.78341013825,0.00445461258186
264,199,2,2,2.65437788018,0.00168568920105
264,202,2,3,2.35944700461,0.000747436526289
264,206,2,2,22.9861751152,0.0682074621251
264,213,2,3,25.0506912442,0.069017293341
264,217,2,3,6.1935483871,0.00202377940804
264,224,2,2,0.589861751152,0.000368527731712
264,236,2,2,0.589861751152,0.000368527731712
264,239,2,2,0.884792626728,0.00055407417668
264,249,2,2,7.66820276498,0.0050726758365
264,254,2,2,3.24423963134,0.00207002811004
264,257,2,2,0.589861751152,0.000368527731712
264,281,2,2,6.78341013825,0.00445461258186
281,35,2,2,3.15207373272,0.00719372956537
281,50,2,2,1.69585253456,0.00105091212319
281,63,2,2,0.423963133641,0.000259079030369
281,86,2,3,2.1198156682,0.000659918284901
281,93,2,2,16.534562212,0.0122611334372
281,98,2,2,74.6728110599,0.404666763823
281,102,2,2,3.36405529954,0.0108997753284
281,104,2,3,1.90783410138,0.000592528982396
281,105,2,2,0.423963133641,0.000259079030369
281,108,2,3,85.8525345622,0.390762647873
281,109,2,3,70.8847926267,0.186091739841
281,112,2,2,0.847926267281,0.000520568098229
281,113,2,2,0.423963133641,0.000259079030369
281,114,2,2,4.8202764977,0.00460392709533
281,115,2,6,45.1520737327,0.0108487864526
281,116,2,3,86.2764976959,0.469392432737
281,117,2,2,86.064516129,0.811435523114
281,118,2,2,2.1198156682,0.0013198365698
281,119,2,2,1.0599078341,0.000652226929599
281,122,2,3,7.57603686636,0.0415286078568
281,123,2,2,0.423963133641,0.000259079030369
281,124,2,3,86.064516129,0.405717761557
281,127,2,2,2.96774193548,0.00186536901865
281,129,2,2,86.064516129,0.811435523114
281,138,2,3,1.90783410138,0.000943414152471
281,142,2,3,79.5483870968,0.454313154489
281,143,2,3,83.9447004608,0.291586630811
281,149,2,2,0.423963133641,0.000259079030369
281,155,2,2,11.3640552995,0.124382124483
281,162,2,2,3.36405529954,0.0108997753284
281,178,2,2,7.20737327189,0.00475669099757
281,184,2,2,1.69585253456,0.00105091212319
281,196,2,2,87.1244239631,1.0
281,199,2,2,1.90783410138,0.00118505796479
281,202,2,3,1.69585253456,0.000525456061593
281,206,2,2,3.60368663594,0.00228138656958
281,213,2,3,6.57142857143,0.00215234886768
281,217,2,3,33.2442396313,0.125945199823
281,224,2,2,0.423963133641,0.000259079030369
281,236,2,2,0.423963133641,0.000259079030369
281,239,2,2,0.635944700461,0.000389520212712
281,249,2,2,78.4884792627,0.723216184732
281,254,2,2,2.33179723502,0.0014552524259
281,257,2,2,0.423963133641,0.000259079030369
281,264,2,2,6.78341013825,0.00445461258186
