PA site,NP site,N alleles PA,N alleles NP,Chi,ChiSqDf
19,21,2,2,0.470046082949,0.000283763708291
19,22,2,3,0.359447004608,0.000107467029666
19,23,2,2,0.193548387097,0.000114107489255
19,29,2,2,0.0552995391705,3.22248002062e-05
19,42,2,2,0.193548387097,0.000114107489255
19,53,2,2,0.0552995391705,3.22248002062e-05
19,54,2,2,0.110599078341,6.47493659958e-05
19,56,2,2,0.0552995391705,3.22248002062e-05
19,58,2,3,1.29953917051,0.000422669472473
19,60,2,3,6.16589861751,0.00367820894866
19,63,2,3,0.552995391705,0.00016812939238
19,64,2,2,0.110599078341,6.47493659958e-05
19,65,2,2,0.110599078341,6.47493659958e-05
19,68,2,3,0.331797235023,9.89652631926e-05
19,95,2,2,0.110599078341,6.47493659958e-05
19,112,2,2,10.7834101382,0.0616958447585
19,113,2,2,0.0552995391705,3.22248002062e-05
19,128,2,2,0.0552995391705,3.22248002062e-05
19,133,2,2,0.0552995391705,3.22248002062e-05
19,135,2,3,0.110599078341,3.23746829979e-05
19,142,2,2,0.221198156682,0.000130714682527
19,158,2,2,0.138248847926,8.11253711486e-05
19,171,2,2,2.8202764977,0.00213848433176
19,192,2,2,0.0552995391705,3.22248002062e-05
19,233,2,3,7.65898617512,0.00614036384057
19,242,2,2,0.0552995391705,3.22248002062e-05
19,244,2,3,0.193548387097,5.70537446274e-05
19,324,2,2,0.0552995391705,3.22248002062e-05
19,374,2,3,2.8202764977,0.00106924216588
19,454,2,2,0.138248847926,8.11253711486e-05
19,463,2,2,0.0552995391705,3.22248002062e-05
19,489,2,2,0.193548387097,0.000114107489255
30,21,2,2,0.3133640553,0.00018873789857
30,22,2,3,0.239631336406,7.14788422627e-05
30,23,2,2,0.129032258064,7.58955676988e-05
30,29,2,2,0.036866359447,2.14334705075e-05
30,42,2,2,0.129032258064,7.58955676988e-05
30,53,2,2,0.036866359447,2.14334705075e-05
30,54,2,2,0.0737327188941,4.30663221361e-05
30,56,2,2,0.036866359447,2.14334705075e-05
30,58,2,3,0.866359447005,0.000281127380611
30,60,2,3,3.92626728111,0.00223102061337
30,63,2,3,0.36866359447,0.000111826802648
30,64,2,2,0.0737327188941,4.30663221361e-05
30,65,2,2,0.0737327188941,4.30663221361e-05
30,68,2,3,0.221198156682,6.58241179568e-05
30,95,2,2,0.0737327188941,4.30663221361e-05
30,112,2,2,0.811059907834,0.000522317188984
30,113,2,2,0.036866359447,2.14334705075e-05
30,128,2,2,0.036866359447,2.14334705075e-05
30,133,2,2,0.036866359447,2.14334705075e-05
30,135,2,3,0.0737327188941,2.1533161068e-05
30,142,2,2,0.147465437788,8.69414014954e-05
30,158,2,2,0.0921658986175,5.39583872917e-05
30,171,2,2,1.8801843318,0.00142235609103
30,192,2,2,0.036866359447,2.14334705075e-05
30,233,2,3,5.36405529954,0.00471056721057
30,242,2,2,0.036866359447,2.14334705075e-05
30,244,2,3,0.129032258064,3.79477838494e-05
30,324,2,2,0.036866359447,2.14334705075e-05
30,374,2,3,1.8801843318,0.000711178045515
30,454,2,2,0.0921658986175,5.39583872917e-05
30,463,2,2,0.036866359447,2.14334705075e-05
30,489,2,2,0.129032258064,7.58955676988e-05
34,21,2,2,3.6866359447,0.0261228925356
34,22,2,3,0.239631336406,7.14788422627e-05
34,23,2,2,0.129032258064,7.58955676988e-05
34,29,2,2,0.036866359447,2.14334705075e-05
34,42,2,2,0.129032258064,7.58955676988e-05
34,53,2,2,0.036866359447,2.14334705075e-05
34,54,2,2,0.0737327188941,4.30663221361e-05
34,56,2,2,0.036866359447,2.14334705075e-05
34,58,2,3,0.866359447005,0.000281127380611
34,60,2,3,3.92626728111,0.00223102061337
34,63,2,3,0.36866359447,0.000111826802648
34,64,2,2,0.0737327188941,4.30663221361e-05
34,65,2,2,3.92626728111,0.122117248062
34,68,2,3,0.221198156682,6.58241179568e-05
34,95,2,2,0.0737327188941,4.30663221361e-05
34,112,2,2,0.811059907834,0.000522317188984
34,113,2,2,0.036866359447,2.14334705075e-05
34,128,2,2,0.036866359447,2.14334705075e-05
34,133,2,2,0.036866359447,2.14334705075e-05
34,135,2,3,0.0737327188941,2.1533161068e-05
34,142,2,2,0.147465437788,8.69414014954e-05
34,158,2,2,0.0921658986175,5.39583872917e-05
34,171,2,2,1.8801843318,0.00142235609103
34,192,2,2,0.036866359447,2.14334705075e-05
34,233,2,3,5.52995391705,0.0051824212272
34,242,2,2,0.036866359447,2.14334705075e-05
34,244,2,3,3.90783410138,0.0485048573163
34,324,2,2,0.036866359447,2.14334705075e-05
34,374,2,3,1.8801843318,0.000711178045515
34,454,2,2,0.0921658986175,5.39583872917e-05
34,463,2,2,0.036866359447,2.14334705075e-05
34,489,2,2,0.129032258064,7.58955676988e-05
60,21,3,2,18.4331797235,0.0665887139745
60,22,3,3,1.43778801843,0.000219517961072
60,23,3,2,0.774193548387,0.000233082122601
60,29,3,2,0.221198156682,6.58241179568e-05
60,42,3,2,0.774193548387,0.000233082122601
60,53,3,2,7.81566820276,0.0981481481481
60,54,3,2,0.442396313364,0.00013226055329
60,56,3,2,0.221198156682,6.58241179568e-05
60,58,3,3,5.19815668203,0.000863367500643
60,60,3,3,23.5576036866,0.00685166520126
60,63,3,3,2.46082949309,0.000668611424239
60,64,3,2,0.442396313364,0.00013226055329
60,65,3,2,15.6313364055,0.197209302326
60,68,3,3,1.32718894009,0.000202151793536
60,95,3,2,0.442396313364,0.00013226055329
60,112,3,2,4.866359447,0.00160408312067
60,113,3,2,0.221198156682,6.58241179568e-05
60,128,3,2,0.221198156682,6.58241179568e-05
60,133,3,2,0.221198156682,6.58241179568e-05
60,135,3,3,0.442396313364,6.6130276645e-05
60,142,3,2,0.884792626728,0.000267004872839
60,158,3,2,0.552995391705,0.000165711066185
60,171,3,2,11.2811059908,0.00436818363501
60,192,3,2,0.221198156682,6.58241179568e-05
60,233,3,3,29.1797235023,0.0124481905588
60,242,3,2,3.81566820276,0.0233960856591
60,244,3,3,23.3548387097,0.135806963606
60,324,3,2,0.221198156682,6.58241179568e-05
60,374,3,3,10.7741935484,0.00583081139725
60,454,3,2,0.552995391705,0.000165711066185
60,463,3,2,0.221198156682,6.58241179568e-05
60,489,3,2,0.774193548387,0.000233082122601
62,21,2,2,3.99078341014,0.00135400998272
62,22,2,3,6.11059907834,0.002055903202
62,23,2,2,3.29032258065,0.00218293883491
62,29,2,2,0.940092165899,0.000616478096896
62,42,2,2,3.29032258065,0.00218293883491
62,53,2,2,0.940092165899,0.000616478096896
62,54,2,2,1.8801843318,0.00123869087376
62,56,2,2,0.940092165899,0.000616478096896
62,58,2,3,22.0921658986,0.00808589875929
62,60,2,3,104.820276498,0.0703661539604
62,63,2,3,9.40092165899,0.00321640746207
62,64,2,2,1.8801843318,0.00123869087376
62,65,2,2,1.8801843318,0.00123869087376
62,68,2,3,5.64055299539,0.00189325974781
62,95,2,2,1.8801843318,0.00123869087376
62,112,2,2,16.6820276498,0.0097739680753
62,113,2,2,0.940092165899,0.000616478096896
62,128,2,2,0.940092165899,0.000616478096896
62,133,2,2,0.940092165899,0.000616478096896
62,135,2,3,1.8801843318,0.000619345436881
62,142,2,2,3.76036866359,0.00250064354797
62,158,2,2,2.35023041475,0.00155197283135
62,171,2,2,47.9447004608,0.0409103778036
62,192,2,2,3.0599078341,0.00653120739641
62,233,2,3,130.202764977,0.117468527049
62,242,2,2,0.940092165899,0.000616478096896
62,244,2,3,3.29032258065,0.00109146941745
62,324,2,2,0.940092165899,0.000616478096896
62,374,2,3,47.9447004608,0.0204551889018
62,454,2,2,2.35023041475,0.00155197283135
62,463,2,2,0.940092165899,0.000616478096896
62,489,2,2,3.29032258065,0.00218293883491
105,21,2,2,57.0230414747,0.684815462934
105,22,2,3,38.0737327189,0.232590724991
105,23,2,2,1.22580645161,0.000750543156231
105,29,2,2,0.350230414747,0.000211958946899
105,42,2,2,1.22580645161,0.000750543156231
105,53,2,2,7.64976958525,0.1011208577
105,54,2,2,0.700460829493,0.000425889604931
105,56,2,2,0.350230414747,0.000211958946899
105,58,2,3,8.23041474654,0.00278011269886
105,60,2,3,37.2995391705,0.0220629122826
105,63,2,3,3.50230414747,0.00110587276643
105,64,2,2,0.700460829493,0.000425889604931
105,65,2,2,15.2995391705,0.203182374541
105,68,2,3,38.2488479263,0.25759691297
105,95,2,2,0.700460829493,0.000425889604931
105,112,2,2,7.70506912442,0.00516527649058
105,113,2,2,0.350230414747,0.000211958946899
105,128,2,2,0.350230414747,0.000211958946899
105,133,2,2,0.350230414747,0.000211958946899
105,135,2,3,0.700460829493,0.000212944802466
105,142,2,2,2.59907834101,0.0029593540954
105,158,2,2,0.875576036866,0.000533602943241
105,171,2,2,17.8617511521,0.0140659021629
105,192,2,2,0.350230414747,0.000211958946899
105,233,2,3,52.534562212,0.0512497752203
105,242,2,2,0.350230414747,0.000211958946899
105,244,2,3,22.7741935484,0.139364013431
105,324,2,2,0.350230414747,0.000211958946899
105,374,2,3,17.8617511521,0.00703295108143
105,454,2,2,0.875576036866,0.000533602943241
105,463,2,2,0.350230414747,0.000211958946899
105,489,2,2,2.77419354839,0.00384419472541
130,21,2,2,0.940092165899,0.000571505412492
130,22,2,3,0.718894009217,0.000216440606478
130,23,2,2,0.387096774194,0.00022981461621
130,29,2,2,0.110599078341,6.49013499481e-05
130,42,2,2,0.387096774194,0.00022981461621
130,53,2,2,0.110599078341,6.49013499481e-05
130,54,2,2,0.221198156682,0.000130406433384
130,56,2,2,0.110599078341,6.49013499481e-05
130,58,2,3,5.67741935484,0.00453202604909
130,60,2,3,3.77880184332,0.000710339297371
130,63,2,3,1.10599078341,0.00033861573886
130,64,2,2,0.221198156682,0.000130406433384
130,65,2,2,0.221198156682,0.000130406433384
130,68,2,3,0.663594470046,0.000199317889888
130,95,2,2,0.221198156682,0.000130406433384
130,112,2,2,5.5668202765,0.00827868911981
130,113,2,2,0.110599078341,6.49013499481e-05
130,128,2,2,0.110599078341,6.49013499481e-05
130,133,2,2,0.110599078341,6.49013499481e-05
130,135,2,3,0.221198156682,6.5203216692e-05
130,142,2,2,0.442396313364,0.000263261813874
130,158,2,2,0.276497695853,0.000163388013855
130,171,2,2,6.35944700461,0.00547475774456
130,192,2,2,0.110599078341,6.49013499481e-05
130,233,2,3,4.68202764977,0.00156803837255
130,242,2,2,0.110599078341,6.49013499481e-05
130,244,2,3,0.387096774194,0.000114907308105
130,324,2,2,0.110599078341,6.49013499481e-05
130,374,2,3,6.63594470046,0.00312170978935
130,454,2,2,3.72350230415,0.0296305978549
130,463,2,2,0.110599078341,6.49013499481e-05
130,489,2,2,0.387096774194,0.00022981461621
158,21,2,2,2.5069124424,0.00156047410875
158,22,2,3,1.91705069124,0.00059098296378
158,23,2,2,1.03225806452,0.000627500196094
158,29,2,2,0.294930875576,0.000177210703526
158,42,2,2,1.03225806452,0.000627500196094
158,53,2,2,0.294930875576,0.000177210703526
158,54,2,2,0.589861751152,0.000356069878714
158,56,2,2,0.294930875576,0.000177210703526
158,58,2,3,7.26267281106,0.0232508685385
158,60,2,3,31.4101382488,0.0184459503345
158,63,2,3,2.94930875576,0.000924577583616
158,64,2,2,0.589861751152,0.000356069878714
158,65,2,2,0.589861751152,0.000356069878714
158,68,2,3,3.70506912442,0.0143838295653
158,95,2,2,0.589861751152,0.000356069878714
158,112,2,2,6.48847926267,0.00431848852901
158,113,2,2,0.294930875576,0.000177210703526
158,128,2,2,0.294930875576,0.000177210703526
158,133,2,2,0.294930875576,0.000177210703526
158,135,2,3,0.589861751152,0.000178034939357
158,142,2,2,1.1797235023,0.000718826515713
158,158,2,2,0.73732718894,0.000446124848039
158,171,2,2,15.0414746544,0.0117599584943
158,192,2,2,0.294930875576,0.000177210703526
158,233,2,3,42.9124423963,0.0389466992338
158,242,2,2,0.294930875576,0.000177210703526
158,244,2,3,1.03225806452,0.000313750098047
158,324,2,2,0.294930875576,0.000177210703526
158,374,2,3,15.0414746544,0.00587997924713
158,454,2,2,0.73732718894,0.000446124848039
158,463,2,2,0.294930875576,0.000177210703526
158,489,2,2,1.03225806452,0.000627500196094
196,21,2,2,18.4331797235,0.133078886502
196,22,2,3,1.19815668203,0.000364137498319
196,23,2,2,0.645161290323,0.000386637797711
196,29,2,2,0.184331797235,0.000109189378057
196,42,2,2,0.645161290323,0.000386637797711
196,53,2,2,7.81566820276,0.196296296296
196,54,2,2,0.36866359447,0.000219394471259
196,56,2,2,0.184331797235,0.000109189378057
196,58,2,3,4.33179723502,0.00143215835405
196,60,2,3,15.6313364055,0.00720810676192
196,63,2,3,1.84331797235,0.000569683711603
196,64,2,2,0.36866359447,0.000219394471259
196,65,2,2,15.6313364055,0.394418604651
196,68,2,3,1.10599078341,0.000335330412233
196,95,2,2,0.36866359447,0.000219394471259
196,112,2,2,4.05529953917,0.00266086115143
196,113,2,2,0.184331797235,0.000109189378057
196,128,2,2,0.184331797235,0.000109189378057
196,133,2,2,0.184331797235,0.000109189378057
196,135,2,3,0.36866359447,0.00010969723563
196,142,2,2,0.73732718894,0.000442909026486
196,158,2,2,0.460829493088,0.000274882350354
196,171,2,2,9.40092165899,0.00724596499204
196,192,2,2,0.184331797235,0.000109189378057
196,233,2,3,23.6497695853,0.0194702375934
196,242,2,2,0.184331797235,0.000109189378057
196,244,2,3,23.3548387097,0.271611119703
196,324,2,2,0.184331797235,0.000109189378057
196,374,2,3,9.40092165899,0.00362298249602
196,454,2,2,0.460829493088,0.000274882350354
196,463,2,2,0.184331797235,0.000109189378057
196,489,2,2,0.645161290323,0.000386637797711
198,21,2,2,0.3133640553,0.00018873789857
198,22,2,3,0.239631336406,7.14788422627e-05
198,23,2,2,0.129032258064,7.58955676988e-05
198,29,2,2,0.036866359447,2.14334705075e-05
198,42,2,2,0.129032258064,7.58955676988e-05
198,53,2,2,0.036866359447,2.14334705075e-05
198,54,2,2,0.0737327188941,4.30663221361e-05
198,56,2,2,0.036866359447,2.14334705075e-05
198,58,2,3,7.22580645161,0.0216049382716
198,60,2,3,3.92626728111,0.00223102061337
198,63,2,3,0.36866359447,0.000111826802648
198,64,2,2,0.0737327188941,4.30663221361e-05
198,65,2,2,0.0737327188941,4.30663221361e-05
198,68,2,3,0.221198156682,6.58241179568e-05
198,95,2,2,0.0737327188941,4.30663221361e-05
198,112,2,2,0.811059907834,0.000522317188984
198,113,2,2,0.036866359447,2.14334705075e-05
198,128,2,2,0.036866359447,2.14334705075e-05
198,133,2,2,0.036866359447,2.14334705075e-05
198,135,2,3,7.96313364055,0.5
198,142,2,2,0.147465437788,8.69414014954e-05
198,158,2,2,0.0921658986175,5.39583872917e-05
198,171,2,2,6.1198156682,0.0150689905592
198,192,2,2,0.036866359447,2.14334705075e-05
198,233,2,3,5.52995391705,0.0051824212272
198,242,2,2,0.036866359447,2.14334705075e-05
198,244,2,3,0.129032258064,3.79477838494e-05
198,324,2,2,0.036866359447,2.14334705075e-05
198,374,2,3,6.21198156682,0.00804219167621
198,454,2,2,0.0921658986175,5.39583872917e-05
198,463,2,2,0.036866359447,2.14334705075e-05
198,489,2,2,0.129032258064,7.58955676988e-05
200,21,2,2,0.3133640553,0.00018873789857
200,22,2,3,0.239631336406,7.14788422627e-05
200,23,2,2,0.129032258064,7.58955676988e-05
200,29,2,2,0.036866359447,2.14334705075e-05
200,42,2,2,0.129032258064,7.58955676988e-05
200,53,2,2,0.036866359447,2.14334705075e-05
200,54,2,2,0.0737327188941,4.30663221361e-05
200,56,2,2,0.036866359447,2.14334705075e-05
200,58,2,3,0.866359447005,0.000281127380611
200,60,2,3,4.11059907834,0.00244646305073
200,63,2,3,0.36866359447,0.000111826802648
200,64,2,2,0.0737327188941,4.30663221361e-05
200,65,2,2,0.0737327188941,4.30663221361e-05
200,68,2,3,0.221198156682,6.58241179568e-05
200,95,2,2,0.0737327188941,4.30663221361e-05
200,112,2,2,0.811059907834,0.000522317188984
200,113,2,2,0.036866359447,2.14334705075e-05
200,128,2,2,0.036866359447,2.14334705075e-05
200,133,2,2,0.036866359447,2.14334705075e-05
200,135,2,3,0.0737327188941,2.1533161068e-05
200,142,2,2,0.147465437788,8.69414014954e-05
200,158,2,2,0.0921658986175,5.39583872917e-05
200,171,2,2,1.8801843318,0.00142235609103
200,192,2,2,0.036866359447,2.14334705075e-05
200,233,2,3,5.10599078341,0.00408410002359
200,242,2,2,0.036866359447,2.14334705075e-05
200,244,2,3,0.129032258064,3.79477838494e-05
200,324,2,2,0.036866359447,2.14334705075e-05
200,374,2,3,1.8801843318,0.000711178045515
200,454,2,2,0.0921658986175,5.39583872917e-05
200,463,2,2,0.036866359447,2.14334705075e-05
200,489,2,2,0.129032258064,7.58955676988e-05
210,21,2,2,15.2995391705,0.0320721873288
210,22,2,3,3.59447004608,0.00114649232144
210,23,2,2,1.93548387097,0.00121733484824
210,29,2,2,0.552995391705,0.000343784378438
210,42,2,2,1.93548387097,0.00121733484824
210,53,2,2,7.44700460829,0.0623456790123
210,54,2,2,1.10599078341,0.000690766751094
210,56,2,2,0.552995391705,0.000343784378438
210,58,2,3,12.9953917051,0.00450917184742
210,60,2,3,25.6589861751,0.00685430866434
210,63,2,3,5.52995391705,0.00179365762663
210,64,2,2,1.10599078341,0.000690766751094
210,65,2,2,14.8940092166,0.125271317829
210,68,2,3,3.31797235023,0.00105579278307
210,95,2,2,1.10599078341,0.000690766751094
210,112,2,2,71.8341013825,0.292079381015
210,113,2,2,0.552995391705,0.000343784378438
210,128,2,2,0.552995391705,0.000343784378438
210,133,2,2,0.552995391705,0.000343784378438
210,135,2,3,1.10599078341,0.000345383375547
210,142,2,2,1.78801843318,0.000911173863865
210,158,2,2,1.38248847926,0.000865471162501
210,171,2,2,28.202764977,0.0228140283908
210,192,2,2,0.552995391705,0.000343784378438
210,233,2,3,40.5898617512,0.0239856991451
210,242,2,2,0.552995391705,0.000343784378438
210,244,2,3,22.064516129,0.0854968078775
210,324,2,2,0.552995391705,0.000343784378438
210,374,2,3,28.202764977,0.0114070141954
210,454,2,2,1.38248847926,0.000865471162501
210,463,2,2,3.44700460829,0.0133575510329
210,489,2,2,1.93548387097,0.00121733484824
214,21,2,2,0.3133640553,0.00018873789857
214,22,2,3,0.239631336406,7.14788422627e-05
214,23,2,2,0.129032258064,7.58955676988e-05
214,29,2,2,0.036866359447,2.14334705075e-05
214,42,2,2,0.129032258064,7.58955676988e-05
214,53,2,2,0.036866359447,2.14334705075e-05
214,54,2,2,0.0737327188941,4.30663221361e-05
214,56,2,2,0.036866359447,2.14334705075e-05
214,58,2,3,0.866359447005,0.000281127380611
214,60,2,3,4.11059907834,0.00244646305073
214,63,2,3,0.36866359447,0.000111826802648
214,64,2,2,0.0737327188941,4.30663221361e-05
214,65,2,2,0.0737327188941,4.30663221361e-05
214,68,2,3,0.221198156682,6.58241179568e-05
214,95,2,2,0.0737327188941,4.30663221361e-05
214,112,2,2,0.811059907834,0.000522317188984
214,113,2,2,0.036866359447,2.14334705075e-05
214,128,2,2,0.036866359447,2.14334705075e-05
214,133,2,2,0.036866359447,2.14334705075e-05
214,135,2,3,0.0737327188941,2.1533161068e-05
214,142,2,2,0.147465437788,8.69414014954e-05
214,158,2,2,0.0921658986175,5.39583872917e-05
214,171,2,2,1.8801843318,0.00142235609103
214,192,2,2,0.036866359447,2.14334705075e-05
214,233,2,3,5.36405529954,0.00471056721057
214,242,2,2,0.036866359447,2.14334705075e-05
214,244,2,3,0.129032258064,3.79477838494e-05
214,324,2,2,0.036866359447,2.14334705075e-05
214,374,2,3,1.8801843318,0.000711178045515
214,454,2,2,0.0921658986175,5.39583872917e-05
214,463,2,2,0.036866359447,2.14334705075e-05
214,489,2,2,0.129032258064,7.58955676988e-05
235,21,2,2,2.97695852535,0.00186645864032
235,22,2,3,2.07373271889,0.000790063160962
235,23,2,2,1.22580645161,0.000750543156231
235,29,2,2,0.350230414747,0.000211958946899
235,42,2,2,2.77419354839,0.00384419472541
235,53,2,2,0.350230414747,0.000211958946899
235,54,2,2,0.700460829493,0.000425889604931
235,56,2,2,0.350230414747,0.000211958946899
235,58,2,3,8.23041474654,0.00278011269886
235,60,2,3,37.2995391705,0.0220629122826
235,63,2,3,3.50230414747,0.00110587276643
235,64,2,2,0.700460829493,0.000425889604931
235,65,2,2,0.700460829493,0.000425889604931
235,68,2,3,3.64976958525,0.0119983050185
235,95,2,2,3.29953917051,0.00945008921856
235,112,2,2,7.70506912442,0.00516527649058
235,113,2,2,0.350230414747,0.000211958946899
235,128,2,2,0.350230414747,0.000211958946899
235,133,2,2,0.350230414747,0.000211958946899
235,135,2,3,0.700460829493,0.000212944802466
235,142,2,2,1.40092165899,0.000859777136716
235,158,2,2,19.1244239631,0.254569991412
235,171,2,2,17.8617511521,0.0140659021629
235,192,2,2,0.350230414747,0.000211958946899
235,233,2,3,50.9585253456,0.046583536945
235,242,2,2,0.350230414747,0.000211958946899
235,244,2,3,1.22580645161,0.000375271578116
235,324,2,2,0.350230414747,0.000211958946899
235,374,2,3,13.8617511521,0.00424961290291
235,454,2,2,3.12442396313,0.00679470181055
235,463,2,2,0.350230414747,0.000211958946899
235,489,2,2,1.22580645161,0.000750543156231
236,21,2,2,0.3133640553,0.00018873789857
236,22,2,3,0.239631336406,7.14788422627e-05
236,23,2,2,0.129032258064,7.58955676988e-05
236,29,2,2,0.036866359447,2.14334705075e-05
236,42,2,2,0.129032258064,7.58955676988e-05
236,53,2,2,0.036866359447,2.14334705075e-05
236,54,2,2,0.0737327188941,4.30663221361e-05
236,56,2,2,0.036866359447,2.14334705075e-05
236,58,2,3,0.866359447005,0.000281127380611
236,60,2,3,3.92626728111,0.00223102061337
236,63,2,3,3.6866359447,0.0130658107312
236,64,2,2,0.0737327188941,4.30663221361e-05
236,65,2,2,0.0737327188941,4.30663221361e-05
236,68,2,3,0.221198156682,6.58241179568e-05
236,95,2,2,0.0737327188941,4.30663221361e-05
236,112,2,2,0.811059907834,0.000522317188984
236,113,2,2,0.036866359447,2.14334705075e-05
236,128,2,2,0.036866359447,2.14334705075e-05
236,133,2,2,0.036866359447,2.14334705075e-05
236,135,2,3,0.0737327188941,2.1533161068e-05
236,142,2,2,0.147465437788,8.69414014954e-05
236,158,2,2,0.0921658986175,5.39583872917e-05
236,171,2,2,2.1198156682,0.00180802184774
236,192,2,2,0.036866359447,2.14334705075e-05
236,233,2,3,5.52995391705,0.0051824212272
236,242,2,2,0.036866359447,2.14334705075e-05
236,244,2,3,3.96313364055,0.123852079539
236,324,2,2,0.036866359447,2.14334705075e-05
236,374,2,3,1.8801843318,0.000711178045515
236,454,2,2,0.0921658986175,5.39583872917e-05
236,463,2,2,0.036866359447,2.14334705075e-05
236,489,2,2,0.129032258064,7.58955676988e-05
248,21,2,2,0.3133640553,0.00018873789857
248,22,2,3,0.239631336406,7.14788422627e-05
248,23,2,2,0.129032258064,7.58955676988e-05
248,29,2,2,0.036866359447,2.14334705075e-05
248,42,2,2,0.129032258064,7.58955676988e-05
248,53,2,2,0.036866359447,2.14334705075e-05
248,54,2,2,0.0737327188941,4.30663221361e-05
248,56,2,2,0.036866359447,2.14334705075e-05
248,58,2,3,0.866359447005,0.000281127380611
248,60,2,3,0.110599078341,1.19635086181e-05
248,63,2,3,0.36866359447,0.000111826802648
248,64,2,2,0.0737327188941,4.30663221361e-05
248,65,2,2,0.0737327188941,4.30663221361e-05
248,68,2,3,0.221198156682,6.58241179568e-05
248,95,2,2,0.0737327188941,4.30663221361e-05
248,112,2,2,3.18894009217,0.00807460286627
248,113,2,2,0.036866359447,2.14334705075e-05
248,128,2,2,0.036866359447,2.14334705075e-05
248,133,2,2,0.036866359447,2.14334705075e-05
248,135,2,3,0.0737327188941,2.1533161068e-05
248,142,2,2,0.147465437788,8.69414014954e-05
248,158,2,2,0.0921658986175,5.39583872917e-05
248,171,2,2,2.1198156682,0.00180802184774
248,192,2,2,0.036866359447,2.14334705075e-05
248,233,2,3,2.63594470046,0.00115922290529
248,242,2,2,0.036866359447,2.14334705075e-05
248,244,2,3,0.129032258064,3.79477838494e-05
248,324,2,2,0.036866359447,2.14334705075e-05
248,374,2,3,2.21198156682,0.00103093502302
248,454,2,2,0.0921658986175,5.39583872917e-05
248,463,2,2,0.036866359447,2.14334705075e-05
248,489,2,2,0.129032258064,7.58955676988e-05
252,21,2,2,33.1059907834,0.106064584778
252,22,2,3,35.5391705069,0.0932736161844
252,23,2,2,2.83870967742,0.00184951660361
252,29,2,2,0.811059907834,0.000522317188984
252,42,2,2,1.16129032258,0.000309526539035
252,53,2,2,0.811059907834,0.000522317188984
252,54,2,2,1.62211981567,0.00104949314252
252,56,2,2,0.811059907834,0.000522317188984
252,58,2,3,19.0599078341,0.00685085801365
252,60,2,3,86.3778801843,0.0543682561782
252,63,2,3,1.21658986175,0.000446825127132
252,64,2,2,1.62211981567,0.00104949314252
252,65,2,2,1.62211981567,0.00104949314252
252,68,2,3,35.9447004608,0.104687413692
252,95,2,2,1.62211981567,0.00104949314252
252,112,2,2,17.8433179724,0.0127284681131
252,113,2,2,0.811059907834,0.000522317188984
252,128,2,2,0.811059907834,0.000522317188984
252,133,2,2,7.18894009217,0.0410353535354
252,135,2,3,1.62211981567,0.000524746571258
252,142,2,2,0.755760368664,0.000114976963569
252,158,2,2,2.02764976959,0.00131492439185
252,171,2,2,5.36405529954,0.000582895134631
252,192,2,2,0.811059907834,0.000522317188984
252,233,2,3,63.668202765,0.0402148872246
252,242,2,2,0.811059907834,0.000522317188984
252,244,2,3,2.83870967742,0.000924758301807
252,324,2,2,0.811059907834,0.000522317188984
252,374,2,3,25.3640552995,0.00661870320298
252,454,2,2,2.02764976959,0.00131492439185
252,463,2,2,0.811059907834,0.000522317188984
252,489,2,2,1.16129032258,0.000309526539035
256,21,2,2,0.626728110599,0.000379231498522
256,22,2,3,0.479262672811,0.000143622603988
256,23,2,2,0.258064516129,0.000152497140679
256,29,2,2,0.0737327188941,4.30663221361e-05
256,42,2,2,0.258064516129,0.000152497140679
256,53,2,2,0.0737327188941,4.30663221361e-05
256,54,2,2,0.147465437788,8.65332612223e-05
256,56,2,2,0.0737327188941,4.30663221361e-05
256,58,2,3,1.73271889401,0.000564869899645
256,60,2,3,7.85253456221,0.00448279490687
256,63,2,3,0.73732718894,0.000224693854623
256,64,2,2,0.147465437788,8.65332612223e-05
256,65,2,2,0.147465437788,8.65332612223e-05
256,68,2,3,0.442396313364,0.00013226055329
256,95,2,2,0.147465437788,8.65332612223e-05
256,112,2,2,1.62211981567,0.00104949314252
256,113,2,2,0.0737327188941,4.30663221361e-05
256,128,2,2,0.0737327188941,4.30663221361e-05
256,133,2,2,0.0737327188941,4.30663221361e-05
256,135,2,3,3.92626728111,0.0610708491076
256,142,2,2,0.294930875576,0.000174691560214
256,158,2,2,0.184331797235,0.00010841871307
256,171,2,2,8.23963133641,0.0137217131179
256,192,2,2,0.0737327188941,4.30663221361e-05
256,233,2,3,7.0599078341,0.00470471475765
256,242,2,2,0.0737327188941,4.30663221361e-05
256,244,2,3,0.258064516129,7.62485703393e-05
256,324,2,2,0.0737327188941,4.30663221361e-05
256,374,2,3,8.42396313364,0.00743467155604
256,454,2,2,0.184331797235,0.00010841871307
256,463,2,2,0.0737327188941,4.30663221361e-05
256,489,2,2,0.258064516129,0.000152497140679
258,21,5,2,32.1935483871,0.00918494413394
258,22,5,3,27.6774193548,0.00439225161766
258,23,5,2,2.90322580645,0.000372053852632
258,29,5,2,4.25806451613,0.00131704980843
258,42,5,2,15.6774193548,0.113670239153
258,53,5,2,4.25806451613,0.00131704980843
258,54,5,2,8.51612903226,0.00264635124298
258,56,5,2,4.25806451613,0.00131704980843
258,58,5,3,88.0138248848,0.026682859725
258,60,5,3,71.8986175115,0.00900267142949
258,63,5,3,38.8064516129,0.050793055853
258,64,5,2,1.03225806452,0.000160384923817
258,65,5,2,8.51612903226,0.00264635124298
258,68,5,3,25.5483870968,0.00404477855859
258,95,5,2,4.51612903226,0.000781876503609
258,112,5,2,89.6774193548,0.0294168475203
258,113,5,2,4.25806451613,0.00131704980843
258,128,5,2,4.25806451613,0.00131704980843
258,133,5,2,4.25806451613,0.00131704980843
258,135,5,3,4.64516129032,0.000698820025203
258,142,5,2,17.0322580645,0.00534239922292
258,158,5,2,10.6451612903,0.00331564986737
258,171,5,2,177.161290323,0.0587011331329
258,192,5,2,0.516129032258,7.98212005109e-05
258,233,5,3,265.755760369,0.0581046103946
258,242,5,2,7.74193548387,0.0347222222222
258,244,5,3,14.9032258065,0.00233182589033
258,324,5,2,7.90783410138,0.0993055555556
258,374,5,3,182.930875576,0.0404494622643
258,454,5,2,10.0,0.00468611847922
258,463,5,2,4.0,0.00843111430396
258,489,5,2,2.90322580645,0.000372053852632
263,21,2,2,0.3133640553,0.00018873789857
263,22,2,3,0.239631336406,7.14788422627e-05
263,23,2,2,0.129032258064,7.58955676988e-05
263,29,2,2,0.036866359447,2.14334705075e-05
263,42,2,2,0.129032258064,7.58955676988e-05
263,53,2,2,0.036866359447,2.14334705075e-05
263,54,2,2,0.0737327188941,4.30663221361e-05
263,56,2,2,0.036866359447,2.14334705075e-05
263,58,2,3,3.22580645161,0.00431410900565
263,60,2,3,0.110599078341,1.19635086181e-05
263,63,2,3,0.36866359447,0.000111826802648
263,64,2,2,0.0737327188941,4.30663221361e-05
263,65,2,2,0.0737327188941,4.30663221361e-05
263,68,2,3,0.221198156682,6.58241179568e-05
263,95,2,2,0.0737327188941,4.30663221361e-05
263,112,2,2,0.811059907834,0.000522317188984
263,113,2,2,0.036866359447,2.14334705075e-05
263,128,2,2,0.036866359447,2.14334705075e-05
263,133,2,2,0.036866359447,2.14334705075e-05
263,135,2,3,0.0737327188941,2.1533161068e-05
263,142,2,2,0.147465437788,8.69414014954e-05
263,158,2,2,0.0921658986175,5.39583872917e-05
263,171,2,2,2.1198156682,0.00180802184774
263,192,2,2,0.036866359447,2.14334705075e-05
263,233,2,3,2.63594470046,0.00115922290529
263,242,2,2,0.036866359447,2.14334705075e-05
263,244,2,3,0.129032258064,3.79477838494e-05
263,324,2,2,0.036866359447,2.14334705075e-05
263,374,2,3,2.21198156682,0.00103093502302
263,454,2,2,0.0921658986175,5.39583872917e-05
263,463,2,2,0.036866359447,2.14334705075e-05
263,489,2,2,0.129032258064,7.58955676988e-05
272,21,2,2,0.3133640553,0.00018873789857
272,22,2,3,0.239631336406,7.14788422627e-05
272,23,2,2,0.129032258064,7.58955676988e-05
272,29,2,2,0.036866359447,2.14334705075e-05
272,42,2,2,0.129032258064,7.58955676988e-05
272,53,2,2,0.036866359447,2.14334705075e-05
272,54,2,2,0.0737327188941,4.30663221361e-05
272,56,2,2,0.036866359447,2.14334705075e-05
272,58,2,3,0.866359447005,0.000281127380611
272,60,2,3,4.11059907834,0.00244646305073
272,63,2,3,0.36866359447,0.000111826802648
272,64,2,2,0.0737327188941,4.30663221361e-05
272,65,2,2,0.0737327188941,4.30663221361e-05
272,68,2,3,0.221198156682,6.58241179568e-05
272,95,2,2,0.0737327188941,4.30663221361e-05
272,112,2,2,0.811059907834,0.000522317188984
272,113,2,2,0.036866359447,2.14334705075e-05
272,128,2,2,0.036866359447,2.14334705075e-05
272,133,2,2,0.036866359447,2.14334705075e-05
272,135,2,3,0.0737327188941,2.1533161068e-05
272,142,2,2,0.147465437788,8.69414014954e-05
272,158,2,2,0.0921658986175,5.39583872917e-05
272,171,2,2,1.8801843318,0.00142235609103
272,192,2,2,0.036866359447,2.14334705075e-05
272,233,2,3,5.10599078341,0.00408410002359
272,242,2,2,0.036866359447,2.14334705075e-05
272,244,2,3,0.129032258064,3.79477838494e-05
272,324,2,2,0.036866359447,2.14334705075e-05
272,374,2,3,1.8801843318,0.000711178045515
272,454,2,2,0.0921658986175,5.39583872917e-05
272,463,2,2,0.036866359447,2.14334705075e-05
272,489,2,2,0.129032258064,7.58955676988e-05
294,21,2,2,1.72350230415,0.00106014479197
294,22,2,3,1.31797235023,0.000401498177816
294,23,2,2,3.29032258065,0.00916383929987
294,29,2,2,0.202764976959,0.000120392259872
294,42,2,2,0.709677419355,0.000426307018564
294,53,2,2,0.202764976959,0.000120392259872
294,54,2,2,0.405529953917,0.000241904447743
294,56,2,2,0.202764976959,0.000120392259872
294,58,2,3,4.76497695853,0.00157909847832
294,60,2,3,22.6082949309,0.0137418350083
294,63,2,3,2.02764976959,0.000628133529768
294,64,2,2,0.405529953917,0.000241904447743
294,65,2,2,0.405529953917,0.000241904447743
294,68,2,3,1.21658986175,0.000369735471077
294,95,2,2,0.405529953917,0.000241904447743
294,112,2,2,4.46082949309,0.00293386676365
294,113,2,2,0.202764976959,0.000120392259872
294,128,2,2,0.202764976959,0.000120392259872
294,133,2,2,0.202764976959,0.000120392259872
294,135,2,3,0.405529953917,0.000120952223872
294,142,2,2,23.1889400922,0.399198255656
294,158,2,2,0.506912442396,0.000303085409468
294,171,2,2,10.3410138249,0.00798940442622
294,192,2,2,0.202764976959,0.000120392259872
294,233,2,3,29.5023041475,0.0264593562466
294,242,2,2,0.202764976959,0.000120392259872
294,244,2,3,0.709677419355,0.000213153509282
294,324,2,2,0.202764976959,0.000120392259872
294,374,2,3,10.3410138249,0.00399470221311
294,454,2,2,0.506912442396,0.000303085409468
294,463,2,2,0.202764976959,0.000120392259872
294,489,2,2,0.709677419355,0.000426307018564
298,21,2,2,38.202764977,0.164995409934
298,22,2,3,36.2488479263,0.113280864398
298,23,2,2,2.38709677419,0.00152785233514
298,29,2,2,0.68202764977,0.000431476816867
298,42,2,2,2.38709677419,0.00152785233514
298,53,2,2,0.68202764977,0.000431476816867
298,54,2,2,1.36405529954,0.000866967371566
298,56,2,2,0.68202764977,0.000431476816867
298,58,2,3,1.70506912442,0.000598718336402
298,60,2,3,72.6359447005,0.0449126366299
298,63,2,3,2.8202764977,0.000515287201882
298,64,2,2,1.36405529954,0.000866967371566
298,65,2,2,2.63594470046,0.00323751201263
298,68,2,3,36.5898617512,0.126650209607
298,95,2,2,1.36405529954,0.000866967371566
298,112,2,2,15.0046082949,0.0105147581218
298,113,2,2,0.68202764977,0.000431476816867
298,128,2,2,0.68202764977,0.000431476816867
298,133,2,2,7.31797235023,0.0496746746747
298,135,2,3,1.36405529954,0.000433483685783
298,142,2,2,1.27188940092,0.000380422640684
298,158,2,2,1.70506912442,0.00108623534316
298,171,2,2,17.2165898618,0.00701492864009
298,192,2,2,0.68202764977,0.000431476816867
298,233,2,3,58.3041474654,0.0404269727365
298,242,2,2,0.68202764977,0.000431476816867
298,244,2,3,5.61290322581,0.00612301610774
298,324,2,2,0.68202764977,0.000431476816867
298,374,2,3,2.92165898618,0.000622228913253
298,454,2,2,10.2949308756,0.0395992370803
298,463,2,2,0.68202764977,0.000431476816867
298,489,2,2,1.61290322581,0.000697522066808
307,21,3,2,0.626728110599,0.000189615749261
307,22,3,3,0.479262672811,7.18113019941e-05
307,23,3,2,0.258064516129,7.62485703393e-05
307,29,3,2,0.0737327188941,2.1533161068e-05
307,42,3,2,0.258064516129,7.62485703393e-05
307,53,3,2,0.0737327188941,2.1533161068e-05
307,54,3,2,0.147465437788,4.32666306111e-05
307,56,3,2,0.0737327188941,2.1533161068e-05
307,58,3,3,1.73271889401,0.000282434949823
307,60,3,3,4.22119815668,0.00122954437436
307,63,3,3,0.73732718894,0.000112346927312
307,64,3,2,0.147465437788,4.32666306111e-05
307,65,3,2,0.147465437788,4.32666306111e-05
307,68,3,3,0.442396313364,6.6130276645e-05
307,95,3,2,0.147465437788,4.32666306111e-05
307,112,3,2,1.62211981567,0.000524746571258
307,113,3,2,0.0737327188941,2.1533161068e-05
307,128,3,2,0.0737327188941,2.1533161068e-05
307,133,3,2,0.0737327188941,2.1533161068e-05
307,135,3,3,0.147465437788,2.16333153056e-05
307,142,3,2,0.294930875576,8.7345780107e-05
307,158,3,2,0.184331797235,5.42093565349e-05
307,171,3,2,3.76036866359,0.00142897170076
307,192,3,2,0.0737327188941,2.1533161068e-05
307,233,3,3,6.89400921659,0.00256683029606
307,242,3,2,0.0737327188941,2.1533161068e-05
307,244,3,3,0.258064516129,3.81242851697e-05
307,324,3,2,0.0737327188941,2.1533161068e-05
307,374,3,3,3.76036866359,0.000714485850378
307,454,3,2,0.184331797235,5.42093565349e-05
307,463,3,2,0.0737327188941,2.1533161068e-05
307,489,3,2,0.258064516129,7.62485703393e-05
313,21,2,2,0.470046082949,0.000283763708291
313,22,2,3,0.359447004608,0.000107467029666
313,23,2,2,0.193548387097,0.000114107489255
313,29,2,2,0.0552995391705,3.22248002062e-05
313,42,2,2,0.193548387097,0.000114107489255
313,53,2,2,7.94470046083,0.66512345679
313,54,2,2,0.110599078341,6.47493659958e-05
313,56,2,2,0.0552995391705,3.22248002062e-05
313,58,2,3,1.29953917051,0.000422669472473
313,60,2,3,5.88940092166,0.00335429549296
313,63,2,3,0.552995391705,0.00016812939238
313,64,2,2,0.110599078341,6.47493659958e-05
313,65,2,2,0.110599078341,6.47493659958e-05
313,68,2,3,0.331797235023,9.89652631926e-05
313,95,2,2,0.110599078341,6.47493659958e-05
313,112,2,2,1.21658986175,0.000785293592718
313,113,2,2,0.0552995391705,3.22248002062e-05
313,128,2,2,0.0552995391705,3.22248002062e-05
313,133,2,2,0.0552995391705,3.22248002062e-05
313,135,2,3,0.110599078341,3.23746829979e-05
313,142,2,2,0.221198156682,0.000130714682527
313,158,2,2,0.138248847926,8.11253711486e-05
313,171,2,2,1.1797235023,0.000374182230035
313,192,2,2,0.0552995391705,3.22248002062e-05
313,233,2,3,8.29493087558,0.00779166810957
313,242,2,2,0.0552995391705,3.22248002062e-05
313,244,2,3,0.193548387097,5.70537446274e-05
313,324,2,2,0.0552995391705,3.22248002062e-05
313,374,2,3,1.31797235023,0.0002719035061
313,454,2,2,0.138248847926,8.11253711486e-05
313,463,2,2,0.0552995391705,3.22248002062e-05
313,489,2,2,0.193548387097,0.000114107489255
323,21,2,2,0.3133640553,0.00018873789857
323,22,2,3,7.96313364055,0.5
323,23,2,2,0.129032258064,7.58955676988e-05
323,29,2,2,0.036866359447,2.14334705075e-05
323,42,2,2,0.129032258064,7.58955676988e-05
323,53,2,2,0.036866359447,2.14334705075e-05
323,54,2,2,0.0737327188941,4.30663221361e-05
323,56,2,2,0.036866359447,2.14334705075e-05
323,58,2,3,7.90783410138,0.198611111111
323,60,2,3,3.92626728111,0.00223102061337
323,63,2,3,0.36866359447,0.000111826802648
323,64,2,2,7.92626728111,0.497685185185
323,65,2,2,0.0737327188941,4.30663221361e-05
323,68,2,3,0.221198156682,6.58241179568e-05
323,95,2,2,0.0737327188941,4.30663221361e-05
323,112,2,2,0.811059907834,0.000522317188984
323,113,2,2,0.036866359447,2.14334705075e-05
323,128,2,2,0.036866359447,2.14334705075e-05
323,133,2,2,0.036866359447,2.14334705075e-05
323,135,2,3,0.0737327188941,2.1533161068e-05
323,142,2,2,0.147465437788,8.69414014954e-05
323,158,2,2,0.0921658986175,5.39583872917e-05
323,171,2,2,1.8801843318,0.00142235609103
323,192,2,2,0.036866359447,2.14334705075e-05
323,233,2,3,5.36405529954,0.00471056721057
323,242,2,2,0.036866359447,2.14334705075e-05
323,244,2,3,0.129032258064,3.79477838494e-05
323,324,2,2,0.036866359447,2.14334705075e-05
323,374,2,3,1.8801843318,0.000711178045515
323,454,2,2,0.0921658986175,5.39583872917e-05
323,463,2,2,0.036866359447,2.14334705075e-05
323,489,2,2,0.129032258064,7.58955676988e-05
387,21,2,2,18.5898617512,0.150035966613
387,22,2,3,1.07834101382,0.000326952633785
387,23,2,2,0.58064516129,0.000347155255545
387,29,2,2,0.165898617512,9.80392156863e-05
387,42,2,2,0.58064516129,0.000347155255545
387,53,2,2,7.83410138249,0.218621399177
387,54,2,2,0.331797235023,0.000196990424077
387,56,2,2,0.165898617512,9.80392156863e-05
387,58,2,3,3.89861751152,0.00128590971272
387,60,2,3,17.668202765,0.0102049507586
387,63,2,3,1.65898617512,0.000511508951407
387,64,2,2,0.331797235023,0.000196990424077
387,65,2,2,15.668202765,0.439276485788
387,68,2,3,0.995391705069,0.000301087259548
387,95,2,2,0.331797235023,0.000196990424077
387,112,2,2,3.64976958525,0.00238914027149
387,113,2,2,0.165898617512,9.80392156863e-05
387,128,2,2,0.165898617512,9.80392156863e-05
387,133,2,2,0.165898617512,9.80392156863e-05
387,135,2,3,0.331797235023,9.84952120383e-05
387,142,2,2,0.663594470046,0.00039768019884
387,158,2,2,0.414746543779,0.000246812011518
387,171,2,2,8.46082949309,0.00650602409639
387,192,2,2,0.165898617512,9.80392156863e-05
387,233,2,3,24.8847926267,0.0237050043898
387,242,2,2,0.165898617512,9.80392156863e-05
387,244,2,3,23.4193548387,0.302633665488
387,324,2,2,0.165898617512,9.80392156863e-05
387,374,2,3,8.46082949309,0.00325301204819
387,454,2,2,0.414746543779,0.000246812011518
387,463,2,2,0.165898617512,9.80392156863e-05
387,489,2,2,0.58064516129,0.000347155255545
395,21,2,2,0.470046082949,0.000283763708291
395,22,2,3,0.359447004608,0.000107467029666
395,23,2,2,0.193548387097,0.000114107489255
395,29,2,2,0.0552995391705,3.22248002062e-05
395,42,2,2,0.193548387097,0.000114107489255
395,53,2,2,0.0552995391705,3.22248002062e-05
395,54,2,2,0.110599078341,6.47493659958e-05
395,56,2,2,0.0552995391705,3.22248002062e-05
395,58,2,3,1.29953917051,0.000422669472473
395,60,2,3,1.88940092166,0.000352697470156
395,63,2,3,0.552995391705,0.00016812939238
395,64,2,2,0.110599078341,6.47493659958e-05
395,65,2,2,0.110599078341,6.47493659958e-05
395,68,2,3,0.331797235023,9.89652631926e-05
395,95,2,2,0.110599078341,6.47493659958e-05
395,112,2,2,1.21658986175,0.000785293592718
395,113,2,2,0.0552995391705,3.22248002062e-05
395,128,2,2,0.0552995391705,3.22248002062e-05
395,133,2,2,3.94470046083,0.163974105583
395,135,2,3,0.110599078341,3.23746829979e-05
395,142,2,2,0.221198156682,0.000130714682527
395,158,2,2,0.138248847926,8.11253711486e-05
395,171,2,2,2.8202764977,0.00213848433176
395,192,2,2,0.0552995391705,3.22248002062e-05
395,233,2,3,4.04608294931,0.00228313663962
395,242,2,2,0.0552995391705,3.22248002062e-05
395,244,2,3,0.193548387097,5.70537446274e-05
395,324,2,2,0.0552995391705,3.22248002062e-05
395,374,2,3,2.8202764977,0.00106924216588
395,454,2,2,0.138248847926,8.11253711486e-05
395,463,2,2,0.0552995391705,3.22248002062e-05
395,489,2,2,0.193548387097,0.000114107489255
399,21,2,2,3.3732718894,0.0109862315346
399,22,2,3,0.479262672811,0.000143622603988
399,23,2,2,0.258064516129,0.000152497140679
399,29,2,2,0.0737327188941,4.30663221361e-05
399,42,2,2,0.258064516129,0.000152497140679
399,53,2,2,0.0737327188941,4.30663221361e-05
399,54,2,2,0.147465437788,8.65332612223e-05
399,56,2,2,0.0737327188941,4.30663221361e-05
399,58,2,3,2.45161290323,0.00128673156661
399,60,2,3,3.85253456221,0.00108461633218
399,63,2,3,0.73732718894,0.000224693854623
399,64,2,2,3.85253456221,0.0590603028664
399,65,2,2,3.85253456221,0.0590603028664
399,68,2,3,0.442396313364,0.00013226055329
399,95,2,2,0.147465437788,8.65332612223e-05
399,112,2,2,1.62211981567,0.00104949314252
399,113,2,2,0.0737327188941,4.30663221361e-05
399,128,2,2,0.0737327188941,4.30663221361e-05
399,133,2,2,0.0737327188941,4.30663221361e-05
399,135,2,3,0.147465437788,4.32666306111e-05
399,142,2,2,0.294930875576,0.000174691560214
399,158,2,2,0.184331797235,0.00010841871307
399,171,2,2,0.239631336406,1.16059312489e-05
399,192,2,2,0.0737327188941,4.30663221361e-05
399,233,2,3,7.0599078341,0.00462604213417
399,242,2,2,0.0737327188941,4.30663221361e-05
399,244,2,3,3.81566820276,0.0232405642394
399,324,2,2,0.0737327188941,4.30663221361e-05
399,374,2,3,0.423963133641,6.95601875255e-05
399,454,2,2,0.184331797235,0.00010841871307
399,463,2,2,0.0737327188941,4.30663221361e-05
399,489,2,2,0.258064516129,0.000152497140679
412,21,2,2,0.3133640553,0.00018873789857
412,22,2,3,0.239631336406,7.14788422627e-05
412,23,2,2,0.129032258064,7.58955676988e-05
412,29,2,2,0.036866359447,2.14334705075e-05
412,42,2,2,0.129032258064,7.58955676988e-05
412,53,2,2,0.036866359447,2.14334705075e-05
412,54,2,2,0.0737327188941,4.30663221361e-05
412,56,2,2,0.036866359447,2.14334705075e-05
412,58,2,3,0.866359447005,0.000281127380611
412,60,2,3,3.92626728111,0.00223102061337
412,63,2,3,0.36866359447,0.000111826802648
412,64,2,2,0.0737327188941,4.30663221361e-05
412,65,2,2,0.0737327188941,4.30663221361e-05
412,68,2,3,0.221198156682,6.58241179568e-05
412,95,2,2,0.0737327188941,4.30663221361e-05
412,112,2,2,0.811059907834,0.000522317188984
412,113,2,2,0.036866359447,2.14334705075e-05
412,128,2,2,0.036866359447,2.14334705075e-05
412,133,2,2,0.036866359447,2.14334705075e-05
412,135,2,3,0.0737327188941,2.1533161068e-05
412,142,2,2,0.147465437788,8.69414014954e-05
412,158,2,2,0.0921658986175,5.39583872917e-05
412,171,2,2,1.8801843318,0.00142235609103
412,192,2,2,0.036866359447,2.14334705075e-05
412,233,2,3,2.89400921659,0.00131583970203
412,242,2,2,0.036866359447,2.14334705075e-05
412,244,2,3,0.129032258064,3.79477838494e-05
412,324,2,2,0.036866359447,2.14334705075e-05
412,374,2,3,1.8801843318,0.000711178045515
412,454,2,2,0.0921658986175,5.39583872917e-05
412,463,2,2,0.036866359447,2.14334705075e-05
412,489,2,2,0.129032258064,7.58955676988e-05
415,21,2,2,0.470046082949,0.000283763708291
415,22,2,3,0.359447004608,0.000107467029666
415,23,2,2,0.193548387097,0.000114107489255
415,29,2,2,0.0552995391705,3.22248002062e-05
415,42,2,2,0.193548387097,0.000114107489255
415,53,2,2,0.0552995391705,3.22248002062e-05
415,54,2,2,0.110599078341,6.47493659958e-05
415,56,2,2,0.0552995391705,3.22248002062e-05
415,58,2,3,7.86175115207,0.131214790034
415,60,2,3,1.88940092166,0.000352697470156
415,63,2,3,0.552995391705,0.00016812939238
415,64,2,2,0.110599078341,6.47493659958e-05
415,65,2,2,0.110599078341,6.47493659958e-05
415,68,2,3,3.94470046083,0.0820238762861
415,95,2,2,0.110599078341,6.47493659958e-05
415,112,2,2,1.21658986175,0.000785293592718
415,113,2,2,0.0552995391705,3.22248002062e-05
415,128,2,2,0.0552995391705,3.22248002062e-05
415,133,2,2,0.0552995391705,3.22248002062e-05
415,135,2,3,0.110599078341,3.23746829979e-05
415,142,2,2,0.221198156682,0.000130714682527
415,158,2,2,0.138248847926,8.11253711486e-05
415,171,2,2,2.8202764977,0.00213848433176
415,192,2,2,0.0552995391705,3.22248002062e-05
415,233,2,3,8.04608294931,0.00708224490127
415,242,2,2,0.0552995391705,3.22248002062e-05
415,244,2,3,0.193548387097,5.70537446274e-05
415,324,2,2,0.0552995391705,3.22248002062e-05
415,374,2,3,2.8202764977,0.00106924216588
415,454,2,2,0.138248847926,8.11253711486e-05
415,463,2,2,0.0552995391705,3.22248002062e-05
415,489,2,2,0.193548387097,0.000114107489255
417,21,2,2,0.3133640553,0.00018873789857
417,22,2,3,0.239631336406,7.14788422627e-05
417,23,2,2,0.129032258064,7.58955676988e-05
417,29,2,2,0.036866359447,2.14334705075e-05
417,42,2,2,0.129032258064,7.58955676988e-05
417,53,2,2,0.036866359447,2.14334705075e-05
417,54,2,2,0.0737327188941,4.30663221361e-05
417,56,2,2,0.036866359447,2.14334705075e-05
417,58,2,3,0.866359447005,0.000281127380611
417,60,2,3,4.11059907834,0.00244646305073
417,63,2,3,0.36866359447,0.000111826802648
417,64,2,2,0.0737327188941,4.30663221361e-05
417,65,2,2,0.0737327188941,4.30663221361e-05
417,68,2,3,0.221198156682,6.58241179568e-05
417,95,2,2,0.0737327188941,4.30663221361e-05
417,112,2,2,0.811059907834,0.000522317188984
417,113,2,2,0.036866359447,2.14334705075e-05
417,128,2,2,0.036866359447,2.14334705075e-05
417,133,2,2,0.036866359447,2.14334705075e-05
417,135,2,3,0.0737327188941,2.1533161068e-05
417,142,2,2,0.147465437788,8.69414014954e-05
417,158,2,2,0.0921658986175,5.39583872917e-05
417,171,2,2,1.8801843318,0.00142235609103
417,192,2,2,0.036866359447,2.14334705075e-05
417,233,2,3,2.47004608295,0.00104125940113
417,242,2,2,0.036866359447,2.14334705075e-05
417,244,2,3,0.129032258064,3.79477838494e-05
417,324,2,2,0.036866359447,2.14334705075e-05
417,374,2,3,1.8801843318,0.000711178045515
417,454,2,2,0.0921658986175,5.39583872917e-05
417,463,2,2,0.036866359447,2.14334705075e-05
417,489,2,2,0.129032258064,7.58955676988e-05
434,21,2,2,34.3594470046,0.136829978327
434,22,2,3,36.3502304147,0.11677584641
434,23,2,2,2.32258064516,0.00148282395584
434,29,2,2,0.663594470046,0.000418760469012
434,42,2,2,1.67741935484,0.000773448297956
434,53,2,2,0.663594470046,0.000418760469012
434,54,2,2,1.32718894009,0.000841416384247
434,56,2,2,0.663594470046,0.000418760469012
434,58,2,3,15.5944700461,0.00549257917494
434,60,2,3,62.6728110599,0.0342818723585
434,63,2,3,3.00460829493,0.00300256452608
434,64,2,2,1.32718894009,0.000841416384247
434,65,2,2,1.32718894009,0.000841416384247
434,68,2,3,36.6820276498,0.130486556003
434,95,2,2,1.32718894009,0.000841416384247
434,112,2,2,10.599078341,0.0053788919995
434,113,2,2,0.663594470046,0.000418760469012
434,128,2,2,0.663594470046,0.000418760469012
434,133,2,2,7.33640552995,0.051183127572
434,135,2,3,1.32718894009,0.000420708192123
434,142,2,2,1.34562211982,0.000436536490486
434,158,2,2,1.65898617512,0.00105422215975
434,171,2,2,1.84331797235,8.24396545027e-05
434,192,2,2,0.663594470046,0.000418760469012
434,233,2,3,48.0921658986,0.0220980723284
434,242,2,2,0.663594470046,0.000418760469012
434,244,2,3,2.32258064516,0.000741411977922
434,324,2,2,0.663594470046,0.000418760469012
434,374,2,3,21.8433179724,0.0058570746229
434,454,2,2,1.65898617512,0.00105422215975
434,463,2,2,0.663594470046,0.000418760469012
434,489,2,2,1.67741935484,0.000773448297956
443,21,2,2,0.940092165899,0.000571505412492
443,22,2,3,0.718894009217,0.000216440606478
443,23,2,2,0.387096774194,0.00022981461621
443,29,2,2,0.110599078341,6.49013499481e-05
443,42,2,2,0.387096774194,0.00022981461621
443,53,2,2,0.110599078341,6.49013499481e-05
443,54,2,2,0.221198156682,0.000130406433384
443,56,2,2,0.110599078341,6.49013499481e-05
443,58,2,3,2.59907834101,0.000851264217924
443,60,2,3,3.77880184332,0.000710339297371
443,63,2,3,1.10599078341,0.00033861573886
443,64,2,2,0.221198156682,0.000130406433384
443,65,2,2,0.221198156682,0.000130406433384
443,68,2,3,0.663594470046,0.000199317889888
443,95,2,2,0.221198156682,0.000130406433384
443,112,2,2,2.4331797235,0.00158159597412
443,113,2,2,0.110599078341,6.49013499481e-05
443,128,2,2,0.110599078341,6.49013499481e-05
443,133,2,2,0.110599078341,6.49013499481e-05
443,135,2,3,0.221198156682,6.5203216692e-05
443,142,2,2,0.442396313364,0.000263261813874
443,158,2,2,0.276497695853,0.000163388013855
443,171,2,2,5.64055299539,0.00430694741583
443,192,2,2,0.110599078341,6.49013499481e-05
443,233,2,3,16.0921658986,0.0142637736096
443,242,2,2,0.110599078341,6.49013499481e-05
443,244,2,3,0.387096774194,0.000114907308105
443,324,2,2,0.110599078341,6.49013499481e-05
443,374,2,3,5.64055299539,0.00215347370792
443,454,2,2,11.7235023041,0.293732435789
443,463,2,2,0.110599078341,6.49013499481e-05
443,489,2,2,0.387096774194,0.00022981461621
454,21,2,2,38.1198156682,0.476521375595
454,22,2,3,38.7834101382,0.375748228761
454,23,2,2,0.774193548387,0.000466164245202
454,29,2,2,0.221198156682,0.000131648235914
454,42,2,2,0.774193548387,0.000466164245202
454,53,2,2,0.221198156682,0.000131648235914
454,54,2,2,0.442396313364,0.00026452110658
454,56,2,2,0.221198156682,0.000131648235914
454,58,2,3,5.19815668203,0.00172673500129
454,60,2,3,23.5576036866,0.0137033304025
454,63,2,3,2.21198156682,0.000686860361289
454,64,2,2,0.442396313364,0.00026452110658
454,65,2,2,0.442396313364,0.00026452110658
454,68,2,3,38.8940092166,0.414703173783
454,95,2,2,0.442396313364,0.00026452110658
454,112,2,2,4.866359447,0.00320816624134
454,113,2,2,0.221198156682,0.000131648235914
454,128,2,2,0.221198156682,0.000131648235914
454,133,2,2,0.221198156682,0.000131648235914
454,135,2,3,0.442396313364,0.00013226055329
454,142,2,2,3.11520737327,0.00661972758086
454,158,2,2,0.552995391705,0.00033142213237
454,171,2,2,7.28110599078,0.00363933664217
454,192,2,2,0.221198156682,0.000131648235914
454,233,2,3,29.1797235023,0.0247759170046
454,242,2,2,0.221198156682,0.000131648235914
454,244,2,3,0.774193548387,0.000233082122601
454,324,2,2,0.221198156682,0.000131648235914
454,374,2,3,7.28110599078,0.00184132361762
454,454,2,2,0.552995391705,0.00033142213237
454,463,2,2,0.221198156682,0.000131648235914
454,489,2,2,3.22580645161,0.00809312925699
462,21,2,2,10.9032258065,0.0660478367547
462,22,2,3,0.838709677419,0.000253105408668
462,23,2,2,0.451612903226,0.000268744961032
462,29,2,2,0.129032258064,7.58955676988e-05
462,42,2,2,0.451612903226,0.000268744961032
462,53,2,2,0.129032258064,7.58955676988e-05
462,54,2,2,0.258064516129,0.000152497140679
462,56,2,2,0.129032258064,7.58955676988e-05
462,58,2,3,3.03225806452,0.000995467446096
462,60,2,3,5.74193548387,0.00139218982538
462,63,2,3,3.8064516129,0.0223161253097
462,64,2,2,0.258064516129,0.000152497140679
462,65,2,2,7.74193548387,0.137247426611
462,68,2,3,0.774193548387,0.000233082122601
462,95,2,2,0.258064516129,0.000152497140679
462,112,2,2,2.83870967742,0.00184951660361
462,113,2,2,0.129032258064,7.58955676988e-05
462,128,2,2,0.129032258064,7.58955676988e-05
462,133,2,2,0.129032258064,7.58955676988e-05
462,135,2,3,0.258064516129,7.62485703393e-05
462,142,2,2,0.516129032258,0.000307858077426
462,158,2,2,0.322580645161,0.000191065764836
462,171,2,2,6.58064516129,0.00503653960103
462,192,2,2,0.129032258064,7.58955676988e-05
462,233,2,3,11.3548387097,0.00719763701815
462,242,2,2,0.129032258064,7.58955676988e-05
462,244,2,3,15.5483870968,0.160312402306
462,324,2,2,0.129032258064,7.58955676988e-05
462,374,2,3,6.58064516129,0.00251826980051
462,454,2,2,0.322580645161,0.000191065764836
462,463,2,2,0.129032258064,7.58955676988e-05
462,489,2,2,0.451612903226,0.000268744961032
478,21,2,2,3.60368663594,0.00228138656958
478,22,2,3,2.75576036866,0.000864007027642
478,23,2,2,1.48387096774,0.000917394599338
478,29,2,2,0.423963133641,0.000259079030369
478,42,2,2,1.48387096774,0.000917394599338
478,53,2,2,0.423963133641,0.000259079030369
478,54,2,2,0.847926267281,0.000520568098229
478,56,2,2,0.423963133641,0.000259079030369
478,58,2,3,8.90322580645,0.00532002336597
478,60,2,3,45.1520737327,0.0269676652244
478,63,2,3,39.7603686636,0.122689324282
478,64,2,2,0.847926267281,0.000520568098229
478,65,2,2,0.847926267281,0.000520568098229
478,68,2,3,2.54377880184,0.000795655031653
478,95,2,2,0.847926267281,0.000520568098229
478,112,2,2,9.32718894009,0.00631355667852
478,113,2,2,3.57603686636,0.0184323220925
478,128,2,2,0.423963133641,0.000259079030369
478,133,2,2,0.423963133641,0.000259079030369
478,135,2,3,0.847926267281,0.000260284049114
478,142,2,2,1.69585253456,0.00105091212319
478,158,2,2,1.0599078341,0.000652226929599
478,171,2,2,13.6221198157,0.00682403042953
478,192,2,2,0.423963133641,0.000259079030369
478,233,2,3,53.6866359447,0.0434980854914
478,242,2,2,7.57603686636,0.082729468599
478,244,2,3,1.48387096774,0.000458697299669
478,324,2,2,0.423963133641,0.000259079030369
478,374,2,3,12.5622119816,0.0162914707379
478,454,2,2,2.9400921659,0.00501862114049
478,463,2,2,3.57603686636,0.0184323220925
478,489,2,2,1.48387096774,0.000917394599338
485,21,2,2,7.83410138249,0.00530825339728
485,22,2,3,5.99078341014,0.00201034243864
485,23,2,2,3.22580645161,0.00213456284153
485,29,2,2,0.921658986175,0.000602816358025
485,42,2,2,3.22580645161,0.00213456284153
485,53,2,2,0.921658986175,0.000602816358025
485,54,2,2,1.84331797235,0.00121124031008
485,56,2,2,0.921658986175,0.000602816358025
485,58,2,3,21.6589861751,0.00790670757967
485,60,2,3,102.764976959,0.0688067733017
485,63,2,3,9.21658986175,0.00314512882448
485,64,2,2,1.84331797235,0.00121124031008
485,65,2,2,1.84331797235,0.00121124031008
485,68,2,3,5.52995391705,0.00185130331754
485,95,2,2,1.84331797235,0.00121124031008
485,112,2,2,151.723502304,0.822520408411
485,113,2,2,0.921658986175,0.000602816358025
485,128,2,2,7.07834101382,0.0355555555556
485,133,2,2,0.921658986175,0.000602816358025
485,135,2,3,1.84331797235,0.000605620155039
485,142,2,2,0.3133640553,1.76667644757e-05
485,158,2,2,2.30414746544,0.00151757964258
485,171,2,2,47.0046082949,0.0400037650602
485,192,2,2,0.921658986175,0.000602816358025
485,233,2,3,123.649769585,0.10781755731
485,242,2,2,0.921658986175,0.000602816358025
485,244,2,3,3.22580645161,0.00106728142077
485,324,2,2,0.921658986175,0.000602816358025
485,374,2,3,44.7004608295,0.0188920996486
485,454,2,2,2.30414746544,0.00151757964258
485,463,2,2,3.07834101382,0.00672477816358
485,489,2,2,8.77419354839,0.0157923497268
499,21,2,2,0.3133640553,0.00018873789857
499,22,2,3,0.239631336406,7.14788422627e-05
499,23,2,2,0.129032258064,7.58955676988e-05
499,29,2,2,0.036866359447,2.14334705075e-05
499,42,2,2,0.129032258064,7.58955676988e-05
499,53,2,2,0.036866359447,2.14334705075e-05
499,54,2,2,0.0737327188941,4.30663221361e-05
499,56,2,2,0.036866359447,2.14334705075e-05
499,58,2,3,0.866359447005,0.000281127380611
499,60,2,3,4.11059907834,0.00244646305073
499,63,2,3,0.36866359447,0.000111826802648
499,64,2,2,0.0737327188941,4.30663221361e-05
499,65,2,2,0.0737327188941,4.30663221361e-05
499,68,2,3,0.221198156682,6.58241179568e-05
499,95,2,2,0.0737327188941,4.30663221361e-05
499,112,2,2,3.18894009217,0.00807460286627
499,113,2,2,0.036866359447,2.14334705075e-05
499,128,2,2,0.036866359447,2.14334705075e-05
499,133,2,2,0.036866359447,2.14334705075e-05
499,135,2,3,0.0737327188941,2.1533161068e-05
499,142,2,2,0.147465437788,8.69414014954e-05
499,158,2,2,0.0921658986175,5.39583872917e-05
499,171,2,2,1.8801843318,0.00142235609103
499,192,2,2,0.036866359447,2.14334705075e-05
499,233,2,3,5.10599078341,0.00408410002359
499,242,2,2,0.036866359447,2.14334705075e-05
499,244,2,3,0.129032258064,3.79477838494e-05
499,324,2,2,0.036866359447,2.14334705075e-05
499,374,2,3,1.8801843318,0.000711178045515
499,454,2,2,0.0921658986175,5.39583872917e-05
499,463,2,2,0.036866359447,2.14334705075e-05
499,489,2,2,0.129032258064,7.58955676988e-05
500,21,2,2,0.3133640553,0.00018873789857
500,22,2,3,0.239631336406,7.14788422627e-05
500,23,2,2,0.129032258064,7.58955676988e-05
500,29,2,2,0.036866359447,2.14334705075e-05
500,42,2,2,0.129032258064,7.58955676988e-05
500,53,2,2,0.036866359447,2.14334705075e-05
500,54,2,2,0.0737327188941,4.30663221361e-05
500,56,2,2,0.036866359447,2.14334705075e-05
500,58,2,3,0.866359447005,0.000281127380611
500,60,2,3,4.11059907834,0.00244646305073
500,63,2,3,0.36866359447,0.000111826802648
500,64,2,2,0.0737327188941,4.30663221361e-05
500,65,2,2,0.0737327188941,4.30663221361e-05
500,68,2,3,0.221198156682,6.58241179568e-05
500,95,2,2,0.0737327188941,4.30663221361e-05
500,112,2,2,3.18894009217,0.00807460286627
500,113,2,2,0.036866359447,2.14334705075e-05
500,128,2,2,0.036866359447,2.14334705075e-05
500,133,2,2,0.036866359447,2.14334705075e-05
500,135,2,3,0.0737327188941,2.1533161068e-05
500,142,2,2,0.147465437788,8.69414014954e-05
500,158,2,2,0.0921658986175,5.39583872917e-05
500,171,2,2,1.8801843318,0.00142235609103
500,192,2,2,0.036866359447,2.14334705075e-05
500,233,2,3,5.10599078341,0.00408410002359
500,242,2,2,0.036866359447,2.14334705075e-05
500,244,2,3,0.129032258064,3.79477838494e-05
500,324,2,2,0.036866359447,2.14334705075e-05
500,374,2,3,1.8801843318,0.000711178045515
500,454,2,2,0.0921658986175,5.39583872917e-05
500,463,2,2,0.036866359447,2.14334705075e-05
500,489,2,2,0.129032258064,7.58955676988e-05
530,21,4,2,1.72350230415,0.000353381597323
530,22,4,3,1.31797235023,0.000133832725939
530,23,4,2,11.5483870968,0.0585944101316
530,29,4,2,7.96313364055,0.333333333333
530,42,4,2,0.709677419355,0.000142102339521
530,53,4,2,0.202764976959,4.01307532907e-05
530,54,4,2,0.405529953917,8.06348159144e-05
530,56,4,2,0.202764976959,4.01307532907e-05
530,58,4,3,1.89400921659,0.000281457229534
530,60,4,3,13.7788018433,0.00422170852329
530,63,4,3,10.9585253456,0.0110709054467
530,64,4,2,0.405529953917,8.06348159144e-05
530,65,4,2,0.405529953917,8.06348159144e-05
530,68,4,3,1.21658986175,0.000123245157026
530,95,4,2,11.7419354839,0.105237597816
530,112,4,2,4.46082949309,0.000977955587885
530,113,4,2,0.202764976959,4.01307532907e-05
530,128,4,2,0.202764976959,4.01307532907e-05
530,133,4,2,0.202764976959,4.01307532907e-05
530,135,4,3,0.405529953917,4.03174079572e-05
530,142,4,2,0.811059907834,0.000162783900672
530,158,4,2,0.506912442396,0.000101028469823
530,171,4,2,9.41935483871,0.00434826963721
530,192,4,2,3.96313364055,0.0825717610834
530,233,4,3,18.3870967742,0.00485136988789
530,242,4,2,0.202764976959,4.01307532907e-05
530,244,4,3,0.709677419355,7.10511697606e-05
530,324,4,2,0.202764976959,4.01307532907e-05
530,374,4,3,9.83410138249,0.00236983754625
530,454,4,2,11.6774193548,0.0834660480051
530,463,4,2,0.202764976959,4.01307532907e-05
530,489,4,2,0.709677419355,0.000142102339521
547,21,2,2,1.09677419355,0.000668317804773
547,22,2,3,0.838709677419,0.000253105408668
547,23,2,2,0.451612903226,0.000268744961032
547,29,2,2,0.129032258064,7.58955676988e-05
547,42,2,2,0.451612903226,0.000268744961032
547,53,2,2,0.129032258064,7.58955676988e-05
547,54,2,2,0.258064516129,0.000152497140679
547,56,2,2,0.129032258064,7.58955676988e-05
547,58,2,3,3.03225806452,0.000995467446096
547,60,2,3,14.3870967742,0.00866288555668
547,63,2,3,1.29032258065,0.000395976874951
547,64,2,2,0.258064516129,0.000152497140679
547,65,2,2,0.258064516129,0.000152497140679
547,68,2,3,0.774193548387,0.000233082122601
547,95,2,2,0.258064516129,0.000152497140679
547,112,2,2,2.83870967742,0.00184951660361
547,113,2,2,0.129032258064,7.58955676988e-05
547,128,2,2,0.129032258064,7.58955676988e-05
547,133,2,2,0.129032258064,7.58955676988e-05
547,135,2,3,0.258064516129,7.62485703393e-05
547,142,2,2,0.516129032258,0.000307858077426
547,158,2,2,0.322580645161,0.000191065764836
547,171,2,2,6.58064516129,0.00503653960103
547,192,2,2,0.129032258064,7.58955676988e-05
547,233,2,3,17.8709677419,0.0144617312311
547,242,2,2,0.129032258064,7.58955676988e-05
547,244,2,3,0.451612903226,0.000134372480516
547,324,2,2,0.129032258064,7.58955676988e-05
547,374,2,3,6.58064516129,0.00251826980051
547,454,2,2,0.322580645161,0.000191065764836
547,463,2,2,0.129032258064,7.58955676988e-05
547,489,2,2,0.451612903226,0.000268744961032
559,21,2,2,38.4331797235,0.578523862375
559,22,2,3,38.9861751152,0.453473413379
559,23,2,2,0.645161290323,0.000386637797711
559,29,2,2,0.184331797235,0.000109189378057
559,42,2,2,0.645161290323,0.000386637797711
559,53,2,2,0.184331797235,0.000109189378057
559,54,2,2,0.36866359447,0.000219394471259
559,56,2,2,0.184331797235,0.000109189378057
559,58,2,3,4.33179723502,0.00143215835405
559,60,2,3,19.6313364055,0.0113655767096
559,63,2,3,1.84331797235,0.000569683711603
559,64,2,2,0.36866359447,0.000219394471259
559,65,2,2,0.36866359447,0.000219394471259
559,68,2,3,39.0783410138,0.5
559,95,2,2,0.36866359447,0.000219394471259
559,112,2,2,4.05529953917,0.00266086115143
559,113,2,2,0.184331797235,0.000109189378057
559,128,2,2,0.184331797235,0.000109189378057
559,133,2,2,0.184331797235,0.000109189378057
559,135,2,3,0.36866359447,0.00010969723563
559,142,2,2,3.26267281106,0.00867243555674
559,158,2,2,0.460829493088,0.000274882350354
559,171,2,2,9.40092165899,0.00724596499204
559,192,2,2,0.184331797235,0.000109189378057
559,233,2,3,27.6497695853,0.0264010137989
559,242,2,2,0.184331797235,0.000109189378057
559,244,2,3,0.645161290323,0.000193318898856
559,324,2,2,0.184331797235,0.000109189378057
559,374,2,3,9.40092165899,0.00362298249602
559,454,2,2,0.460829493088,0.000274882350354
559,463,2,2,0.184331797235,0.000109189378057
559,489,2,2,3.35483870968,0.0104546860501
562,21,2,2,11.2165898618,0.0974022263062
562,22,2,3,0.599078341014,0.000179946735766
562,23,2,2,0.322580645161,0.000191065764836
562,29,2,2,0.0921658986175,5.39583872917e-05
562,42,2,2,0.322580645161,0.000191065764836
562,53,2,2,0.0921658986175,5.39583872917e-05
562,54,2,2,0.184331797235,0.00010841871307
562,56,2,2,0.0921658986175,5.39583872917e-05
562,58,2,3,2.16589861751,0.000707733265873
562,60,2,3,9.81566820276,0.00561655539031
562,63,2,3,0.921658986175,0.000281522020652
562,64,2,2,0.184331797235,0.00010841871307
562,65,2,2,7.81566820276,0.194910825609
562,68,2,3,0.552995391705,0.000165711066185
562,95,2,2,0.184331797235,0.00010841871307
562,112,2,2,2.02764976959,0.00131492439185
562,113,2,2,0.0921658986175,5.39583872917e-05
562,128,2,2,0.0921658986175,5.39583872917e-05
562,133,2,2,0.0921658986175,5.39583872917e-05
562,135,2,3,0.184331797235,5.42093565349e-05
562,142,2,2,0.36866359447,0.00021887345831
562,158,2,2,0.230414746544,0.000135839296678
562,171,2,2,4.70046082949,0.0035807565928
562,192,2,2,0.0921658986175,5.39583872917e-05
562,233,2,3,13.8248847926,0.0130466548377
562,242,2,2,0.0921658986175,5.39583872917e-05
562,244,2,3,15.6774193548,0.227090068402
562,324,2,2,0.0921658986175,5.39583872917e-05
562,374,2,3,4.70046082949,0.0017903782964
562,454,2,2,0.230414746544,0.000135839296678
562,463,2,2,0.0921658986175,5.39583872917e-05
562,489,2,2,0.322580645161,0.000191065764836
614,21,2,2,0.470046082949,0.000283763708291
614,22,2,3,0.359447004608,0.000107467029666
614,23,2,2,0.193548387097,0.000114107489255
614,29,2,2,0.0552995391705,3.22248002062e-05
614,42,2,2,0.193548387097,0.000114107489255
614,53,2,2,0.0552995391705,3.22248002062e-05
614,54,2,2,0.110599078341,6.47493659958e-05
614,56,2,2,0.0552995391705,3.22248002062e-05
614,58,2,3,1.29953917051,0.000422669472473
614,60,2,3,5.88940092166,0.00335429549296
614,63,2,3,0.552995391705,0.00016812939238
614,64,2,2,0.110599078341,6.47493659958e-05
614,65,2,2,0.110599078341,6.47493659958e-05
614,68,2,3,0.331797235023,9.89652631926e-05
614,95,2,2,0.110599078341,6.47493659958e-05
614,112,2,2,1.21658986175,0.000785293592718
614,113,2,2,0.0552995391705,3.22248002062e-05
614,128,2,2,0.0552995391705,3.22248002062e-05
614,133,2,2,0.0552995391705,3.22248002062e-05
614,135,2,3,0.110599078341,3.23746829979e-05
614,142,2,2,0.221198156682,0.000130714682527
614,158,2,2,0.138248847926,8.11253711486e-05
614,171,2,2,9.1797235023,0.0226559301215
614,192,2,2,0.0552995391705,3.22248002062e-05
614,233,2,3,8.29493087558,0.00779166810957
614,242,2,2,0.0552995391705,3.22248002062e-05
614,244,2,3,0.193548387097,5.70537446274e-05
614,324,2,2,0.0552995391705,3.22248002062e-05
614,374,2,3,5.31797235023,0.00394591497763
614,454,2,2,0.138248847926,8.11253711486e-05
614,463,2,2,0.0552995391705,3.22248002062e-05
614,489,2,2,0.193548387097,0.000114107489255
617,21,2,2,6.58064516129,0.00436793422405
617,22,2,3,5.03225806452,0.00165422463522
617,23,2,2,9.29032258065,0.0206471347321
617,29,2,2,7.22580645161,0.0432098765432
617,42,2,2,1.29032258065,0.000398285778011
617,53,2,2,0.774193548387,0.000496031746032
617,54,2,2,1.54838709677,0.000996677740864
617,56,2,2,7.22580645161,0.0432098765432
617,58,2,3,18.1935483871,0.00650609080842
617,60,2,3,82.3225806452,0.0514931273275
617,63,2,3,6.58064516129,0.00433899405173
617,64,2,2,1.54838709677,0.000996677740864
617,65,2,2,1.54838709677,0.000996677740864
617,68,2,3,4.64516129032,0.00152335815843
617,95,2,2,1.54838709677,0.000996677740864
617,112,2,2,17.0322580645,0.0120879120879
617,113,2,2,3.22580645161,0.0086116622575
617,128,2,2,0.774193548387,0.000496031746032
617,133,2,2,0.774193548387,0.000496031746032
617,135,2,3,1.54838709677,0.000498338870432
617,142,2,2,20.9032258065,0.0916750503018
617,158,2,2,1.93548387097,0.00124875124875
617,171,2,2,39.4838709677,0.032917383821
617,192,2,2,3.22580645161,0.0086116622575
617,233,2,3,112.64516129,0.109015984016
617,242,2,2,0.774193548387,0.000496031746032
617,244,2,3,3.22580645161,0.00490638292788
617,324,2,2,0.774193548387,0.000496031746032
617,374,2,3,37.5483870968,0.0157996783051
617,454,2,2,1.93548387097,0.00124875124875
617,463,2,2,0.774193548387,0.000496031746032
617,489,2,2,2.70967741935,0.00175644028103
625,21,3,2,3.6866359447,0.0134037054485
625,22,3,3,1.19815668203,0.00018206874916
625,23,3,2,0.645161290323,0.000193318898856
625,29,3,2,0.184331797235,5.45946890287e-05
625,42,3,2,0.645161290323,0.000193318898856
625,53,3,2,0.184331797235,5.45946890287e-05
625,54,3,2,0.36866359447,0.00010969723563
625,56,3,2,0.184331797235,5.45946890287e-05
625,58,3,3,20.9493087558,0.0230342429498
625,60,3,3,15.7235023041,0.00453047571803
625,63,3,3,1.84331797235,0.000284841855802
625,64,3,2,0.36866359447,0.00010969723563
625,65,3,2,0.36866359447,0.00010969723563
625,68,3,3,1.10599078341,0.000167665206116
625,95,3,2,0.36866359447,0.00010969723563
625,112,3,2,3.24423963134,0.00505852245239
625,113,3,2,0.184331797235,5.45946890287e-05
625,128,3,2,0.184331797235,5.45946890287e-05
625,133,3,2,0.184331797235,5.45946890287e-05
625,135,3,3,0.36866359447,5.48486178148e-05
625,142,3,2,0.73732718894,0.000221454513243
625,158,3,2,0.460829493088,0.000137441175177
625,171,3,2,16.4792626728,0.0145044662557
625,192,3,2,0.184331797235,5.45946890287e-05
625,233,3,3,20.202764977,0.00776804763159
625,242,3,2,0.184331797235,5.45946890287e-05
625,244,3,3,3.98156682028,0.0243101277009
625,324,3,2,0.184331797235,5.45946890287e-05
625,374,3,3,16.8940092166,0.0078314864203
625,454,3,2,3.63133640553,0.0106357478999
625,463,3,2,0.184331797235,5.45946890287e-05
625,489,3,2,0.645161290323,0.000193318898856
691,21,2,2,0.3133640553,0.00018873789857
691,22,2,3,0.239631336406,7.14788422627e-05
691,23,2,2,0.129032258064,7.58955676988e-05
691,29,2,2,0.036866359447,2.14334705075e-05
691,42,2,2,0.129032258064,7.58955676988e-05
691,53,2,2,0.036866359447,2.14334705075e-05
691,54,2,2,0.0737327188941,4.30663221361e-05
691,56,2,2,0.036866359447,2.14334705075e-05
691,58,2,3,3.22580645161,0.00431410900565
691,60,2,3,3.92626728111,0.00223102061337
691,63,2,3,3.6866359447,0.0130658107312
691,64,2,2,0.0737327188941,4.30663221361e-05
691,65,2,2,0.0737327188941,4.30663221361e-05
691,68,2,3,0.221198156682,6.58241179568e-05
691,95,2,2,0.0737327188941,4.30663221361e-05
691,112,2,2,0.811059907834,0.000522317188984
691,113,2,2,0.036866359447,2.14334705075e-05
691,128,2,2,0.036866359447,2.14334705075e-05
691,133,2,2,0.036866359447,2.14334705075e-05
691,135,2,3,0.0737327188941,2.1533161068e-05
691,142,2,2,0.147465437788,8.69414014954e-05
691,158,2,2,0.0921658986175,5.39583872917e-05
691,171,2,2,6.1198156682,0.0150689905592
691,192,2,2,0.036866359447,2.14334705075e-05
691,233,2,3,5.52995391705,0.0051824212272
691,242,2,2,0.036866359447,2.14334705075e-05
691,244,2,3,0.129032258064,3.79477838494e-05
691,324,2,2,0.036866359447,2.14334705075e-05
691,374,2,3,2.21198156682,0.00103093502302
691,454,2,2,0.0921658986175,5.39583872917e-05
691,463,2,2,0.036866359447,2.14334705075e-05
691,489,2,2,0.129032258064,7.58955676988e-05
700,21,2,2,13.0783410138,0.00801807207146
700,22,2,3,13.0599078341,0.00517814726841
700,23,2,2,7.03225806452,0.00549810844893
700,29,2,2,2.00921658986,0.00155270655271
700,42,2,2,7.03225806452,0.00549810844893
700,53,2,2,2.00921658986,0.00155270655271
700,54,2,2,3.98156682028,0.00306287439891
700,56,2,2,2.00921658986,0.00155270655271
700,58,2,3,47.2165898618,0.0203657324588
700,60,2,3,220.02764977,0.170957223022
700,63,2,3,17.0783410138,0.0069321796406
700,64,2,2,4.01843317972,0.0031198568873
700,65,2,2,4.01843317972,0.0031198568873
700,68,2,3,12.0552995392,0.00476850164054
700,95,2,2,4.01843317972,0.0031198568873
700,112,2,2,40.202764977,0.0312999886493
700,113,2,2,2.00921658986,0.00155270655271
700,128,2,2,2.00921658986,0.00155270655271
700,133,2,2,1.99078341014,0.00152434721242
700,135,2,3,4.01843317972,0.00155992844365
700,142,2,2,8.03686635945,0.00629830263633
700,158,2,2,5.02304147465,0.00390891160122
700,171,2,2,102.470046083,0.103039851715
700,192,2,2,1.99078341014,0.00152434721242
700,233,2,3,270.276497696,0.279180915817
700,242,2,2,2.00921658986,0.00155270655271
700,244,2,3,7.03225806452,0.00274905422446
700,324,2,2,2.00921658986,0.00155270655271
700,374,2,3,98.4700460829,0.0487412571953
700,454,2,2,5.02304147465,0.00390891160122
700,463,2,2,2.00921658986,0.00155270655271
700,489,2,2,7.03225806452,0.00549810844893
711,21,2,2,0.3133640553,0.00018873789857
711,22,2,3,0.239631336406,7.14788422627e-05
711,23,2,2,0.129032258064,7.58955676988e-05
711,29,2,2,0.036866359447,2.14334705075e-05
711,42,2,2,0.129032258064,7.58955676988e-05
711,53,2,2,0.036866359447,2.14334705075e-05
711,54,2,2,0.0737327188941,4.30663221361e-05
711,56,2,2,0.036866359447,2.14334705075e-05
711,58,2,3,0.866359447005,0.000281127380611
711,60,2,3,3.92626728111,0.00223102061337
711,63,2,3,3.6866359447,0.0130658107312
711,64,2,2,0.0737327188941,4.30663221361e-05
711,65,2,2,0.0737327188941,4.30663221361e-05
711,68,2,3,0.221198156682,6.58241179568e-05
711,95,2,2,0.0737327188941,4.30663221361e-05
711,112,2,2,0.811059907834,0.000522317188984
711,113,2,2,0.036866359447,2.14334705075e-05
711,128,2,2,0.036866359447,2.14334705075e-05
711,133,2,2,0.036866359447,2.14334705075e-05
711,135,2,3,0.0737327188941,2.1533161068e-05
711,142,2,2,0.147465437788,8.69414014954e-05
711,158,2,2,0.0921658986175,5.39583872917e-05
711,171,2,2,6.1198156682,0.0150689905592
711,192,2,2,0.036866359447,2.14334705075e-05
711,233,2,3,5.52995391705,0.0051824212272
711,242,2,2,0.036866359447,2.14334705075e-05
711,244,2,3,0.129032258064,3.79477838494e-05
711,324,2,2,0.036866359447,2.14334705075e-05
711,374,2,3,6.21198156682,0.00804219167621
711,454,2,2,0.0921658986175,5.39583872917e-05
711,463,2,2,0.036866359447,2.14334705075e-05
711,489,2,2,0.129032258064,7.58955676988e-05
