PB1 site,NS1 site,N alleles PB1,N alleles NS1,Chi,ChiSqDf
66,35,2,2,5.86175115207,0.0107837533485
66,50,2,2,4.27649769585,0.00289681350514
66,63,2,2,1.06912442396,0.00071414499606
66,86,2,3,1.34562211982,0.000364026010881
66,93,2,2,41.6958525346,0.0337975137461
66,98,2,2,7.52073732719,0.00177929187467
66,102,2,2,1.60368663594,0.00107370291751
66,104,2,3,9.86175115207,0.0160848959907
66,105,2,2,1.06912442396,0.00071414499606
66,108,2,3,1.06912442396,0.000361242850554
66,109,2,3,8.05529953917,0.00116505067503
66,112,2,2,5.86175115207,0.0107837533485
66,113,2,2,1.06912442396,0.00071414499606
66,114,2,2,8.01843317972,0.00552226679531
66,115,2,6,109.898617512,0.0299889350923
66,116,2,3,8.79262672811,0.00956326540974
66,117,2,2,1.03225806452,5.05983251954e-05
66,118,2,2,22.6543778802,0.0653404411052
66,119,2,2,2.67281105991,0.00179784754253
66,122,2,3,2.67281105991,0.000898923771264
66,123,2,2,1.06912442396,0.00071414499606
66,124,2,3,5.34562211982,0.00183002067632
66,127,2,2,7.48387096774,0.00514184397163
66,129,2,2,1.03225806452,5.05983251954e-05
66,138,2,3,10.6912442396,0.00372597389249
66,142,2,3,9.36405529954,0.00239042550202
66,143,2,3,5.38248847926,0.000705645892386
66,149,2,2,1.06912442396,0.00071414499606
66,155,2,2,1.60368663594,0.00107370291751
66,162,2,2,6.39631336406,0.0170806572327
66,178,2,2,18.1751152074,0.0131117021277
66,184,2,2,7.72350230415,0.00944871202023
66,196,2,2,8.29493087558,0.00392915826603
66,199,2,2,31.1889400922,0.137281947262
66,202,2,3,4.27649769585,0.00144840675257
66,206,2,2,1.08755760369,9.00664820524e-05
66,213,2,3,16.5714285714,0.00593289689034
66,217,2,3,7.22580645161,0.00191645279749
66,224,2,2,2.93087557604,0.00536691428222
66,236,2,2,2.93087557604,0.00536691428222
66,239,2,2,1.60368663594,0.00107370291751
66,249,2,2,2.10138248848,0.000224708936569
66,254,2,2,5.8801843318,0.00401136763744
66,257,2,2,1.06912442396,0.00071414499606
66,264,2,2,17.1059907834,0.01227903038
66,281,2,2,8.29493087558,0.00392915826603
69,35,2,2,0.811059907834,0.000496726123278
69,50,2,2,1.62211981567,0.00100278043667
69,63,2,2,0.405529953917,0.00024721323265
69,86,2,3,2.02764976959,0.000629694083165
69,93,2,2,11.8156682028,0.00652997551519
69,98,2,2,8.92165898618,0.00602439631566
69,102,2,2,0.608294930876,0.000371680219854
69,104,2,3,1.82488479263,0.000565391205026
69,105,2,2,0.405529953917,0.00024721323265
69,108,2,3,6.28571428571,0.00205377147125
69,109,2,3,9.12442396313,0.00308857663414
69,112,2,2,0.811059907834,0.000496726123278
69,113,2,2,0.405529953917,0.00024721323265
69,114,2,2,3.04147465438,0.0019116249971
69,115,2,6,42.6912442396,0.0106058326727
69,116,2,3,5.47465437788,0.00177118866439
69,117,2,2,5.67741935484,0.00368262470706
69,118,2,2,2.02764976959,0.00125938816633
69,119,2,2,1.01382488479,0.000622354991287
69,122,2,3,1.01382488479,0.000311177495644
69,123,2,2,0.405529953917,0.00024721323265
69,124,2,3,7.70506912442,0.00256202804746
69,127,2,2,2.83870967742,0.00177993527508
69,129,2,2,5.67741935484,0.00368262470706
69,138,2,3,4.05529953917,0.00128980817035
69,142,2,3,5.06912442396,0.00163196999549
69,143,2,3,8.11059907834,0.00271056133261
69,149,2,2,0.405529953917,0.00024721323265
69,155,2,2,0.608294930876,0.000371680219854
69,162,2,2,0.608294930876,0.000371680219854
69,178,2,2,6.89400921659,0.00453883495146
69,184,2,2,1.62211981567,0.00100278043667
69,196,2,2,4.66359447005,0.00298821250561
69,199,2,2,1.82488479263,0.00113078241005
69,202,2,3,1.62211981567,0.000501390218333
69,206,2,2,3.44700460829,0.00217689925729
69,213,2,3,2.28571428571,0.000639328309231
69,217,2,3,4.25806451613,0.00135757775218
69,224,2,2,0.405529953917,0.00024721323265
69,236,2,2,0.405529953917,0.00024721323265
69,239,2,2,0.608294930876,0.000371680219854
69,249,2,2,5.27188940092,0.00340281743765
69,254,2,2,2.23041474654,0.00138860198765
69,257,2,2,0.405529953917,0.00024721323265
69,264,2,2,6.48847926267,0.00425059170169
69,281,2,2,4.66359447005,0.00298821250561
94,35,2,2,0.110599078341,6.47493659958e-05
94,50,2,2,0.221198156682,0.000130714682527
94,63,2,2,0.0552995391705,3.22248002062e-05
94,86,2,3,0.276497695853,8.20820382612e-05
94,93,2,2,5.84331797235,0.0111952910905
94,98,2,2,1.21658986175,0.000785293592718
94,102,2,2,0.0829493087557,4.84493515862e-05
94,104,2,3,0.248847926267,7.37000136482e-05
94,105,2,2,0.0552995391705,3.22248002062e-05
94,108,2,3,0.857142857143,0.00026771372479
94,109,2,3,1.24423963134,0.00040260290232
94,112,2,2,0.110599078341,6.47493659958e-05
94,113,2,2,0.0552995391705,3.22248002062e-05
94,114,2,2,0.414746543779,0.000249184612573
94,115,2,6,2.80184331797,0.000401042259144
94,116,2,3,0.746543778802,0.000230878421134
94,117,2,2,0.774193548387,0.000480038403072
94,118,2,2,0.276497695853,0.000164164076522
94,119,2,2,0.138248847926,8.11253711486e-05
94,122,2,3,0.138248847926,4.05626855743e-05
94,123,2,2,0.0552995391705,3.22248002062e-05
94,124,2,3,1.05069124424,0.000333966111228
94,127,2,2,0.387096774194,0.000232018561485
94,129,2,2,0.774193548387,0.000480038403072
94,138,2,3,0.552995391705,0.00016812939238
94,142,2,3,0.691244239631,0.000212730954907
94,143,2,3,1.10599078341,0.000353327758606
94,149,2,2,0.0552995391705,3.22248002062e-05
94,155,2,2,0.0829493087557,4.84493515862e-05
94,162,2,2,0.0829493087557,4.84493515862e-05
94,178,2,2,0.940092165899,0.000591647331787
94,184,2,2,3.77880184332,0.0381478092582
94,196,2,2,0.635944700461,0.000389520212712
94,199,2,2,0.248847926267,0.000147400027296
94,202,2,3,0.221198156682,6.53573412634e-05
94,206,2,2,0.470046082949,0.000283763708291
94,213,2,3,0.857142857143,0.00026771372479
94,217,2,3,0.58064516129,0.000176963309607
94,224,2,2,0.0552995391705,3.22248002062e-05
94,236,2,2,0.0552995391705,3.22248002062e-05
94,239,2,2,0.0829493087557,4.84493515862e-05
94,249,2,2,0.718894009217,0.000443564896956
94,254,2,2,0.304147465438,0.000181007388392
94,257,2,2,0.0552995391705,3.22248002062e-05
94,264,2,2,0.884792626728,0.00055407417668
94,281,2,2,0.635944700461,0.000389520212712
164,35,2,2,6.00921658986,0.0055951257187
164,50,2,2,12.0184331797,0.0112953242208
164,63,2,2,3.00460829493,0.00278461117945
164,86,2,3,16.9769585253,0.00954912908893
164,93,2,2,29.1797235023,0.00817184884948
164,98,2,2,66.1013824885,0.0678588324345
164,102,2,2,4.5069124424,0.00418660799137
164,104,2,3,6.00921658986,0.00280844966515
164,105,2,2,0.995391705069,0.000305616553098
164,108,2,3,43.5668202765,0.0250596866516
164,109,2,3,64.599078341,0.0364314543361
164,112,2,2,2.00921658986,0.00062550047672
164,113,2,2,3.00460829493,0.00278461117945
164,114,2,2,6.53456221198,0.0018106324232
164,115,2,6,347.069124424,0.139289060324
164,116,2,3,40.5622119816,0.0199506786223
164,117,2,2,42.064516129,0.0414811044662
164,118,2,2,3.02304147465,0.00057441389323
164,119,2,2,7.51152073733,0.00701020996224
164,122,2,3,7.51152073733,0.00350510498112
164,123,2,2,0.995391705069,0.000305616553098
164,124,2,3,57.0875576037,0.0288586976779
164,127,2,2,34.9677419355,0.0554192229039
164,129,2,2,34.064516129,0.0272033860597
164,138,2,3,30.0460829493,0.0145284061536
164,142,2,3,33.5576036866,0.0157070662986
164,143,2,3,53.0875576037,0.0284042947525
164,149,2,2,3.00460829493,0.00278461117945
164,155,2,2,4.5069124424,0.00418660799137
164,162,2,2,0.506912442396,5.29626807093e-05
164,178,2,2,80.9216589862,0.128319668256
164,184,2,2,3.98156682028,0.00123968404637
164,196,2,2,34.5529953917,0.0336592417019
164,199,2,2,13.5207373272,0.0127371391361
164,202,2,3,11.9815668203,0.00643181753687
164,206,2,2,25.5391705069,0.0245206049183
164,213,2,3,40.4516129032,0.0313461581997
164,217,2,3,19.5483870968,0.00589141983556
164,224,2,2,0.995391705069,0.000305616553098
164,236,2,2,3.00460829493,0.00278461117945
164,239,2,2,3.4930875576,0.00251491319662
164,249,2,2,39.0599078341,0.0383293538818
164,254,2,2,4.52534562212,0.00117293254432
164,257,2,2,4.99539170507,0.00769711429221
164,264,2,2,44.0737327189,0.0402426171387
164,281,2,2,34.5529953917,0.0336592417019
171,35,2,2,0.0737327188941,4.30663221361e-05
171,50,2,2,0.147465437788,8.69414014954e-05
171,63,2,2,0.036866359447,2.14334705075e-05
171,86,2,3,0.184331797235,5.45946890287e-05
171,93,2,2,1.43778801843,0.00101435705368
171,98,2,2,0.811059907834,0.000522317188984
171,102,2,2,0.0552995391705,3.22248002062e-05
171,104,2,3,0.165898617512,4.90196078431e-05
171,105,2,2,0.036866359447,2.14334705075e-05
171,108,2,3,0.571428571429,0.000178062678063
171,109,2,3,0.829493087558,0.000267780634105
171,112,2,2,0.0737327188941,4.30663221361e-05
171,113,2,2,0.036866359447,2.14334705075e-05
171,114,2,2,0.276497695853,0.000165738530894
171,115,2,6,4.53456221198,0.00121158392435
171,116,2,3,0.497695852535,0.000153562653563
171,117,2,2,0.516129032258,0.000319284802043
171,118,2,2,0.184331797235,0.000109189378057
171,119,2,2,0.0921658986175,5.39583872917e-05
171,122,2,3,0.0921658986175,2.69791936459e-05
171,123,2,2,0.036866359447,2.14334705075e-05
171,124,2,3,0.700460829493,0.000222128694351
171,127,2,2,0.258064516129,0.000154320987654
171,129,2,2,0.516129032258,0.000319284802043
171,138,2,3,0.36866359447,0.000111826802648
171,142,2,3,0.460829493088,0.000141492348094
171,143,2,3,0.73732718894,0.000235006580184
171,149,2,2,0.036866359447,2.14334705075e-05
171,155,2,2,0.0552995391705,3.22248002062e-05
171,162,2,2,0.0552995391705,3.22248002062e-05
171,178,2,2,0.626728110599,0.000393518518519
171,184,2,2,0.147465437788,8.69414014954e-05
171,196,2,2,0.423963133641,0.000259079030369
171,199,2,2,0.165898617512,9.80392156863e-05
171,202,2,3,0.147465437788,4.34707007477e-05
171,206,2,2,0.3133640553,0.00018873789857
171,213,2,3,0.571428571429,0.000178062678063
171,217,2,3,0.387096774194,0.000117702448211
171,224,2,2,0.036866359447,2.14334705075e-05
171,236,2,2,0.036866359447,2.14334705075e-05
171,239,2,2,0.0552995391705,3.22248002062e-05
171,249,2,2,0.479262672811,0.000295025417574
171,254,2,2,0.202764976959,0.000120392259872
171,257,2,2,0.036866359447,2.14334705075e-05
171,264,2,2,0.589861751152,0.000368527731712
171,281,2,2,0.423963133641,0.000259079030369
176,35,2,2,2.96774193548,0.00130183339486
176,50,2,2,18.064516129,0.0243435924187
176,63,2,2,3.48387096774,0.00357142857143
176,86,2,3,13.4193548387,0.0055159799769
176,93,2,2,31.8709677419,0.00929988308265
176,98,2,2,7.35483870968,0.000801420801421
176,102,2,2,2.77419354839,0.0015132356973
176,104,2,3,6.96774193548,0.00419847939176
176,105,2,2,3.48387096774,0.00357142857143
176,108,2,3,33.4838709677,0.0137552103069
176,109,2,3,5.09677419355,0.00195638726585
176,112,2,2,2.96774193548,0.00130183339486
176,113,2,2,0.516129032258,7.83852635704e-05
176,114,2,2,18.1290322581,0.0132946083941
176,115,2,6,371.225806452,0.150218058425
176,116,2,3,47.4193548387,0.0376779376779
176,117,2,2,35.2258064516,0.027750410509
176,118,2,2,10.5806451613,0.00671258859938
176,119,2,2,11.2903225806,0.0151083484417
176,122,2,3,7.29032258065,0.00377453234596
176,123,2,2,0.516129032258,7.83852635704e-05
176,124,2,3,39.2258064516,0.0253343825906
176,127,2,2,24.3870967742,0.0257142857143
176,129,2,2,35.2258064516,0.027750410509
176,138,2,3,24.8387096774,0.0244857792822
176,142,2,3,52.4516129032,0.0351864788295
176,143,2,3,21.8064516129,0.0056922582017
176,149,2,2,4.51612903226,0.00600137174211
176,155,2,2,6.77419354839,0.00902294405775
176,162,2,2,2.77419354839,0.0015132356973
176,178,2,2,55.2258064516,0.057013383131
176,184,2,2,1.93548387097,0.000279454504807
176,196,2,2,43.935483871,0.0519149879353
176,199,2,2,16.3225806452,0.0177083376561
176,202,2,3,13.935483871,0.00724346076459
176,206,2,2,9.61290322581,0.00331402478391
176,213,2,3,42.0,0.0185965961476
176,217,2,3,31.4193548387,0.014728244519
176,224,2,2,0.516129032258,7.83852635704e-05
176,236,2,2,4.51612903226,0.00600137174211
176,239,2,2,1.22580645161,0.000295445152367
176,249,2,2,30.7096774194,0.0226020892688
176,254,2,2,15.1612903226,0.0125594570039
176,257,2,2,3.48387096774,0.00357142857143
176,264,2,2,39.7419354839,0.031214298876
176,281,2,2,43.935483871,0.0519149879353
177,35,2,2,0.110599078341,6.47493659958e-05
177,50,2,2,0.221198156682,0.000130714682527
177,63,2,2,0.0552995391705,3.22248002062e-05
177,86,2,3,0.276497695853,8.20820382612e-05
177,93,2,2,2.15668202765,0.00152506582549
177,98,2,2,10.7834101382,0.0616958447585
177,102,2,2,0.0829493087557,4.84493515862e-05
177,104,2,3,0.248847926267,7.37000136482e-05
177,105,2,2,0.0552995391705,3.22248002062e-05
177,108,2,3,0.857142857143,0.00026771372479
177,109,2,3,10.8110599078,0.0316462526304
177,112,2,2,0.110599078341,6.47493659958e-05
177,113,2,2,0.0552995391705,3.22248002062e-05
177,114,2,2,0.414746543779,0.000249184612573
177,115,2,6,11.0875576037,0.0169162623919
177,116,2,3,0.746543778802,0.000230878421134
177,117,2,2,0.774193548387,0.000480038403072
177,118,2,2,0.276497695853,0.000164164076522
177,119,2,2,0.138248847926,8.11253711486e-05
177,122,2,3,0.138248847926,4.05626855743e-05
177,123,2,2,0.0552995391705,3.22248002062e-05
177,124,2,3,1.05069124424,0.000333966111228
177,127,2,2,0.387096774194,0.000232018561485
177,129,2,2,0.774193548387,0.000480038403072
177,138,2,3,0.552995391705,0.00016812939238
177,142,2,3,0.691244239631,0.000212730954907
177,143,2,3,1.10599078341,0.000353327758606
177,149,2,2,0.0552995391705,3.22248002062e-05
177,155,2,2,0.0829493087557,4.84493515862e-05
177,162,2,2,0.0829493087557,4.84493515862e-05
177,178,2,2,0.940092165899,0.000591647331787
177,184,2,2,0.221198156682,0.000130714682527
177,196,2,2,0.635944700461,0.000389520212712
177,199,2,2,0.248847926267,0.000147400027296
177,202,2,3,0.221198156682,6.53573412634e-05
177,206,2,2,0.470046082949,0.000283763708291
177,213,2,3,0.857142857143,0.00026771372479
177,217,2,3,0.58064516129,0.000176963309607
177,224,2,2,0.0552995391705,3.22248002062e-05
177,236,2,2,0.0552995391705,3.22248002062e-05
177,239,2,2,0.0829493087557,4.84493515862e-05
177,249,2,2,0.718894009217,0.000443564896956
177,254,2,2,0.304147465438,0.000181007388392
177,257,2,2,0.0552995391705,3.22248002062e-05
177,264,2,2,11.1152073733,0.0874419953596
177,281,2,2,0.635944700461,0.000389520212712
190,35,2,2,0.0737327188941,4.30663221361e-05
190,50,2,2,0.147465437788,8.69414014954e-05
190,63,2,2,0.036866359447,2.14334705075e-05
190,86,2,3,7.96313364055,0.5
190,93,2,2,6.56221198157,0.0211301044634
190,98,2,2,0.811059907834,0.000522317188984
190,102,2,2,0.0552995391705,3.22248002062e-05
190,104,2,3,7.90783410138,0.198611111111
190,105,2,2,0.036866359447,2.14334705075e-05
190,108,2,3,0.571428571429,0.000178062678063
190,109,2,3,0.829493087558,0.000267780634105
190,112,2,2,0.0737327188941,4.30663221361e-05
190,113,2,2,0.036866359447,2.14334705075e-05
190,114,2,2,0.276497695853,0.000165738530894
190,115,2,6,4.60829493088,0.00125805152979
190,116,2,3,0.497695852535,0.000153562653563
190,117,2,2,0.516129032258,0.000319284802043
190,118,2,2,0.184331797235,0.000109189378057
190,119,2,2,0.0921658986175,5.39583872917e-05
190,122,2,3,0.0921658986175,2.69791936459e-05
190,123,2,2,0.036866359447,2.14334705075e-05
190,124,2,3,0.700460829493,0.000222128694351
190,127,2,2,0.258064516129,0.000154320987654
190,129,2,2,0.516129032258,0.000319284802043
190,138,2,3,0.36866359447,0.000111826802648
190,142,2,3,0.460829493088,0.000141492348094
190,143,2,3,0.73732718894,0.000235006580184
190,149,2,2,0.036866359447,2.14334705075e-05
190,155,2,2,0.0552995391705,3.22248002062e-05
190,162,2,2,0.0552995391705,3.22248002062e-05
190,178,2,2,7.3732718894,0.0544662309368
190,184,2,2,0.147465437788,8.69414014954e-05
190,196,2,2,0.423963133641,0.000259079030369
190,199,2,2,0.165898617512,9.80392156863e-05
190,202,2,3,0.147465437788,4.34707007477e-05
190,206,2,2,0.3133640553,0.00018873789857
190,213,2,3,7.61290322581,0.045524691358
190,217,2,3,0.387096774194,0.000117702448211
190,224,2,2,0.036866359447,2.14334705075e-05
190,236,2,2,0.036866359447,2.14334705075e-05
190,239,2,2,0.0552995391705,3.22248002062e-05
190,249,2,2,0.479262672811,0.000295025417574
190,254,2,2,0.202764976959,0.000120392259872
190,257,2,2,0.036866359447,2.14334705075e-05
190,264,2,2,0.589861751152,0.000368527731712
190,281,2,2,0.423963133641,0.000259079030369
196,35,2,2,7.00460829493,0.0305591003265
196,50,2,2,1.99078341014,0.00124580406271
196,63,2,2,0.497695852535,0.000307125307125
196,86,2,3,2.48847926267,0.000782300310602
196,93,2,2,15.4101382488,0.009161567214
196,98,2,2,2.94930875576,0.000543030846061
196,102,2,2,0.746543778802,0.000461756842267
196,104,2,3,7.00460829493,0.0156172214996
196,105,2,2,0.497695852535,0.000307125307125
196,108,2,3,0.783410138249,0.000179224317155
196,109,2,3,3.19815668203,0.000394615717148
196,112,2,2,7.00460829493,0.0305591003265
196,113,2,2,0.497695852535,0.000307125307125
196,114,2,2,0.267281105991,1.21767822643e-05
196,115,2,6,50.2119815668,0.0118370241404
196,116,2,3,6.5069124424,0.0103191941849
196,117,2,2,1.03225806452,0.000100413893517
196,118,2,2,2.48847926267,0.0015646006212
196,119,2,2,1.24423963134,0.000773182591364
196,122,2,3,1.24423963134,0.000386591295682
196,123,2,2,0.497695852535,0.000307125307125
196,124,2,3,2.48847926267,0.000817851827953
196,127,2,2,3.48387096774,0.0022113022113
196,129,2,2,1.03225806452,0.000100413893517
196,138,2,3,4.97695852535,0.00160239290674
196,142,2,3,6.22119815668,0.0020274775776
196,143,2,3,1.95391705069,0.000233687650198
196,149,2,2,0.497695852535,0.000307125307125
196,155,2,2,0.746543778802,0.000461756842267
196,162,2,2,0.746543778802,0.000461756842267
196,178,2,2,87.5391705069,0.603625042154
196,184,2,2,1.99078341014,0.00124580406271
196,196,2,2,5.72350230415,0.00371240517226
196,199,2,2,1.76036866359,0.000867914854843
196,202,2,3,1.99078341014,0.000622902031353
196,206,2,2,3.76958525346,0.00214735311364
196,213,2,3,7.71428571429,0.0025515025515
196,217,2,3,5.22580645161,0.00168658643235
196,224,2,2,0.497695852535,0.000307125307125
196,236,2,2,0.497695852535,0.000307125307125
196,239,2,2,0.746543778802,0.000461756842267
196,249,2,2,1.52995391705,0.000236387491289
196,254,2,2,2.73732718894,0.0017251293847
196,257,2,2,0.497695852535,0.000307125307125
196,264,2,2,7.96313364055,0.00528072169863
196,281,2,2,5.72350230415,0.00371240517226
211,35,2,2,4.92165898618,0.00356810373823
211,50,2,2,17.8433179724,0.0236697965571
211,63,2,2,3.53917050691,0.00367309458219
211,86,2,3,13.6958525346,0.00572110605411
211,93,2,2,38.0276497696,0.0131946310804
211,98,2,2,22.1382488479,0.00723622609599
211,102,2,2,2.69124423963,0.00141922281239
211,104,2,3,12.0737327189,0.00648851482742
211,105,2,2,3.53917050691,0.00367309458219
211,108,2,3,48.6820276498,0.0271581866409
211,109,2,3,19.9078341014,0.0047194445364
211,112,2,2,4.92165898618,0.00356810373823
211,113,2,2,0.460829493088,6.22744171513e-05
211,114,2,2,18.5437788018,0.0138622611448
211,115,2,6,377.30875576,0.154412804689
211,116,2,3,52.2211981567,0.0338591549852
211,117,2,2,50.4516129032,0.0567294961765
211,118,2,2,10.3041474654,0.00634455484303
211,119,2,2,11.1520737327,0.0146901709402
211,122,2,3,7.15207373272,0.00364369617985
211,123,2,2,0.460829493088,6.22744171513e-05
211,124,2,3,54.4516129032,0.0410453536745
211,127,2,2,24.7741935484,0.0264462809917
211,129,2,2,46.4516129032,0.0480906241094
211,138,2,3,24.534562212,0.0242516464879
211,142,2,3,51.7603686636,0.0341735900276
211,143,2,3,36.7557603687,0.0130229320627
211,149,2,2,4.46082949309,0.00583526234568
211,155,2,2,6.69124423963,0.00877320185615
211,162,2,2,2.69124423963,0.00141922281239
211,178,2,2,56.1658986175,0.0587691482843
211,184,2,2,2.15668202765,0.000345792471773
211,196,2,2,43.2995391705,0.0502504288288
211,199,2,2,20.0737327189,0.0266911764706
211,202,2,3,14.1566820276,0.00744965661739
211,206,2,2,2.08294930876,0.000155065544065
211,213,2,3,42.8571428571,0.019270502225
211,217,2,3,30.8387096774,0.0141498248998
211,224,2,2,0.460829493088,6.22744171513e-05
211,236,2,2,4.46082949309,0.00583526234568
211,239,2,2,1.30875576037,0.000335630615371
211,249,2,2,45.9907834101,0.0505185626446
211,254,2,2,15.465437788,0.0130236964629
211,257,2,2,3.53917050691,0.00367309458219
211,264,2,2,40.6267281106,0.0325080220454
211,281,2,2,43.2995391705,0.0502504288288
213,35,2,2,2.45161290323,0.000907605279698
213,50,2,2,19.0967741935,0.02779342723
213,63,2,2,3.22580645161,0.00312812812813
213,86,2,3,12.1290322581,0.00462555547461
213,93,2,2,21.8064516129,0.00444781860512
213,98,2,2,42.9677419355,0.0279440559441
213,102,2,2,0.838709677419,0.000141301394202
213,104,2,3,6.45161290323,0.00404506018624
213,105,2,2,3.22580645161,0.00312812812813
213,108,2,3,22.0,0.00555308624274
213,109,2,3,44.5806451613,0.014986710271
213,112,2,2,2.45161290323,0.000907605279698
213,113,2,2,0.774193548387,0.00018018018018
213,114,2,2,24.1935483871,0.024188866671
213,115,2,6,354.838709677,0.140806374764
213,116,2,3,15.5483870968,0.00533944263674
213,117,2,2,17.1612903226,0.00672879776328
213,118,2,2,11.8709677419,0.00863233044365
213,119,2,2,11.935483871,0.0172494172494
213,122,2,3,3.22580645161,0.00255366255366
213,123,2,2,0.774193548387,0.00018018018018
213,124,2,3,29.2903225806,0.0102836974266
213,127,2,2,22.5806451613,0.0225225225225
213,129,2,2,17.1612903226,0.00672879776328
213,138,2,3,26.2580645161,0.0258612649917
213,142,2,3,5.87096774194,0.00279411440781
213,143,2,3,32.5161290323,0.00911547630222
213,149,2,2,4.77419354839,0.00685185185185
213,155,2,2,7.16129032258,0.0103016241299
213,162,2,2,0.838709677419,0.000141301394202
213,178,2,2,50.8387096774,0.049359618442
213,184,2,2,0.903225806452,6.21748509072e-05
213,196,2,2,9.09677419355,0.00227366687538
213,199,2,2,17.4838709677,0.0207570393923
213,202,2,3,12.9032258065,0.00634437254156
213,206,2,2,7.41935483871,0.00201682850858
213,213,2,3,38.0,0.0156722813866
213,217,2,3,15.0967741935,0.00869091545847
213,224,2,2,0.774193548387,0.00018018018018
213,236,2,2,4.77419354839,0.00685185185185
213,239,2,2,0.838709677419,0.000141301394202
213,249,2,2,13.935483871,0.00475480004892
213,254,2,2,13.7419354839,0.010541063307
213,257,2,2,3.22580645161,0.00312812812813
213,264,2,2,35.6129032258,0.025607099637
213,281,2,2,9.09677419355,0.00227366687538
214,35,2,2,3.41013824885,0.00169950725462
214,50,2,2,14.8202764977,0.016200205525
214,63,2,2,3.70506912442,0.00399380066762
214,86,2,3,17.4746543779,0.00916750968616
214,93,2,2,16.4976958525,0.00246382287388
214,98,2,2,77.5115207373,0.0880081171222
214,102,2,2,1.55760368664,0.000471653330954
214,104,2,3,8.67281105991,0.0041189910081
214,105,2,2,4.29493087558,0.00536668509305
214,108,2,3,53.7235023041,0.0332482519722
214,109,2,3,75.6589861751,0.0450137736038
214,112,2,2,3.41013824885,0.00169950725462
214,113,2,2,3.70506912442,0.00399380066762
214,114,2,2,7.78801843318,0.00242580651123
214,115,2,6,401.576036866,0.182179455616
214,116,2,3,50.0184331797,0.0286140608029
214,117,2,2,47.8709677419,0.0506719768039
214,118,2,2,6.52534562212,0.00252434483184
214,119,2,2,9.26267281106,0.010054323359
214,122,2,3,5.26267281106,0.00224059031951
214,123,2,2,0.294930875576,2.53066253536e-05
214,124,2,3,70.3963133641,0.0413902978281
214,127,2,2,30.064516129,0.03864013267
214,129,2,2,43.8709677419,0.0425576719039
214,138,2,3,33.0506912442,0.016864063502
214,142,2,3,42.3133640553,0.0229804600929
214,143,2,3,62.3963133641,0.0348224992049
214,149,2,2,3.70506912442,0.00399380066762
214,155,2,2,5.55760368664,0.00600460053972
214,162,2,2,1.55760368664,0.000471653330954
214,178,2,2,69.0138248848,0.08803204377
214,184,2,2,5.1797235023,0.00197888732404
214,196,2,2,42.6082949309,0.0482754299677
214,199,2,2,16.6728110599,0.0182681141126
214,202,2,3,17.1797235023,0.0108845444141
214,206,2,2,31.4930875576,0.0351684317782
214,213,2,3,33.0967741935,0.0251967301163
214,217,2,3,22.9032258065,0.00785824655171
214,224,2,2,0.294930875576,2.53066253536e-05
214,236,2,2,3.70506912442,0.00399380066762
214,239,2,2,2.44239631336,0.00115968821702
214,249,2,2,44.1658986175,0.0462219357192
214,254,2,2,4.37788018433,0.00103538576138
214,257,2,2,4.29493087558,0.00536668509305
214,264,2,2,47.2811059908,0.0436824230331
214,281,2,2,42.6082949309,0.0482754299677
298,35,3,2,7.85253456221,0.122690719409
298,50,3,2,0.442396313364,0.000131630906937
298,63,3,2,0.110599078341,3.2450674974e-05
298,86,3,3,3.72350230415,0.00692117792276
298,93,3,2,5.12442396313,0.00372680716322
298,98,3,2,6.37788018433,0.00835457377513
298,102,3,2,3.88940092166,0.0400448858339
298,104,3,3,7.89861751152,0.0613661352391
298,105,3,2,0.110599078341,3.2450674974e-05
298,108,3,3,6.94930875576,0.00708081669144
298,109,3,3,6.4331797235,0.00431566234903
298,112,3,2,7.85253456221,0.122690719409
298,113,3,2,0.110599078341,3.2450674974e-05
298,114,3,2,3.44700460829,0.00654317132469
298,115,3,6,6.55299539171,0.00104037884617
298,116,3,3,7.97235023041,0.0404171163517
298,117,3,2,6.96774193548,0.0147553059251
298,118,3,2,0.552995391705,0.000165314759302
298,119,3,2,0.276497695853,8.16940069277e-05
298,122,3,3,3.90783410138,0.0200340936322
298,123,3,2,0.110599078341,3.2450674974e-05
298,124,3,3,7.0599078341,0.007424883009
298,127,3,2,0.774193548387,0.000233644859813
298,129,3,2,6.96774193548,0.0147553059251
298,138,3,3,3.76958525346,0.00610637049077
298,142,3,3,1.38248847926,0.000214222059731
298,143,3,3,10.6175115207,0.0128773086709
298,149,3,2,0.110599078341,3.2450674974e-05
298,155,3,2,0.165898617511,4.8788949845e-05
298,162,3,2,0.165898617511,4.8788949845e-05
298,178,3,2,1.8801843318,0.000595794392523
298,184,3,2,0.442396313364,0.000131630906937
298,196,3,2,1.27188940092,0.000392250494577
298,199,3,2,3.66820276498,0.0120780648708
298,202,3,3,3.79723502304,0.00953775613181
298,206,3,2,7.3732718894,0.0263192414732
298,213,3,3,3.31797235023,0.00217204411506
298,217,3,3,1.16129032258,0.000178203706637
298,224,3,2,0.110599078341,3.2450674974e-05
298,236,3,2,0.110599078341,3.2450674974e-05
298,239,3,2,0.165898617511,4.8788949845e-05
298,249,3,2,7.04147465438,0.0161234335575
298,254,3,2,3.59447004608,0.00955317742949
298,257,3,2,0.110599078341,3.2450674974e-05
298,264,3,2,1.76958525346,0.00055795787418
298,281,3,2,1.27188940092,0.000392250494577
317,35,2,2,0.110599078341,6.47493659958e-05
317,50,2,2,0.221198156682,0.000130714682527
317,63,2,2,0.0552995391705,3.22248002062e-05
317,86,2,3,0.276497695853,8.20820382612e-05
317,93,2,2,2.15668202765,0.00152506582549
317,98,2,2,1.21658986175,0.000785293592718
317,102,2,2,0.0829493087557,4.84493515862e-05
317,104,2,3,0.248847926267,7.37000136482e-05
317,105,2,2,0.0552995391705,3.22248002062e-05
317,108,2,3,0.857142857143,0.00026771372479
317,109,2,3,1.24423963134,0.00040260290232
317,112,2,2,0.110599078341,6.47493659958e-05
317,113,2,2,0.0552995391705,3.22248002062e-05
317,114,2,2,0.414746543779,0.000249184612573
317,115,2,6,2.91244239631,0.000424329968599
317,116,2,3,0.746543778802,0.000230878421134
317,117,2,2,0.774193548387,0.000480038403072
317,118,2,2,0.276497695853,0.000164164076522
317,119,2,2,0.138248847926,8.11253711486e-05
317,122,2,3,0.138248847926,4.05626855743e-05
317,123,2,2,0.0552995391705,3.22248002062e-05
317,124,2,3,1.05069124424,0.000333966111228
317,127,2,2,0.387096774194,0.000232018561485
317,129,2,2,0.774193548387,0.000480038403072
317,138,2,3,0.552995391705,0.00016812939238
317,142,2,3,0.691244239631,0.000212730954907
317,143,2,3,1.10599078341,0.000353327758606
317,149,2,2,0.0552995391705,3.22248002062e-05
317,155,2,2,0.0829493087557,4.84493515862e-05
317,162,2,2,0.0829493087557,4.84493515862e-05
317,178,2,2,0.940092165899,0.000591647331787
317,184,2,2,0.221198156682,0.000130714682527
317,196,2,2,0.635944700461,0.000389520212712
317,199,2,2,0.248847926267,0.000147400027296
317,202,2,3,0.221198156682,6.53573412634e-05
317,206,2,2,0.470046082949,0.000283763708291
317,213,2,3,0.857142857143,0.00026771372479
317,217,2,3,0.58064516129,0.000176963309607
317,224,2,2,0.0552995391705,3.22248002062e-05
317,236,2,2,0.0552995391705,3.22248002062e-05
317,239,2,2,0.0829493087557,4.84493515862e-05
317,249,2,2,0.718894009217,0.000443564896956
317,254,2,2,0.304147465438,0.000181007388392
317,257,2,2,0.0552995391705,3.22248002062e-05
317,264,2,2,0.884792626728,0.00055407417668
317,281,2,2,0.635944700461,0.000389520212712
339,35,2,2,0.0737327188941,4.30663221361e-05
339,50,2,2,0.147465437788,8.69414014954e-05
339,63,2,2,0.036866359447,2.14334705075e-05
339,86,2,3,0.184331797235,5.45946890287e-05
339,93,2,2,1.43778801843,0.00101435705368
339,98,2,2,0.811059907834,0.000522317188984
339,102,2,2,0.0552995391705,3.22248002062e-05
339,104,2,3,0.165898617512,4.90196078431e-05
339,105,2,2,0.036866359447,2.14334705075e-05
339,108,2,3,0.571428571429,0.000178062678063
339,109,2,3,0.829493087558,0.000267780634105
339,112,2,2,0.0737327188941,4.30663221361e-05
339,113,2,2,0.036866359447,2.14334705075e-05
339,114,2,2,0.276497695853,0.000165738530894
339,115,2,6,7.57603686636,0.0165458937198
339,116,2,3,0.497695852535,0.000153562653563
339,117,2,2,0.516129032258,0.000319284802043
339,118,2,2,0.184331797235,0.000109189378057
339,119,2,2,0.0921658986175,5.39583872917e-05
339,122,2,3,0.0921658986175,2.69791936459e-05
339,123,2,2,0.036866359447,2.14334705075e-05
339,124,2,3,0.700460829493,0.000222128694351
339,127,2,2,0.258064516129,0.000154320987654
339,129,2,2,0.516129032258,0.000319284802043
339,138,2,3,0.36866359447,0.000111826802648
339,142,2,3,0.460829493088,0.000141492348094
339,143,2,3,0.73732718894,0.000235006580184
339,149,2,2,0.036866359447,2.14334705075e-05
339,155,2,2,0.0552995391705,3.22248002062e-05
339,162,2,2,0.0552995391705,3.22248002062e-05
339,178,2,2,0.626728110599,0.000393518518519
339,184,2,2,0.147465437788,8.69414014954e-05
339,196,2,2,0.423963133641,0.000259079030369
339,199,2,2,0.165898617512,9.80392156863e-05
339,202,2,3,0.147465437788,4.34707007477e-05
339,206,2,2,0.3133640553,0.00018873789857
339,213,2,3,0.571428571429,0.000178062678063
339,217,2,3,0.387096774194,0.000117702448211
339,224,2,2,0.036866359447,2.14334705075e-05
339,236,2,2,0.036866359447,2.14334705075e-05
339,239,2,2,0.0552995391705,3.22248002062e-05
339,249,2,2,0.479262672811,0.000295025417574
339,254,2,2,0.202764976959,0.000120392259872
339,257,2,2,0.036866359447,2.14334705075e-05
339,264,2,2,0.589861751152,0.000368527731712
339,281,2,2,0.423963133641,0.000259079030369
343,35,2,2,7.88940092166,0.329473551683
343,50,2,2,0.221198156682,0.000130714682527
343,63,2,2,0.0552995391705,3.22248002062e-05
343,86,2,3,0.276497695853,8.20820382612e-05
343,93,2,2,2.15668202765,0.00152506582549
343,98,2,2,10.7834101382,0.0616958447585
343,102,2,2,0.0829493087557,4.84493515862e-05
343,104,2,3,7.88940092166,0.164741367545
343,105,2,2,0.0552995391705,3.22248002062e-05
343,108,2,3,7.19815668203,0.0200846836978
343,109,2,3,10.8110599078,0.0316462526304
343,112,2,2,7.88940092166,0.329473551683
343,113,2,2,0.0552995391705,3.22248002062e-05
343,114,2,2,0.414746543779,0.000249184612573
343,115,2,6,5.88940092166,0.00207046522888
343,116,2,3,7.83410138249,0.108816578654
343,117,2,2,7.22580645161,0.0418166786676
343,118,2,2,0.276497695853,0.000164164076522
343,119,2,2,0.138248847926,8.11253711486e-05
343,122,2,3,0.138248847926,4.05626855743e-05
343,123,2,2,0.0552995391705,3.22248002062e-05
343,124,2,3,7.22580645161,0.0209187778793
343,127,2,2,0.387096774194,0.000232018561485
343,129,2,2,7.22580645161,0.0418166786676
343,138,2,3,0.552995391705,0.00016812939238
343,142,2,3,0.691244239631,0.000212730954907
343,143,2,3,6.94930875576,0.0146116525015
343,149,2,2,0.0552995391705,3.22248002062e-05
343,155,2,2,0.0829493087557,4.84493515862e-05
343,162,2,2,0.0829493087557,4.84493515862e-05
343,178,2,2,0.940092165899,0.000591647331787
343,184,2,2,0.221198156682,0.000130714682527
343,196,2,2,0.635944700461,0.000389520212712
343,199,2,2,3.75115207373,0.0334933705372
343,202,2,3,0.221198156682,6.53573412634e-05
343,206,2,2,7.52995391705,0.0728216662374
343,213,2,3,0.857142857143,0.00026771372479
343,217,2,3,0.58064516129,0.000176963309607
343,224,2,2,0.0552995391705,3.22248002062e-05
343,236,2,2,0.0552995391705,3.22248002062e-05
343,239,2,2,0.0829493087557,4.84493515862e-05
343,249,2,2,7.28110599078,0.0455011262641
343,254,2,2,0.304147465438,0.000181007388392
343,257,2,2,0.0552995391705,3.22248002062e-05
343,264,2,2,3.11520737327,0.00686845163202
343,281,2,2,0.635944700461,0.000389520212712
356,35,2,2,0.0737327188941,4.30663221361e-05
356,50,2,2,0.147465437788,8.69414014954e-05
356,63,2,2,0.036866359447,2.14334705075e-05
356,86,2,3,0.184331797235,5.45946890287e-05
356,93,2,2,1.43778801843,0.00101435705368
356,98,2,2,0.811059907834,0.000522317188984
356,102,2,2,0.0552995391705,3.22248002062e-05
356,104,2,3,0.165898617512,4.90196078431e-05
356,105,2,2,0.036866359447,2.14334705075e-05
356,108,2,3,0.571428571429,0.000178062678063
356,109,2,3,0.829493087558,0.000267780634105
356,112,2,2,0.0737327188941,4.30663221361e-05
356,113,2,2,0.036866359447,2.14334705075e-05
356,114,2,2,0.276497695853,0.000165738530894
356,115,2,6,4.53456221198,0.00121158392435
356,116,2,3,0.497695852535,0.000153562653563
356,117,2,2,0.516129032258,0.000319284802043
356,118,2,2,0.184331797235,0.000109189378057
356,119,2,2,0.0921658986175,5.39583872917e-05
356,122,2,3,0.0921658986175,2.69791936459e-05
356,123,2,2,0.036866359447,2.14334705075e-05
356,124,2,3,0.700460829493,0.000222128694351
356,127,2,2,0.258064516129,0.000154320987654
356,129,2,2,0.516129032258,0.000319284802043
356,138,2,3,0.36866359447,0.000111826802648
356,142,2,3,0.460829493088,0.000141492348094
356,143,2,3,0.73732718894,0.000235006580184
356,149,2,2,0.036866359447,2.14334705075e-05
356,155,2,2,0.0552995391705,3.22248002062e-05
356,162,2,2,0.0552995391705,3.22248002062e-05
356,178,2,2,0.626728110599,0.000393518518519
356,184,2,2,0.147465437788,8.69414014954e-05
356,196,2,2,0.423963133641,0.000259079030369
356,199,2,2,0.165898617512,9.80392156863e-05
356,202,2,3,0.147465437788,4.34707007477e-05
356,206,2,2,0.3133640553,0.00018873789857
356,213,2,3,0.571428571429,0.000178062678063
356,217,2,3,3.85253456221,0.0296879904269
356,224,2,2,0.036866359447,2.14334705075e-05
356,236,2,2,0.036866359447,2.14334705075e-05
356,239,2,2,0.0552995391705,3.22248002062e-05
356,249,2,2,0.479262672811,0.000295025417574
356,254,2,2,0.202764976959,0.000120392259872
356,257,2,2,0.036866359447,2.14334705075e-05
356,264,2,2,0.589861751152,0.000368527731712
356,281,2,2,0.423963133641,0.000259079030369
357,35,2,2,2.1198156682,0.00157455659415
357,50,2,2,3.76036866359,0.00250064354797
357,63,2,2,0.940092165899,0.000616478096896
357,86,2,3,4.70046082949,0.00157027439775
357,93,2,2,32.66359447,0.0231565510445
357,98,2,2,8.68202764977,0.00264737566227
357,102,2,2,1.41013824885,0.000926862660762
357,104,2,3,5.64976958525,0.00506949024426
357,105,2,2,0.940092165899,0.000616478096896
357,108,2,3,2.57142857143,0.000381928643915
357,109,2,3,9.15207373272,0.001545250916
357,112,2,2,1.8801843318,0.00123869087376
357,113,2,2,0.940092165899,0.000616478096896
357,114,2,2,7.05069124424,0.00476703826717
357,115,2,6,99.4101382488,0.0930587063309
357,116,2,3,2.8202764977,0.00107114137217
357,117,2,2,1.16129032258,7.14970421409e-05
357,118,2,2,4.70046082949,0.00314054879551
357,119,2,2,2.35023041475,0.00155197283135
357,122,2,3,2.35023041475,0.000775986415673
357,123,2,2,0.940092165899,0.000616478096896
357,124,2,3,5.86175115207,0.00162778142351
357,127,2,2,6.58064516129,0.00443864229765
357,129,2,2,1.16129032258,7.14970421409e-05
357,138,2,3,9.40092165899,0.00321640746207
357,142,2,3,2.12903225806,0.000763612753891
357,143,2,3,6.80184331797,0.00101618039026
357,149,2,2,0.940092165899,0.000616478096896
357,155,2,2,10.5898617512,0.0522724170875
357,162,2,2,1.41013824885,0.000926862660762
357,178,2,2,11.9815668203,0.00636178292543
357,184,2,2,3.76036866359,0.00250064354797
357,196,2,2,1.18894009217,9.01240734073e-05
357,199,2,2,4.23041474654,0.00281984334204
357,202,2,3,3.76036866359,0.00125032177399
357,206,2,2,12.0092165899,0.0122612544456
357,213,2,3,14.5714285714,0.00512151034344
357,217,2,3,24.2396313364,0.0535424839494
357,224,2,2,0.940092165899,0.000616478096896
357,236,2,2,3.0599078341,0.00653120739641
357,239,2,2,1.41013824885,0.000926862660762
357,249,2,2,0.221198156682,2.77984142395e-06
357,254,2,2,5.17050691244,0.00346277058682
357,257,2,2,0.940092165899,0.000616478096896
357,264,2,2,11.0414746544,0.0057117429542
357,281,2,2,1.18894009217,9.01240734073e-05
377,35,2,2,1.73271889401,0.00112973979929
377,50,2,2,3.46543778802,0.00228069536946
377,63,2,2,7.133640553,0.0381205673759
377,86,2,3,4.33179723502,0.00143215835405
377,93,2,2,18.2119815668,0.00773072913353
377,98,2,2,56.9400921659,0.122284018326
377,102,2,2,1.29953917051,0.000845338944945
377,104,2,3,3.89861751152,0.00128590971272
377,105,2,2,0.866359447005,0.000562254761221
377,108,2,3,13.4285714286,0.00467103955476
377,109,2,3,57.3732718894,0.0634800011752
377,112,2,2,1.73271889401,0.00112973979929
377,113,2,2,0.866359447005,0.000562254761221
377,114,2,2,5.50230414747,0.00311770168206
377,115,2,6,108.405529954,0.10858569761
377,116,2,3,11.6958525346,0.00402834123764
377,117,2,2,12.1290322581,0.00837565713267
377,118,2,2,4.33179723502,0.00286431670811
377,119,2,2,2.16589861751,0.00141546653175
377,122,2,3,2.16589861751,0.000707733265873
377,123,2,2,0.866359447005,0.000562254761221
377,124,2,3,16.4608294931,0.00582700388902
377,127,2,2,2.06451612903,0.000469148019865
377,129,2,2,12.1290322581,0.00837565713267
377,138,2,3,8.66359447005,0.00293350310202
377,142,2,3,10.8294930876,0.00371170624767
377,143,2,3,17.3271889401,0.00616482377786
377,149,2,2,0.866359447005,0.000562254761221
377,155,2,2,1.29953917051,0.000845338944945
377,162,2,2,1.29953917051,0.000845338944945
377,178,2,2,14.7281105991,0.010322997416
377,184,2,2,3.46543778802,0.00228069536946
377,196,2,2,9.96313364055,0.00679630572688
377,199,2,2,3.89861751152,0.00257181942544
377,202,2,3,3.133640553,0.00450099206119
377,206,2,2,7.36405529954,0.00495107789737
377,213,2,3,13.4285714286,0.00467103955476
377,217,2,3,5.09677419355,0.00131886952894
377,224,2,2,0.866359447005,0.000562254761221
377,236,2,2,0.866359447005,0.000562254761221
377,239,2,2,2.70046082949,0.00365029440594
377,249,2,2,11.2626728111,0.00773927141916
377,254,2,2,4.76497695853,0.00315819695665
377,257,2,2,7.133640553,0.0381205673759
377,264,2,2,62.1382488479,0.194264140975
377,281,2,2,9.96313364055,0.00679630572688
387,35,2,2,0.331797235023,0.000196990424077
387,50,2,2,0.663594470046,0.00039768019884
387,63,2,2,0.165898617512,9.80392156863e-05
387,86,2,3,31.1705069124,0.358303736589
387,93,2,2,25.5299539171,0.0722409582291
387,98,2,2,3.64976958525,0.00238914027149
387,102,2,2,0.248847926267,0.000147400027296
387,104,2,3,7.58525345622,0.0413382545175
387,105,2,2,0.165898617512,9.80392156863e-05
387,108,2,3,2.57142857143,0.000814479638009
387,109,2,3,3.73271889401,0.001224860124
387,112,2,2,0.331797235023,0.000196990424077
387,113,2,2,0.165898617512,9.80392156863e-05
387,114,2,2,1.24423963134,0.000758107538958
387,115,2,6,20.7373271889,0.00575447570332
387,116,2,3,2.23963133641,0.00070241364359
387,117,2,2,2.32258064516,0.00146044624746
387,118,2,2,0.829493087558,0.000499445061043
387,119,2,2,0.414746543779,0.000246812011518
387,122,2,3,0.414746543779,0.000123406005759
387,123,2,2,0.165898617512,9.80392156863e-05
387,124,2,3,3.15207373272,0.00101604278075
387,127,2,2,1.16129032258,0.000705882352941
387,129,2,2,1.67741935484,0.000761775974758
387,138,2,3,1.65898617512,0.000511508951407
387,142,2,3,2.07373271889,0.00064720264634
387,143,2,3,3.31797235023,0.0010749477456
387,149,2,2,0.165898617512,9.80392156863e-05
387,155,2,2,0.248847926267,0.000147400027296
387,162,2,2,0.248847926267,0.000147400027296
387,178,2,2,29.1797235023,0.192686582084
387,184,2,2,0.663594470046,0.00039768019884
387,196,2,2,1.90783410138,0.00118505796479
387,199,2,2,0.746543778802,0.000448442906574
387,202,2,3,0.663594470046,0.00019884009942
387,206,2,2,1.41013824885,0.000863309352518
387,213,2,3,30.2580645161,0.16245014245
387,217,2,3,1.74193548387,0.000538384845464
387,224,2,2,0.165898617512,9.80392156863e-05
387,236,2,2,0.165898617512,9.80392156863e-05
387,239,2,2,0.248847926267,0.000147400027296
387,249,2,2,2.15668202765,0.00134948096886
387,254,2,2,0.912442396313,0.000550688360451
387,257,2,2,0.165898617512,9.80392156863e-05
387,264,2,2,2.65437788018,0.00168568920105
387,281,2,2,1.90783410138,0.00118505796479
390,35,2,2,2.1198156682,0.00157455659415
390,50,2,2,3.76036866359,0.00250064354797
390,63,2,2,0.940092165899,0.000616478096896
390,86,2,3,0.940092165899,0.000312605952771
390,93,2,2,32.66359447,0.0231565510445
390,98,2,2,8.68202764977,0.00264737566227
390,102,2,2,1.41013824885,0.000926862660762
390,104,2,3,5.64976958525,0.00506949024426
390,105,2,2,0.940092165899,0.000616478096896
390,108,2,3,2.57142857143,0.000381928643915
390,109,2,3,9.15207373272,0.001545250916
390,112,2,2,1.8801843318,0.00123869087376
390,113,2,2,0.940092165899,0.000616478096896
390,114,2,2,7.05069124424,0.00476703826717
390,115,2,6,103.410138249,0.0942873180974
390,116,2,3,2.8202764977,0.00107114137217
390,117,2,2,1.16129032258,7.14970421409e-05
390,118,2,2,4.70046082949,0.00314054879551
390,119,2,2,2.35023041475,0.00155197283135
390,122,2,3,2.35023041475,0.000775986415673
390,123,2,2,0.940092165899,0.000616478096896
390,124,2,3,5.86175115207,0.00162778142351
390,127,2,2,6.58064516129,0.00443864229765
390,129,2,2,1.16129032258,7.14970421409e-05
390,138,2,3,9.40092165899,0.00321640746207
390,142,2,3,2.12903225806,0.000763612753891
390,143,2,3,6.80184331797,0.00101618039026
390,149,2,2,0.940092165899,0.000616478096896
390,155,2,2,10.5898617512,0.0522724170875
390,162,2,2,1.41013824885,0.000926862660762
390,178,2,2,11.9815668203,0.00636178292543
390,184,2,2,3.76036866359,0.00250064354797
390,196,2,2,1.18894009217,9.01240734073e-05
390,199,2,2,4.23041474654,0.00281984334204
390,202,2,3,3.76036866359,0.00125032177399
390,206,2,2,12.0092165899,0.0122612544456
390,213,2,3,14.5714285714,0.00512151034344
390,217,2,3,24.2396313364,0.0535424839494
390,224,2,2,0.940092165899,0.000616478096896
390,236,2,2,3.0599078341,0.00653120739641
390,239,2,2,1.41013824885,0.000926862660762
390,249,2,2,0.221198156682,2.77984142395e-06
390,254,2,2,5.17050691244,0.00346277058682
390,257,2,2,0.940092165899,0.000616478096896
390,264,2,2,11.0414746544,0.0057117429542
390,281,2,2,1.18894009217,9.01240734073e-05
391,35,2,2,3.90783410138,0.00300623936472
391,50,2,2,24.1843317972,0.058109664275
391,63,2,2,1.95391705069,0.00149616079494
391,86,2,3,5.76958525346,0.00148518155927
391,93,2,2,20.202764977,0.00497687565222
391,98,2,2,34.9861751152,0.0241521287426
391,102,2,2,1.06912442396,0.000299321383968
391,104,2,3,4.79262672811,0.00157142470426
391,105,2,2,1.95391705069,0.00149616079494
391,108,2,3,22.2857142857,0.00678586730565
391,109,2,3,35.9631336406,0.0125342314664
391,112,2,2,0.0921658986175,1.67221395777e-06
391,113,2,2,2.04608294931,0.0016406369842
391,114,2,2,14.6543778802,0.011569357937
391,115,2,6,237.400921659,0.0823258037879
391,116,2,3,18.3778801843,0.00546752772938
391,117,2,2,19.3548387097,0.0111577034768
391,118,2,2,18.2304147465,0.0265403721922
391,119,2,2,15.1152073733,0.0360645643665
391,122,2,3,4.88479262673,0.0018832793223
391,123,2,2,1.95391705069,0.00149616079494
391,124,2,3,25.1244239631,0.00762965016014
391,127,2,2,13.6774193548,0.0107723577236
391,129,2,2,19.3548387097,0.0111577034768
391,138,2,3,29.2534562212,0.0340927280367
391,142,2,3,12.5161290323,0.00931459494365
391,143,2,3,27.0783410138,0.00795049055522
391,149,2,2,1.95391705069,0.00149616079494
391,155,2,2,2.93087557604,0.00224944824854
391,162,2,2,5.06912442396,0.00672894758103
391,178,2,2,33.2165898618,0.0274695121951
391,184,2,2,4.18433179724,0.00173953195319
391,196,2,2,14.4700460829,0.00749980441907
391,199,2,2,23.2073732719,0.047676054008
391,202,2,3,7.81566820276,0.00303446696439
391,206,2,2,16.6082949309,0.0131748259929
391,213,2,3,26.2857142857,0.00945903689806
391,217,2,3,12.5161290323,0.00378946967374
391,224,2,2,2.04608294931,0.0016406369842
391,236,2,2,2.04608294931,0.0016406369842
391,239,2,2,1.06912442396,0.000299321383968
391,249,2,2,17.400921659,0.00966475301225
391,254,2,2,6.7465437788,0.00331214545312
391,257,2,2,1.95391705069,0.00149616079494
391,264,2,2,19.2626728111,0.00976645226754
391,281,2,2,14.4700460829,0.00749980441907
428,35,2,2,0.700460829493,0.000425889604931
428,50,2,2,1.40092165899,0.000859777136716
428,63,2,2,0.350230414747,0.000211958946899
428,86,2,3,1.75115207373,0.00053989543078
428,93,2,2,62.3410138249,0.208958912573
428,98,2,2,7.70506912442,0.00516527649058
428,102,2,2,0.52534562212,0.000318676096497
428,104,2,3,3.12442396313,0.00359297250923
428,105,2,2,0.350230414747,0.000211958946899
428,108,2,3,5.42857142857,0.0017608897127
428,109,2,3,7.8801843318,0.0026481246322
428,112,2,2,0.700460829493,0.000425889604931
428,113,2,2,0.350230414747,0.000211958946899
428,114,2,2,2.6267281106,0.00163901429105
428,115,2,6,43.0783410138,0.0119815431941
428,116,2,3,4.72811059908,0.00151860513306
428,117,2,2,4.90322580645,0.00315745741587
428,118,2,2,1.75115207373,0.00107979086156
428,119,2,2,0.875576036866,0.000533602943241
428,122,2,3,7.47465437788,0.032342103046
428,123,2,2,0.350230414747,0.000211958946899
428,124,2,3,6.65437788018,0.00219666544968
428,127,2,2,2.45161290323,0.00152610441767
428,129,2,2,4.90322580645,0.00315745741587
428,138,2,3,3.50230414747,0.00110587276643
428,142,2,3,11.2995391705,0.0562554167255
428,143,2,3,7.00460829493,0.0023240168797
428,149,2,2,7.64976958525,0.1011208577
428,155,2,2,0.52534562212,0.000318676096497
428,162,2,2,0.52534562212,0.000318676096497
428,178,2,2,5.95391705069,0.00389156626506
428,184,2,2,1.40092165899,0.000859777136716
428,196,2,2,4.02764976959,0.00256207310996
428,199,2,2,1.57603686636,0.000969525159461
428,202,2,3,1.40092165899,0.000429888568358
428,206,2,2,2.97695852535,0.00186645864032
428,213,2,3,1.75115207373,0.000544688876965
428,217,2,3,3.67741935484,0.00116397794568
428,224,2,2,0.350230414747,0.000211958946899
428,236,2,2,0.350230414747,0.000211958946899
428,239,2,2,0.52534562212,0.000318676096497
428,249,2,2,4.55299539171,0.00291755256319
428,254,2,2,2.07373271889,0.00137984494222
428,257,2,2,0.350230414747,0.000211958946899
428,264,2,2,5.60368663594,0.00364442846011
428,281,2,2,4.02764976959,0.00256207310996
454,35,2,2,0.184331797235,0.00010841871307
454,50,2,2,0.36866359447,0.00021887345831
454,63,2,2,0.0921658986175,5.39583872917e-05
454,86,2,3,0.460829493088,0.000137441175177
454,93,2,2,0.405529953917,3.2503749012e-05
454,98,2,2,2.02764976959,0.00131492439185
454,102,2,2,0.138248847926,8.11253711486e-05
454,104,2,3,0.414746543779,0.000123406005759
454,105,2,2,0.0921658986175,5.39583872917e-05
454,108,2,3,1.42857142857,0.000448269679039
454,109,2,3,2.07373271889,0.000674133064879
454,112,2,2,0.184331797235,0.00010841871307
454,113,2,2,0.0921658986175,5.39583872917e-05
454,114,2,2,0.691244239631,0.000417243853998
454,115,2,6,3.52073732719,0.000509305680444
454,116,2,3,1.24423963134,0.000386591295682
454,117,2,2,1.29032258065,0.000803793907242
454,118,2,2,0.460829493088,0.000274882350354
454,119,2,2,0.230414746544,0.000135839296678
454,122,2,3,0.230414746544,6.79196483392e-05
454,123,2,2,0.0921658986175,5.39583872917e-05
454,124,2,3,1.75115207373,0.00055920510466
454,127,2,2,0.645161290323,0.0003885003885
454,129,2,2,1.29032258065,0.000803793907242
454,138,2,3,0.921658986175,0.000281522020652
454,142,2,3,1.15207373272,0.000356204512684
454,143,2,3,1.84331797235,0.000591624957107
454,149,2,2,0.0921658986175,5.39583872917e-05
454,155,2,2,0.138248847926,8.11253711486e-05
454,162,2,2,0.138248847926,8.11253711486e-05
454,178,2,2,1.5668202765,0.000990675990676
454,184,2,2,0.36866359447,0.00021887345831
454,196,2,2,1.0599078341,0.000652226929599
454,199,2,2,3.58525345622,0.0184433779728
454,202,2,3,0.36866359447,0.000109436729155
454,206,2,2,0.783410138249,0.000475144360036
454,213,2,3,3.03225806452,0.00300639531409
454,217,2,3,0.967741935484,0.000296313855636
454,224,2,2,0.0921658986175,5.39583872917e-05
454,236,2,2,0.0921658986175,5.39583872917e-05
454,239,2,2,0.138248847926,8.11253711486e-05
454,249,2,2,1.19815668203,0.000742721330957
454,254,2,2,0.506912442396,0.000303085409468
454,257,2,2,0.0921658986175,5.39583872917e-05
454,264,2,2,1.47465437788,0.000927762121792
454,281,2,2,1.0599078341,0.000652226929599
457,35,2,2,0.110599078341,6.47493659958e-05
457,50,2,2,0.221198156682,0.000130714682527
457,63,2,2,0.0552995391705,3.22248002062e-05
457,86,2,3,0.276497695853,8.20820382612e-05
457,93,2,2,2.15668202765,0.00152506582549
457,98,2,2,2.78341013825,0.0041105324168
457,102,2,2,0.0829493087557,4.84493515862e-05
457,104,2,3,0.248847926267,7.37000136482e-05
457,105,2,2,0.0552995391705,3.22248002062e-05
457,108,2,3,3.19815668203,0.00397262550235
457,109,2,3,2.81105990783,0.00214839450563
457,112,2,2,0.110599078341,6.47493659958e-05
457,113,2,2,0.0552995391705,3.22248002062e-05
457,114,2,2,0.414746543779,0.000249184612573
457,115,2,6,7.36405529954,0.0106398718496
457,116,2,3,3.41935483871,0.00616087507039
457,117,2,2,3.22580645161,0.00833400005334
457,118,2,2,0.276497695853,0.000164164076522
457,119,2,2,0.138248847926,8.11253711486e-05
457,122,2,3,0.138248847926,4.05626855743e-05
457,123,2,2,0.0552995391705,3.22248002062e-05
457,124,2,3,3.22580645161,0.00420875420875
457,127,2,2,0.387096774194,0.000232018561485
457,129,2,2,3.22580645161,0.00833400005334
457,138,2,3,0.552995391705,0.00016812939238
457,142,2,3,3.41935483871,0.00615280952984
457,143,2,3,2.94930875576,0.00264004021738
457,149,2,2,0.0552995391705,3.22248002062e-05
457,155,2,2,0.0829493087557,4.84493515862e-05
457,162,2,2,0.0829493087557,4.84493515862e-05
457,178,2,2,0.940092165899,0.000591647331787
457,184,2,2,0.221198156682,0.000130714682527
457,196,2,2,3.36405529954,0.0108997753284
457,199,2,2,0.248847926267,0.000147400027296
457,202,2,3,0.221198156682,6.53573412634e-05
457,206,2,2,0.470046082949,0.000283763708291
457,213,2,3,0.857142857143,0.00026771372479
457,217,2,3,0.58064516129,0.000176963309607
457,224,2,2,0.0552995391705,3.22248002062e-05
457,236,2,2,0.0552995391705,3.22248002062e-05
457,239,2,2,0.0829493087557,4.84493515862e-05
457,249,2,2,0.718894009217,0.000443564896956
457,254,2,2,0.304147465438,0.000181007388392
457,257,2,2,0.0552995391705,3.22248002062e-05
457,264,2,2,0.884792626728,0.00055407417668
457,281,2,2,3.36405529954,0.0108997753284
460,35,2,2,0.0737327188941,4.30663221361e-05
460,50,2,2,0.147465437788,8.69414014954e-05
460,63,2,2,0.036866359447,2.14334705075e-05
460,86,2,3,0.184331797235,5.45946890287e-05
460,93,2,2,1.43778801843,0.00101435705368
460,98,2,2,0.811059907834,0.000522317188984
460,102,2,2,0.0552995391705,3.22248002062e-05
460,104,2,3,0.165898617512,4.90196078431e-05
460,105,2,2,0.036866359447,2.14334705075e-05
460,108,2,3,0.571428571429,0.000178062678063
460,109,2,3,0.829493087558,0.000267780634105
460,112,2,2,0.0737327188941,4.30663221361e-05
460,113,2,2,0.036866359447,2.14334705075e-05
460,114,2,2,0.276497695853,0.000165738530894
460,115,2,6,4.60829493088,0.00125805152979
460,116,2,3,0.497695852535,0.000153562653563
460,117,2,2,0.516129032258,0.000319284802043
460,118,2,2,0.184331797235,0.000109189378057
460,119,2,2,0.0921658986175,5.39583872917e-05
460,122,2,3,0.0921658986175,2.69791936459e-05
460,123,2,2,0.036866359447,2.14334705075e-05
460,124,2,3,0.700460829493,0.000222128694351
460,127,2,2,0.258064516129,0.000154320987654
460,129,2,2,0.516129032258,0.000319284802043
460,138,2,3,0.36866359447,0.000111826802648
460,142,2,3,0.460829493088,0.000141492348094
460,143,2,3,0.73732718894,0.000235006580184
460,149,2,2,0.036866359447,2.14334705075e-05
460,155,2,2,0.0552995391705,3.22248002062e-05
460,162,2,2,0.0552995391705,3.22248002062e-05
460,178,2,2,0.626728110599,0.000393518518519
460,184,2,2,0.147465437788,8.69414014954e-05
460,196,2,2,0.423963133641,0.000259079030369
460,199,2,2,0.165898617512,9.80392156863e-05
460,202,2,3,0.147465437788,4.34707007477e-05
460,206,2,2,0.3133640553,0.00018873789857
460,213,2,3,0.571428571429,0.000178062678063
460,217,2,3,0.387096774194,0.000117702448211
460,224,2,2,0.036866359447,2.14334705075e-05
460,236,2,2,0.036866359447,2.14334705075e-05
460,239,2,2,0.0552995391705,3.22248002062e-05
460,249,2,2,0.479262672811,0.000295025417574
460,254,2,2,0.202764976959,0.000120392259872
460,257,2,2,0.036866359447,2.14334705075e-05
460,264,2,2,0.589861751152,0.000368527731712
460,281,2,2,0.423963133641,0.000259079030369
474,35,2,2,4.60829493088,0.0037630766915
474,50,2,2,9.21658986175,0.00759682148989
474,63,2,2,2.30414746544,0.00187282752008
474,86,2,3,20.4792626728,0.0156356475545
474,93,2,2,29.8617511521,0.00978761611466
474,98,2,2,50.6912442396,0.0456393660277
474,102,2,2,3.45622119816,0.00281575924132
474,104,2,3,4.60829493088,0.00222108509423
474,105,2,2,1.69585253456,0.00101450317632
474,108,2,3,35.7142857143,0.0155588747822
474,109,2,3,49.5391705069,0.0274710859311
474,112,2,2,0.608294930876,6.55678482727e-05
474,113,2,2,2.30414746544,0.00187282752008
474,114,2,2,13.2811059908,0.00855370340334
474,115,2,6,280.01843318,0.104141424375
474,116,2,3,31.1059907834,0.0134180959424
474,117,2,2,32.2580645161,0.0278986720232
474,118,2,2,0.479262672811,1.65109604934e-05
474,119,2,2,5.76036866359,0.00471481054005
474,122,2,3,5.76036866359,0.00235740527003
474,123,2,2,1.69585253456,0.00101450317632
474,124,2,3,43.7788018433,0.0194093033899
474,127,2,2,19.8709677419,0.0204668824164
474,129,2,2,24.2580645161,0.0157768106238
474,138,2,3,23.0414746544,0.00977127401779
474,142,2,3,24.801843318,0.0103476155435
474,143,2,3,39.7788018433,0.0213525830742
474,149,2,2,2.30414746544,0.00187282752008
474,155,2,2,3.45622119816,0.00281575924132
474,162,2,2,0.543778801843,6.97006785354e-05
474,178,2,2,88.8294930876,0.176834273748
474,184,2,2,1.21658986175,0.00013236701764
474,196,2,2,26.4976958525,0.0226379735274
474,199,2,2,10.3686635945,0.00856653340948
474,202,2,3,14.7834101382,0.0107089657687
474,206,2,2,19.5852534562,0.0164916610401
474,213,2,3,35.8064516129,0.0266118994274
474,217,2,3,12.1935483871,0.00263562486551
474,224,2,2,1.69585253456,0.00101450317632
474,236,2,2,2.30414746544,0.00187282752008
474,239,2,2,0.543778801843,6.97006785354e-05
474,249,2,2,29.9539170507,0.0257789199822
474,254,2,2,0.672811059908,2.96513297959e-05
474,257,2,2,2.30414746544,0.00187282752008
474,264,2,2,32.866359447,0.0255928206862
474,281,2,2,26.4976958525,0.0226379735274
508,35,2,2,2.96774193548,0.00130183339486
508,50,2,2,18.064516129,0.0243435924187
508,63,2,2,3.48387096774,0.00357142857143
508,86,2,3,13.4193548387,0.0055159799769
508,93,2,2,31.8709677419,0.00929988308265
508,98,2,2,7.35483870968,0.000801420801421
508,102,2,2,2.77419354839,0.0015132356973
508,104,2,3,6.96774193548,0.00419847939176
508,105,2,2,3.48387096774,0.00357142857143
508,108,2,3,33.4838709677,0.0137552103069
508,109,2,3,5.09677419355,0.00195638726585
508,112,2,2,2.96774193548,0.00130183339486
508,113,2,2,0.516129032258,7.83852635704e-05
508,114,2,2,18.1290322581,0.0132946083941
508,115,2,6,371.225806452,0.150218058425
508,116,2,3,47.4193548387,0.0376779376779
508,117,2,2,35.2258064516,0.027750410509
508,118,2,2,10.5806451613,0.00671258859938
508,119,2,2,11.2903225806,0.0151083484417
508,122,2,3,7.29032258065,0.00377453234596
508,123,2,2,0.516129032258,7.83852635704e-05
508,124,2,3,39.2258064516,0.0253343825906
508,127,2,2,24.3870967742,0.0257142857143
508,129,2,2,35.2258064516,0.027750410509
508,138,2,3,24.8387096774,0.0244857792822
508,142,2,3,52.4516129032,0.0351864788295
508,143,2,3,21.8064516129,0.0056922582017
508,149,2,2,4.51612903226,0.00600137174211
508,155,2,2,6.77419354839,0.00902294405775
508,162,2,2,2.77419354839,0.0015132356973
508,178,2,2,55.2258064516,0.057013383131
508,184,2,2,1.93548387097,0.000279454504807
508,196,2,2,43.935483871,0.0519149879353
508,199,2,2,16.3225806452,0.0177083376561
508,202,2,3,13.935483871,0.00724346076459
508,206,2,2,9.61290322581,0.00331402478391
508,213,2,3,42.0,0.0185965961476
508,217,2,3,31.4193548387,0.014728244519
508,224,2,2,0.516129032258,7.83852635704e-05
508,236,2,2,4.51612903226,0.00600137174211
508,239,2,2,1.22580645161,0.000295445152367
508,249,2,2,30.7096774194,0.0226020892688
508,254,2,2,15.1612903226,0.0125594570039
508,257,2,2,3.48387096774,0.00357142857143
508,264,2,2,39.7419354839,0.031214298876
508,281,2,2,43.935483871,0.0519149879353
605,35,2,2,0.0737327188941,4.30663221361e-05
605,50,2,2,0.147465437788,8.69414014954e-05
605,63,2,2,0.036866359447,2.14334705075e-05
605,86,2,3,0.184331797235,5.45946890287e-05
605,93,2,2,6.56221198157,0.0211301044634
605,98,2,2,0.811059907834,0.000522317188984
605,102,2,2,0.0552995391705,3.22248002062e-05
605,104,2,3,0.165898617512,4.90196078431e-05
605,105,2,2,0.036866359447,2.14334705075e-05
605,108,2,3,0.571428571429,0.000178062678063
605,109,2,3,0.829493087558,0.000267780634105
605,112,2,2,0.0737327188941,4.30663221361e-05
605,113,2,2,0.036866359447,2.14334705075e-05
605,114,2,2,0.276497695853,0.000165738530894
605,115,2,6,4.60829493088,0.00125805152979
605,116,2,3,0.497695852535,0.000153562653563
605,117,2,2,0.516129032258,0.000319284802043
605,118,2,2,0.184331797235,0.000109189378057
605,119,2,2,0.0921658986175,5.39583872917e-05
605,122,2,3,0.0921658986175,2.69791936459e-05
605,123,2,2,0.036866359447,2.14334705075e-05
605,124,2,3,0.700460829493,0.000222128694351
605,127,2,2,0.258064516129,0.000154320987654
605,129,2,2,0.516129032258,0.000319284802043
605,138,2,3,0.36866359447,0.000111826802648
605,142,2,3,0.460829493088,0.000141492348094
605,143,2,3,0.73732718894,0.000235006580184
605,149,2,2,0.036866359447,2.14334705075e-05
605,155,2,2,0.0552995391705,3.22248002062e-05
605,162,2,2,0.0552995391705,3.22248002062e-05
605,178,2,2,0.626728110599,0.000393518518519
605,184,2,2,0.147465437788,8.69414014954e-05
605,196,2,2,0.423963133641,0.000259079030369
605,199,2,2,0.165898617512,9.80392156863e-05
605,202,2,3,3.96313364055,0.123853460268
605,206,2,2,0.3133640553,0.00018873789857
605,213,2,3,0.571428571429,0.000178062678063
605,217,2,3,0.387096774194,0.000117702448211
605,224,2,2,0.036866359447,2.14334705075e-05
605,236,2,2,0.036866359447,2.14334705075e-05
605,239,2,2,0.0552995391705,3.22248002062e-05
605,249,2,2,0.479262672811,0.000295025417574
605,254,2,2,0.202764976959,0.000120392259872
605,257,2,2,0.036866359447,2.14334705075e-05
605,264,2,2,0.589861751152,0.000368527731712
605,281,2,2,0.423963133641,0.000259079030369
608,35,2,2,0.110599078341,6.47493659958e-05
608,50,2,2,0.221198156682,0.000130714682527
608,63,2,2,0.0552995391705,3.22248002062e-05
608,86,2,3,0.276497695853,8.20820382612e-05
608,93,2,2,2.15668202765,0.00152506582549
608,98,2,2,1.21658986175,0.000785293592718
608,102,2,2,0.0829493087557,4.84493515862e-05
608,104,2,3,0.248847926267,7.37000136482e-05
608,105,2,2,0.0552995391705,3.22248002062e-05
608,108,2,3,0.857142857143,0.00026771372479
608,109,2,3,1.24423963134,0.00040260290232
608,112,2,2,0.110599078341,6.47493659958e-05
608,113,2,2,0.0552995391705,3.22248002062e-05
608,114,2,2,0.414746543779,0.000249184612573
608,115,2,6,7.08755760369,0.00710978441736
608,116,2,3,0.746543778802,0.000230878421134
608,117,2,2,0.774193548387,0.000480038403072
608,118,2,2,0.276497695853,0.000164164076522
608,119,2,2,0.138248847926,8.11253711486e-05
608,122,2,3,0.138248847926,4.05626855743e-05
608,123,2,2,0.0552995391705,3.22248002062e-05
608,124,2,3,1.05069124424,0.000333966111228
608,127,2,2,0.387096774194,0.000232018561485
608,129,2,2,0.774193548387,0.000480038403072
608,138,2,3,0.552995391705,0.00016812939238
608,142,2,3,0.691244239631,0.000212730954907
608,143,2,3,1.10599078341,0.000353327758606
608,149,2,2,0.0552995391705,3.22248002062e-05
608,155,2,2,0.0829493087557,4.84493515862e-05
608,162,2,2,0.0829493087557,4.84493515862e-05
608,178,2,2,0.940092165899,0.000591647331787
608,184,2,2,0.221198156682,0.000130714682527
608,196,2,2,0.635944700461,0.000389520212712
608,199,2,2,0.248847926267,0.000147400027296
608,202,2,3,0.221198156682,6.53573412634e-05
608,206,2,2,0.470046082949,0.000283763708291
608,213,2,3,0.857142857143,0.00026771372479
608,217,2,3,0.58064516129,0.000176963309607
608,224,2,2,0.0552995391705,3.22248002062e-05
608,236,2,2,0.0552995391705,3.22248002062e-05
608,239,2,2,0.0829493087557,4.84493515862e-05
608,249,2,2,0.718894009217,0.000443564896956
608,254,2,2,0.304147465438,0.000181007388392
608,257,2,2,0.0552995391705,3.22248002062e-05
608,264,2,2,0.884792626728,0.00055407417668
608,281,2,2,0.635944700461,0.000389520212712
613,35,2,2,0.626728110599,0.000379231498522
613,50,2,2,1.2534562212,0.000765584715326
613,63,2,2,0.3133640553,0.00018873789857
613,86,2,3,1.5668202765,0.00048074747749
613,93,2,2,12.2211981567,0.00893218009862
613,98,2,2,6.89400921659,0.00459939740515
613,102,2,2,0.470046082949,0.000283763708291
613,104,2,3,1.41013824885,0.000431654676259
613,105,2,2,0.3133640553,0.00018873789857
613,108,2,3,4.85714285714,0.00156797638812
613,109,2,3,7.05069124424,0.00235801076363
613,112,2,2,0.626728110599,0.000379231498522
613,113,2,2,3.6866359447,0.0261228925356
613,114,2,2,2.35023041475,0.00145945296269
613,115,2,6,34.5437788018,0.00858618758799
613,116,2,3,4.23041474654,0.00135223516518
613,117,2,2,4.38709677419,0.00281154386835
613,118,2,2,1.5668202765,0.000961494954979
613,119,2,2,19.2165898618,0.285890580008
613,122,2,3,0.783410138249,0.000237572180018
613,123,2,2,0.3133640553,0.00018873789857
613,124,2,3,5.95391705069,0.00195601094882
613,127,2,2,2.1935483871,0.0013589128697
613,129,2,2,4.38709677419,0.00281154386835
613,138,2,3,3.133640553,0.0009847194708
613,142,2,3,3.91705069124,0.00124594700768
613,143,2,3,6.26728110599,0.00206941046148
613,149,2,2,0.3133640553,0.00018873789857
613,155,2,2,0.470046082949,0.000283763708291
613,162,2,2,0.470046082949,0.000283763708291
613,178,2,2,5.32718894009,0.00346522781775
613,184,2,2,1.2534562212,0.000765584715326
613,196,2,2,3.60368663594,0.00228138656958
613,199,2,2,1.41013824885,0.000863309352518
613,202,2,3,1.2534562212,0.000382792357663
613,206,2,2,2.66359447005,0.0016619797687
613,213,2,3,4.85714285714,0.00156797638812
613,217,2,3,3.29032258065,0.00103645896842
613,224,2,2,0.3133640553,0.00018873789857
613,236,2,2,0.3133640553,0.00018873789857
613,239,2,2,0.470046082949,0.000283763708291
613,249,2,2,4.07373271889,0.00259792166267
613,254,2,2,1.72350230415,0.00106014479197
613,257,2,2,0.3133640553,0.00018873789857
613,264,2,2,5.01382488479,0.00324516506198
613,281,2,2,3.60368663594,0.00228138656958
614,35,2,2,0.479262672811,0.000287245207977
614,50,2,2,0.958525345622,0.000579884692159
614,63,2,2,0.239631336406,0.000142957684525
614,86,2,3,1.19815668203,0.000364137498319
614,93,2,2,9.34562211982,0.00676559289012
614,98,2,2,5.27188940092,0.00348376880443
614,102,2,2,0.359447004608,0.000214934059333
614,104,2,3,1.07834101382,0.000326952633785
614,105,2,2,0.239631336406,0.000142957684525
614,108,2,3,3.71428571429,0.00118764845606
614,109,2,3,5.39170506912,0.00178605230538
614,112,2,2,3.52073732719,0.015501468095
614,113,2,2,0.239631336406,0.000142957684525
614,114,2,2,1.79723502304,0.00110544844359
614,115,2,6,29.4746543779,0.0080810633244
614,116,2,3,3.23502304147,0.00102423736628
614,117,2,2,3.35483870968,0.0021295765419
614,118,2,2,1.19815668203,0.000728274996639
614,119,2,2,0.599078341014,0.000359893471532
614,122,2,3,0.599078341014,0.000179946735766
614,123,2,2,0.239631336406,0.000142957684525
614,124,2,3,4.55299539171,0.00148156145781
614,127,2,2,1.67741935484,0.00102929532858
614,129,2,2,3.35483870968,0.0021295765419
614,138,2,3,38.6820276498,0.345869662714
614,142,2,3,2.99539170507,0.000943730435742
614,143,2,3,0.792626728111,9.50431181875e-05
614,149,2,2,0.239631336406,0.000142957684525
614,155,2,2,0.359447004608,0.000214934059333
614,162,2,2,0.359447004608,0.000214934059333
614,178,2,2,4.07373271889,0.00262470308789
614,184,2,2,0.958525345622,0.000579884692159
614,196,2,2,2.75576036866,0.00172801405528
614,199,2,2,1.07834101382,0.00065390526757
614,202,2,3,0.958525345622,0.00028994234608
614,206,2,2,2.03686635945,0.00125885040186
614,213,2,3,3.71428571429,0.00118764845606
614,217,2,3,2.51612903226,0.000785055759089
614,224,2,2,0.239631336406,0.000142957684525
614,236,2,2,0.239631336406,0.000142957684525
614,239,2,2,0.359447004608,0.000214934059333
614,249,2,2,3.11520737327,0.00196777048111
614,254,2,2,1.31797235023,0.000802996355632
614,257,2,2,0.239631336406,0.000142957684525
614,264,2,2,3.83410138249,0.00245801869512
614,281,2,2,2.75576036866,0.00172801405528
620,35,2,2,0.811059907834,0.000496726123278
620,50,2,2,1.62211981567,0.00100278043667
620,63,2,2,0.405529953917,0.00024721323265
620,86,2,3,2.37788018433,0.00119433712468
620,93,2,2,11.8156682028,0.00652997551519
620,98,2,2,8.92165898618,0.00602439631566
620,102,2,2,0.608294930876,0.000371680219854
620,104,2,3,1.82488479263,0.000565391205026
620,105,2,2,0.405529953917,0.00024721323265
620,108,2,3,6.28571428571,0.00205377147125
620,109,2,3,9.12442396313,0.00308857663414
620,112,2,2,0.811059907834,0.000496726123278
620,113,2,2,0.405529953917,0.00024721323265
620,114,2,2,3.04147465438,0.0019116249971
620,115,2,6,49.8801843318,0.0139743854576
620,116,2,3,5.47465437788,0.00177118866439
620,117,2,2,5.67741935484,0.00368262470706
620,118,2,2,2.02764976959,0.00125938816633
620,119,2,2,1.01382488479,0.000622354991287
620,122,2,3,1.01382488479,0.000311177495644
620,123,2,2,0.405529953917,0.00024721323265
620,124,2,3,7.70506912442,0.00256202804746
620,127,2,2,2.83870967742,0.00177993527508
620,129,2,2,5.67741935484,0.00368262470706
620,138,2,3,4.05529953917,0.00128980817035
620,142,2,3,5.06912442396,0.00163196999549
620,143,2,3,8.11059907834,0.00271056133261
620,149,2,2,0.405529953917,0.00024721323265
620,155,2,2,0.608294930876,0.000371680219854
620,162,2,2,0.608294930876,0.000371680219854
620,178,2,2,6.89400921659,0.00453883495146
620,184,2,2,6.37788018433,0.0155021775253
620,196,2,2,4.66359447005,0.00298821250561
620,199,2,2,1.82488479263,0.00113078241005
620,202,2,3,1.62211981567,0.000501390218333
620,206,2,2,3.44700460829,0.00217689925729
620,213,2,3,6.28571428571,0.00205377147125
620,217,2,3,1.62211981567,0.000706550319846
620,224,2,2,0.405529953917,0.00024721323265
620,236,2,2,0.405529953917,0.00024721323265
620,239,2,2,0.608294930876,0.000371680219854
620,249,2,2,5.27188940092,0.00340281743765
620,254,2,2,2.23041474654,0.00138860198765
620,257,2,2,0.405529953917,0.00024721323265
620,264,2,2,6.48847926267,0.00425059170169
620,281,2,2,4.66359447005,0.00298821250561
652,35,2,2,1.84331797235,0.00121124031008
652,50,2,2,3.6866359447,0.00244522691706
652,63,2,2,0.921658986175,0.000602816358025
652,86,2,3,0.921658986175,0.000309306210692
652,93,2,2,35.9447004608,0.0285287921348
652,98,2,2,20.2764976959,0.0146901709402
652,102,2,2,1.38248847926,0.0009063225058
652,104,2,3,4.14746543779,0.00137867647059
652,105,2,2,0.921658986175,0.000602816358025
652,108,2,3,14.2857142857,0.00500801282051
652,109,2,3,20.7373271889,0.00753133033419
652,112,2,2,1.84331797235,0.00121124031008
652,113,2,2,0.921658986175,0.000602816358025
652,114,2,2,6.91244239631,0.00466139618138
652,115,2,6,111.98156682,0.0353903664303
652,116,2,3,12.4423963134,0.00431894963145
652,117,2,2,12.9032258065,0.00897988505747
652,118,2,2,23.3917050691,0.079125442217
652,119,2,2,2.30414746544,0.00151757964258
652,122,2,3,2.30414746544,0.00075878982129
652,123,2,2,0.921658986175,0.000602816358025
652,124,2,3,17.5115207373,0.00624736952862
652,127,2,2,6.45161290323,0.00434027777778
652,129,2,2,12.9032258065,0.00897988505747
652,138,2,3,9.21658986175,0.00314512882448
652,142,2,3,11.5207373272,0.00397947229014
652,143,2,3,18.4331797235,0.00660956006768
652,149,2,2,0.921658986175,0.000602816358025
652,155,2,2,1.38248847926,0.0009063225058
652,162,2,2,2.61751152074,0.00324890435679
652,178,2,2,15.668202765,0.0110677083333
652,184,2,2,8.3133640553,0.0124340400039
652,196,2,2,10.599078341,0.00728659772912
652,199,2,2,27.8525345622,0.124352995643
652,202,2,3,3.6866359447,0.00122261345853
652,206,2,2,7.83410138249,0.00530825339728
652,213,2,3,14.2857142857,0.00500801282051
652,217,2,3,5.67741935484,0.00147055627988
652,224,2,2,3.07834101382,0.00672477816358
652,236,2,2,3.07834101382,0.00672477816358
652,239,2,2,1.38248847926,0.0009063225058
652,249,2,2,11.9815668203,0.00829758986928
652,254,2,2,5.06912442396,0.0033860323089
652,257,2,2,0.921658986175,0.000602816358025
652,264,2,2,14.7465437788,0.0103648424544
652,281,2,2,10.599078341,0.00728659772912
722,35,2,2,0.0737327188941,4.30663221361e-05
722,50,2,2,0.147465437788,8.69414014954e-05
722,63,2,2,0.036866359447,2.14334705075e-05
722,86,2,3,0.184331797235,5.45946890287e-05
722,93,2,2,2.56221198157,0.00322130056447
722,98,2,2,0.811059907834,0.000522317188984
722,102,2,2,0.0552995391705,3.22248002062e-05
722,104,2,3,0.165898617512,4.90196078431e-05
722,105,2,2,0.036866359447,2.14334705075e-05
722,108,2,3,0.571428571429,0.000178062678063
722,109,2,3,0.829493087558,0.000267780634105
722,112,2,2,0.0737327188941,4.30663221361e-05
722,113,2,2,0.036866359447,2.14334705075e-05
722,114,2,2,3.72350230415,0.0300568667315
722,115,2,6,4.53456221198,0.00121158392435
722,116,2,3,0.497695852535,0.000153562653563
722,117,2,2,0.516129032258,0.000319284802043
722,118,2,2,0.184331797235,0.000109189378057
722,119,2,2,0.0921658986175,5.39583872917e-05
722,122,2,3,0.0921658986175,2.69791936459e-05
722,123,2,2,0.036866359447,2.14334705075e-05
722,124,2,3,0.700460829493,0.000222128694351
722,127,2,2,0.258064516129,0.000154320987654
722,129,2,2,0.516129032258,0.000319284802043
722,138,2,3,3.83410138249,0.0261982241904
722,142,2,3,0.460829493088,0.000141492348094
722,143,2,3,3.29953917051,0.00493204599202
722,149,2,2,0.036866359447,2.14334705075e-05
722,155,2,2,0.0552995391705,3.22248002062e-05
722,162,2,2,0.0552995391705,3.22248002062e-05
722,178,2,2,0.626728110599,0.000393518518519
722,184,2,2,0.147465437788,8.69414014954e-05
722,196,2,2,0.423963133641,0.000259079030369
722,199,2,2,0.165898617512,9.80392156863e-05
722,202,2,3,0.147465437788,4.34707007477e-05
722,206,2,2,0.3133640553,0.00018873789857
722,213,2,3,0.571428571429,0.000178062678063
722,217,2,3,0.387096774194,0.000117702448211
722,224,2,2,0.036866359447,2.14334705075e-05
722,236,2,2,0.036866359447,2.14334705075e-05
722,239,2,2,0.0552995391705,3.22248002062e-05
722,249,2,2,0.479262672811,0.000295025417574
722,254,2,2,0.202764976959,0.000120392259872
722,257,2,2,0.036866359447,2.14334705075e-05
722,264,2,2,0.589861751152,0.000368527731712
722,281,2,2,0.423963133641,0.000259079030369
735,35,2,2,0.0737327188941,4.30663221361e-05
735,50,2,2,0.147465437788,8.69414014954e-05
735,63,2,2,0.036866359447,2.14334705075e-05
735,86,2,3,0.184331797235,5.45946890287e-05
735,93,2,2,1.43778801843,0.00101435705368
735,98,2,2,0.811059907834,0.000522317188984
735,102,2,2,0.0552995391705,3.22248002062e-05
735,104,2,3,0.165898617512,4.90196078431e-05
735,105,2,2,0.036866359447,2.14334705075e-05
735,108,2,3,0.571428571429,0.000178062678063
735,109,2,3,0.829493087558,0.000267780634105
735,112,2,2,0.0737327188941,4.30663221361e-05
735,113,2,2,0.036866359447,2.14334705075e-05
735,114,2,2,0.276497695853,0.000165738530894
735,115,2,6,1.14285714286,0.000154445900572
735,116,2,3,0.497695852535,0.000153562653563
735,117,2,2,0.516129032258,0.000319284802043
735,118,2,2,0.184331797235,0.000109189378057
735,119,2,2,0.0921658986175,5.39583872917e-05
735,122,2,3,0.0921658986175,2.69791936459e-05
735,123,2,2,0.036866359447,2.14334705075e-05
735,124,2,3,0.700460829493,0.000222128694351
735,127,2,2,0.258064516129,0.000154320987654
735,129,2,2,0.516129032258,0.000319284802043
735,138,2,3,0.36866359447,0.000111826802648
735,142,2,3,0.460829493088,0.000141492348094
735,143,2,3,0.73732718894,0.000235006580184
735,149,2,2,0.036866359447,2.14334705075e-05
735,155,2,2,0.0552995391705,3.22248002062e-05
735,162,2,2,0.0552995391705,3.22248002062e-05
735,178,2,2,0.626728110599,0.000393518518519
735,184,2,2,3.85253456221,0.05933886498
735,196,2,2,0.423963133641,0.000259079030369
735,199,2,2,0.165898617512,9.80392156863e-05
735,202,2,3,0.147465437788,4.34707007477e-05
735,206,2,2,0.3133640553,0.00018873789857
735,213,2,3,0.571428571429,0.000178062678063
735,217,2,3,0.387096774194,0.000117702448211
735,224,2,2,0.036866359447,2.14334705075e-05
735,236,2,2,0.036866359447,2.14334705075e-05
735,239,2,2,0.0552995391705,3.22248002062e-05
735,249,2,2,0.479262672811,0.000295025417574
735,254,2,2,0.202764976959,0.000120392259872
735,257,2,2,0.036866359447,2.14334705075e-05
735,264,2,2,0.589861751152,0.000368527731712
735,281,2,2,0.423963133641,0.000259079030369
744,35,2,2,0.0737327188941,4.30663221361e-05
744,50,2,2,0.147465437788,8.69414014954e-05
744,63,2,2,0.036866359447,2.14334705075e-05
744,86,2,3,0.184331797235,5.45946890287e-05
744,93,2,2,2.56221198157,0.00322130056447
744,98,2,2,0.811059907834,0.000522317188984
744,102,2,2,0.0552995391705,3.22248002062e-05
744,104,2,3,0.165898617512,4.90196078431e-05
744,105,2,2,0.036866359447,2.14334705075e-05
744,108,2,3,0.571428571429,0.000178062678063
744,109,2,3,0.829493087558,0.000267780634105
744,112,2,2,0.0737327188941,4.30663221361e-05
744,113,2,2,0.036866359447,2.14334705075e-05
744,114,2,2,0.276497695853,0.000165738530894
744,115,2,6,1.14285714286,0.000154445900572
744,116,2,3,0.497695852535,0.000153562653563
744,117,2,2,0.516129032258,0.000319284802043
744,118,2,2,0.184331797235,0.000109189378057
744,119,2,2,0.0921658986175,5.39583872917e-05
744,122,2,3,0.0921658986175,2.69791936459e-05
744,123,2,2,0.036866359447,2.14334705075e-05
744,124,2,3,3.81566820276,0.0234351618032
744,127,2,2,0.258064516129,0.000154320987654
744,129,2,2,0.516129032258,0.000319284802043
744,138,2,3,0.36866359447,0.000111826802648
744,142,2,3,0.460829493088,0.000141492348094
744,143,2,3,0.73732718894,0.000235006580184
744,149,2,2,0.036866359447,2.14334705075e-05
744,155,2,2,0.0552995391705,3.22248002062e-05
744,162,2,2,0.0552995391705,3.22248002062e-05
744,178,2,2,0.626728110599,0.000393518518519
744,184,2,2,0.147465437788,8.69414014954e-05
744,196,2,2,0.423963133641,0.000259079030369
744,199,2,2,0.165898617512,9.80392156863e-05
744,202,2,3,0.147465437788,4.34707007477e-05
744,206,2,2,3.6866359447,0.0261228925356
744,213,2,3,3.81566820276,0.0234241452991
744,217,2,3,0.387096774194,0.000117702448211
744,224,2,2,0.036866359447,2.14334705075e-05
744,236,2,2,0.036866359447,2.14334705075e-05
744,239,2,2,0.0552995391705,3.22248002062e-05
744,249,2,2,0.479262672811,0.000295025417574
744,254,2,2,0.202764976959,0.000120392259872
744,257,2,2,0.036866359447,2.14334705075e-05
744,264,2,2,3.41013824885,0.0123172476737
744,281,2,2,0.423963133641,0.000259079030369
