PB1 site,PA site,N alleles PB1,N alleles PA,Chi,ChiSqDf
66,19,2,2,10.3963133641,0.0451236098888
66,30,2,2,1.06912442396,0.00071414499606
66,34,2,2,1.06912442396,0.00071414499606
66,60,2,3,6.65437788018,0.00315524021795
66,62,2,2,27.2626728111,0.0205405255264
66,105,2,2,1.84331797235,0.000232617538153
66,130,2,2,4.79262672811,0.00482831759702
66,158,2,2,8.55299539171,0.00590450982388
66,196,2,2,6.65437788018,0.00563757976993
66,198,2,2,6.93087557604,0.0300127713921
66,200,2,2,1.06912442396,0.00071414499606
66,210,2,2,79.9631336406,0.284787306684
66,214,2,2,1.06912442396,0.00071414499606
66,235,2,2,10.1566820276,0.00706229172007
66,236,2,2,1.06912442396,0.00071414499606
66,248,2,2,2.93087557604,0.00536691428222
66,252,2,2,19.5207373272,0.0119872286554
66,256,2,2,2.13824884793,0.00143493320139
66,258,2,5,103.483870968,0.0310282370279
66,263,2,2,1.06912442396,0.00071414499606
66,272,2,2,1.06912442396,0.00071414499606
66,294,2,2,5.8801843318,0.00401136763744
66,298,2,2,19.7788018433,0.0143764403237
66,307,2,3,2.13824884793,0.000717466600693
66,313,2,2,6.39631336406,0.0170806572327
66,323,2,2,1.06912442396,0.00071414499606
66,387,2,2,7.18894009217,0.00729359975832
66,395,2,2,1.60368663594,0.00107370291751
66,399,2,2,2.13824884793,0.00143493320139
66,412,2,2,1.06912442396,0.00071414499606
66,415,2,2,1.60368663594,0.00107370291751
66,417,2,2,2.93087557604,0.00536691428222
66,434,2,2,15.2442396313,0.00875527111796
66,443,2,2,3.20737327189,0.00216245774508
66,454,2,2,6.41474654378,0.00438640717959
66,462,2,2,3.74193548387,0.00252877572375
66,478,2,2,12.2949308756,0.00863229279909
66,485,2,2,173.271889401,0.844109195402
66,499,2,2,2.93087557604,0.00536691428222
66,500,2,2,2.93087557604,0.00536691428222
66,530,2,4,5.8801843318,0.00133712254581
66,547,2,2,3.74193548387,0.00252877572375
66,559,2,2,5.34562211982,0.00363809714974
66,562,2,2,2.67281105991,0.00179784754253
66,614,2,2,1.60368663594,0.00107370291751
66,617,2,2,22.4516129032,0.0165273556231
66,625,2,3,4.27649769585,0.00409545484434
66,691,2,2,1.06912442396,0.00071414499606
66,700,2,2,58.267281106,0.0517348608838
66,711,2,2,1.06912442396,0.00071414499606
69,19,2,2,0.608294930876,0.000371680219854
69,30,2,2,0.405529953917,0.00024721323265
69,34,2,2,0.405529953917,0.00024721323265
69,60,2,3,2.4331797235,0.000759214098376
69,62,2,2,69.6589861751,0.322644991803
69,105,2,2,3.85253456221,0.00244473037782
69,130,2,2,1.21658986175,0.000748570910081
69,158,2,2,3.24423963134,0.00204394481349
69,196,2,2,2.02764976959,0.00125938816633
69,198,2,2,0.405529953917,0.00024721323265
69,200,2,2,0.405529953917,0.00024721323265
69,210,2,2,6.08294930876,0.00396520234548
69,214,2,2,3.59447004608,0.0194220726684
69,235,2,2,0.147465437788,3.58194052747e-06
69,236,2,2,0.405529953917,0.00024721323265
69,248,2,2,0.405529953917,0.00024721323265
69,252,2,2,8.92165898618,0.00602439631566
69,256,2,2,0.811059907834,0.000496726123278
69,258,2,5,38.8387096774,0.0104734151018
69,263,2,2,3.59447004608,0.0194220726684
69,272,2,2,7.59447004608,0.0867003367003
69,294,2,2,2.23041474654,0.00138860198765
69,298,2,2,7.50230414747,0.00497664522756
69,307,2,3,0.811059907834,0.000248363061639
69,313,2,2,0.608294930876,0.000371680219854
69,323,2,2,0.405529953917,0.00024721323265
69,387,2,2,1.82488479263,0.00113078241005
69,395,2,2,0.608294930876,0.000371680219854
69,399,2,2,3.18894009217,0.00767898561136
69,412,2,2,0.405529953917,0.00024721323265
69,415,2,2,0.608294930876,0.000371680219854
69,417,2,2,0.405529953917,0.00024721323265
69,434,2,2,7.29953917051,0.00482997511831
69,443,2,2,1.21658986175,0.000748570910081
69,454,2,2,2.4331797235,0.00151842819675
69,462,2,2,1.41935483871,0.000875378004138
69,478,2,2,4.66359447005,0.00298821250561
69,485,2,2,10.1382488479,0.00695287216828
69,499,2,2,0.405529953917,0.00024721323265
69,500,2,2,0.405529953917,0.00024721323265
69,530,2,4,2.23041474654,0.000462867329217
69,547,2,2,1.41935483871,0.000875378004138
69,559,2,2,2.02764976959,0.00125938816633
69,562,2,2,1.01382488479,0.000622354991287
69,614,2,2,0.608294930876,0.000371680219854
69,617,2,2,4.51612903226,0.00160892909679
69,625,2,3,2.02764976959,0.000629694083165
69,691,2,2,0.405529953917,0.00024721323265
69,700,2,2,57.8986175115,0.122904025697
69,711,2,2,0.405529953917,0.00024721323265
94,19,2,2,0.0829493087557,4.84493515862e-05
94,30,2,2,0.0552995391705,3.22248002062e-05
94,34,2,2,0.0552995391705,3.22248002062e-05
94,60,2,3,0.331797235023,9.89652631926e-05
94,62,2,2,1.41013824885,0.000926862660762
94,105,2,2,0.52534562212,0.000318676096497
94,130,2,2,0.165898617511,9.75778996899e-05
94,158,2,2,0.442396313364,0.000266432797877
94,196,2,2,0.276497695853,0.000164164076522
94,198,2,2,0.0552995391705,3.22248002062e-05
94,200,2,2,0.0552995391705,3.22248002062e-05
94,210,2,2,3.17050691244,0.00755119595486
94,214,2,2,0.0552995391705,3.22248002062e-05
94,235,2,2,3.47465437788,0.0139406324774
94,236,2,2,0.0552995391705,3.22248002062e-05
94,248,2,2,0.0552995391705,3.22248002062e-05
94,252,2,2,1.21658986175,0.000785293592718
94,256,2,2,3.88940092166,0.0800751812083
94,258,2,5,2.38709677419,0.000326692802091
94,263,2,2,0.0552995391705,3.22248002062e-05
94,272,2,2,0.0552995391705,3.22248002062e-05
94,294,2,2,0.304147465438,0.000181007388392
94,298,2,2,1.02304147465,0.000648716884756
94,307,2,3,0.110599078341,3.23746829979e-05
94,313,2,2,0.0829493087557,4.84493515862e-05
94,323,2,2,0.0552995391705,3.22248002062e-05
94,387,2,2,0.248847926267,0.000147400027296
94,395,2,2,0.0829493087557,4.84493515862e-05
94,399,2,2,0.110599078341,6.47493659958e-05
94,412,2,2,0.0552995391705,3.22248002062e-05
94,415,2,2,0.0829493087557,4.84493515862e-05
94,417,2,2,0.0552995391705,3.22248002062e-05
94,434,2,2,0.995391705069,0.000629598106542
94,443,2,2,0.165898617511,9.75778996899e-05
94,454,2,2,0.331797235023,0.000197930526385
94,462,2,2,0.193548387097,0.000114107489255
94,478,2,2,0.635944700461,0.000389520212712
94,485,2,2,2.61751152074,0.00324890435679
94,499,2,2,0.0552995391705,3.22248002062e-05
94,500,2,2,0.0552995391705,3.22248002062e-05
94,530,2,4,0.304147465438,6.03357961308e-05
94,547,2,2,0.193548387097,0.000114107489255
94,559,2,2,0.276497695853,0.000164164076522
94,562,2,2,0.138248847926,8.11253711486e-05
94,614,2,2,3.91705069124,0.108039063336
94,617,2,2,1.16129032258,0.00074577394763
94,625,2,3,0.276497695853,8.20820382612e-05
94,691,2,2,0.0552995391705,3.22248002062e-05
94,700,2,2,3.01382488479,0.00233446368017
94,711,2,2,0.0552995391705,3.22248002062e-05
164,19,2,2,4.5069124424,0.00418660799137
164,30,2,2,3.00460829493,0.00278461117945
164,34,2,2,3.00460829493,0.00278461117945
164,60,2,3,18.0276497696,0.00855179167905
164,62,2,2,127.382488479,0.221387496196
164,105,2,2,28.5437788018,0.0275374560975
164,130,2,2,2.98617511521,0.000925418347699
164,158,2,2,24.0368663594,0.0230230053497
164,196,2,2,11.0230414747,0.00763729572705
164,198,2,2,4.99539170507,0.00769711429221
164,200,2,2,4.99539170507,0.00769711429221
164,210,2,2,37.069124424,0.0302151404555
164,214,2,2,3.00460829493,0.00278461117945
164,235,2,2,24.5437788018,0.0203602797044
164,236,2,2,0.995391705069,0.000305616553098
164,248,2,2,3.00460829493,0.00278461117945
164,252,2,2,66.1013824885,0.0678588324345
164,256,2,2,2.00921658986,0.00062550047672
164,258,2,5,323.520737327,0.149063790723
164,263,2,2,4.99539170507,0.00769711429221
164,272,2,2,4.99539170507,0.00769711429221
164,294,2,2,16.5253456221,0.015641220242
164,298,2,2,39.5852534562,0.0284300229469
164,307,2,3,5.99078341014,0.00400855199877
164,313,2,2,4.5069124424,0.00418660799137
164,323,2,2,3.00460829493,0.00278461117945
164,387,2,2,13.5207373272,0.0127371391361
164,395,2,2,0.506912442396,5.29626807093e-05
164,399,2,2,1.99078341014,0.000614076050876
164,412,2,2,3.00460829493,0.00278461117945
164,415,2,2,4.5069124424,0.00418660799137
164,417,2,2,3.00460829493,0.00278461117945
164,434,2,2,54.0829493088,0.0544048656567
164,443,2,2,9.01382488479,0.00843190674897
164,454,2,2,18.0276497696,0.0171035833581
164,462,2,2,2.51612903226,0.000564472103536
164,478,2,2,34.5529953917,0.0336592417019
164,485,2,2,67.1152073733,0.0625234919144
164,499,2,2,0.995391705069,0.000305616553098
164,500,2,2,0.995391705069,0.000305616553098
164,530,2,4,6.00921658986,0.00272734877199
164,547,2,2,13.4838709677,0.0162108520411
164,559,2,2,15.0230414747,0.0141857550651
164,562,2,2,7.51152073733,0.00701020996224
164,614,2,2,4.5069124424,0.00418660799137
164,617,2,2,59.0967741935,0.0565320552417
164,625,2,3,11.9815668203,0.00695384442558
164,691,2,2,0.995391705069,0.000305616553098
164,700,2,2,192.248847926,0.278048280721
164,711,2,2,0.995391705069,0.000305616553098
171,19,2,2,0.0552995391705,3.22248002062e-05
171,30,2,2,0.036866359447,2.14334705075e-05
171,34,2,2,0.036866359447,2.14334705075e-05
171,60,2,3,0.221198156682,6.58241179568e-05
171,62,2,2,0.940092165899,0.000616478096896
171,105,2,2,0.350230414747,0.000211958946899
171,130,2,2,0.110599078341,6.49013499481e-05
171,158,2,2,0.294930875576,0.000177210703526
171,196,2,2,0.184331797235,0.000109189378057
171,198,2,2,0.036866359447,2.14334705075e-05
171,200,2,2,0.036866359447,2.14334705075e-05
171,210,2,2,0.552995391705,0.000343784378438
171,214,2,2,0.036866359447,2.14334705075e-05
171,235,2,2,0.350230414747,0.000211958946899
171,236,2,2,0.036866359447,2.14334705075e-05
171,248,2,2,0.036866359447,2.14334705075e-05
171,252,2,2,0.811059907834,0.000522317188984
171,256,2,2,0.0737327188941,4.30663221361e-05
171,258,2,5,4.25806451613,0.00131704980843
171,263,2,2,0.036866359447,2.14334705075e-05
171,272,2,2,0.036866359447,2.14334705075e-05
171,294,2,2,0.202764976959,0.000120392259872
171,298,2,2,0.68202764977,0.000431476816867
171,307,2,3,0.0737327188941,2.1533161068e-05
171,313,2,2,0.0552995391705,3.22248002062e-05
171,323,2,2,0.036866359447,2.14334705075e-05
171,387,2,2,0.165898617512,9.80392156863e-05
171,395,2,2,0.0552995391705,3.22248002062e-05
171,399,2,2,0.0737327188941,4.30663221361e-05
171,412,2,2,0.036866359447,2.14334705075e-05
171,415,2,2,0.0552995391705,3.22248002062e-05
171,417,2,2,0.036866359447,2.14334705075e-05
171,434,2,2,0.663594470046,0.000418760469012
171,443,2,2,0.110599078341,6.49013499481e-05
171,454,2,2,0.221198156682,0.000131648235914
171,462,2,2,0.129032258064,7.58955676988e-05
171,478,2,2,0.423963133641,0.000259079030369
171,485,2,2,7.07834101382,0.0355555555556
171,499,2,2,0.036866359447,2.14334705075e-05
171,500,2,2,0.036866359447,2.14334705075e-05
171,530,2,4,0.202764976959,4.01307532907e-05
171,547,2,2,0.129032258064,7.58955676988e-05
171,559,2,2,0.184331797235,0.000109189378057
171,562,2,2,0.0921658986175,5.39583872917e-05
171,614,2,2,0.0552995391705,3.22248002062e-05
171,617,2,2,0.774193548387,0.000496031746032
171,625,2,3,0.184331797235,5.45946890287e-05
171,691,2,2,0.036866359447,2.14334705075e-05
171,700,2,2,2.00921658986,0.00155270655271
171,711,2,2,0.036866359447,2.14334705075e-05
176,19,2,2,6.77419354839,0.00902294405775
176,30,2,2,4.51612903226,0.00600137174211
176,34,2,2,3.48387096774,0.00357142857143
176,60,2,3,13.4193548387,0.00831629966363
176,62,2,2,88.8387096774,0.102722864603
176,105,2,2,33.0967741935,0.0353184165232
176,130,2,2,1.54838709677,0.000237353508382
176,158,2,2,36.1290322581,0.0496189969874
176,196,2,2,17.4193548387,0.0181940700809
176,198,2,2,3.48387096774,0.00357142857143
176,200,2,2,3.48387096774,0.00357142857143
176,210,2,2,31.7419354839,0.0211346848971
176,214,2,2,4.51612903226,0.00600137174211
176,235,2,2,42.9032258065,0.0593485051316
176,236,2,2,3.48387096774,0.00357142857143
176,248,2,2,0.516129032258,7.83852635704e-05
176,252,2,2,23.3548387097,0.00808105474772
176,256,2,2,2.96774193548,0.00130183339486
176,258,2,5,378.0,0.193440977924
176,263,2,2,3.48387096774,0.00357142857143
176,272,2,2,3.48387096774,0.00357142857143
176,294,2,2,24.8387096774,0.0337098327642
176,298,2,2,20.4516129032,0.00723926517377
176,307,2,3,3.48387096774,0.00182249644044
176,313,2,2,5.22580645161,0.00536957242294
176,323,2,2,4.51612903226,0.00600137174211
176,387,2,2,15.6774193548,0.0163361344538
176,395,2,2,2.77419354839,0.0015132356973
176,399,2,2,6.96774193548,0.00717607973422
176,412,2,2,4.51612903226,0.00600137174211
176,415,2,2,2.77419354839,0.0015132356973
176,417,2,2,0.516129032258,7.83852635704e-05
176,434,2,2,9.29032258065,0.0015314668581
176,443,2,2,13.5483870968,0.0181723779855
176,454,2,2,16.9032258065,0.0143442246128
176,462,2,2,12.1935483871,0.0126463700234
176,478,2,2,43.935483871,0.0519149879353
176,485,2,2,112.903225806,0.168788580247
176,499,2,2,0.516129032258,7.83852635704e-05
176,500,2,2,0.516129032258,7.83852635704e-05
176,530,2,4,9.03225806452,0.0040195847436
176,547,2,2,12.1935483871,0.0126463700234
176,559,2,2,17.4193548387,0.0181940700809
176,562,2,2,8.70967741935,0.00899100899101
176,614,2,2,5.22580645161,0.00536957242294
176,617,2,2,94.8387096774,0.138888888889
176,625,2,3,9.93548387097,0.00371439980604
176,691,2,2,3.48387096774,0.00357142857143
176,700,2,2,185.870967742,0.247939002214
176,711,2,2,3.48387096774,0.00357142857143
177,19,2,2,0.0829493087557,4.84493515862e-05
177,30,2,2,0.0552995391705,3.22248002062e-05
177,34,2,2,0.0552995391705,3.22248002062e-05
177,60,2,3,0.331797235023,9.89652631926e-05
177,62,2,2,1.41013824885,0.000926862660762
177,105,2,2,0.52534562212,0.000318676096497
177,130,2,2,0.165898617511,9.75778996899e-05
177,158,2,2,0.442396313364,0.000266432797877
177,196,2,2,0.276497695853,0.000164164076522
177,198,2,2,0.0552995391705,3.22248002062e-05
177,200,2,2,0.0552995391705,3.22248002062e-05
177,210,2,2,0.829493087558,0.000516873033011
177,214,2,2,0.0552995391705,3.22248002062e-05
177,235,2,2,0.52534562212,0.000318676096497
177,236,2,2,0.0552995391705,3.22248002062e-05
177,248,2,2,0.0552995391705,3.22248002062e-05
177,252,2,2,1.21658986175,0.000785293592718
177,256,2,2,0.110599078341,6.47493659958e-05
177,258,2,5,6.38709677419,0.00198015841267
177,263,2,2,0.0552995391705,3.22248002062e-05
177,272,2,2,0.0552995391705,3.22248002062e-05
177,294,2,2,0.304147465438,0.000181007388392
177,298,2,2,1.02304147465,0.000648716884756
177,307,2,3,0.110599078341,3.23746829979e-05
177,313,2,2,0.0829493087557,4.84493515862e-05
177,323,2,2,0.0552995391705,3.22248002062e-05
177,387,2,2,0.248847926267,0.000147400027296
177,395,2,2,0.0829493087557,4.84493515862e-05
177,399,2,2,0.110599078341,6.47493659958e-05
177,412,2,2,0.0552995391705,3.22248002062e-05
177,415,2,2,0.0829493087557,4.84493515862e-05
177,417,2,2,0.0552995391705,3.22248002062e-05
177,434,2,2,0.995391705069,0.000629598106542
177,443,2,2,0.165898617511,9.75778996899e-05
177,454,2,2,0.331797235023,0.000197930526385
177,462,2,2,0.193548387097,0.000114107489255
177,478,2,2,0.635944700461,0.000389520212712
177,485,2,2,1.38248847926,0.0009063225058
177,499,2,2,0.0552995391705,3.22248002062e-05
177,500,2,2,0.0552995391705,3.22248002062e-05
177,530,2,4,0.304147465438,6.03357961308e-05
177,547,2,2,3.8064516129,0.0441342411218
177,559,2,2,0.276497695853,0.000164164076522
177,562,2,2,0.138248847926,8.11253711486e-05
177,614,2,2,0.0829493087557,4.84493515862e-05
177,617,2,2,1.16129032258,0.00074577394763
177,625,2,3,0.276497695853,8.20820382612e-05
177,691,2,2,0.0552995391705,3.22248002062e-05
177,700,2,2,8.98617511521,0.0207539538943
177,711,2,2,0.0552995391705,3.22248002062e-05
190,19,2,2,0.0552995391705,3.22248002062e-05
190,30,2,2,0.036866359447,2.14334705075e-05
190,34,2,2,0.036866359447,2.14334705075e-05
190,60,2,3,0.221198156682,6.58241179568e-05
190,62,2,2,7.0599078341,0.034767610748
190,105,2,2,0.350230414747,0.000211958946899
190,130,2,2,0.110599078341,6.49013499481e-05
190,158,2,2,0.294930875576,0.000177210703526
190,196,2,2,0.184331797235,0.000109189378057
190,198,2,2,0.036866359447,2.14334705075e-05
190,200,2,2,0.036866359447,2.14334705075e-05
190,210,2,2,0.552995391705,0.000343784378438
190,214,2,2,0.036866359447,2.14334705075e-05
190,235,2,2,0.350230414747,0.000211958946899
190,236,2,2,0.036866359447,2.14334705075e-05
190,248,2,2,0.036866359447,2.14334705075e-05
190,252,2,2,0.811059907834,0.000522317188984
190,256,2,2,0.0737327188941,4.30663221361e-05
190,258,2,5,4.25806451613,0.00131704980843
190,263,2,2,0.036866359447,2.14334705075e-05
190,272,2,2,0.036866359447,2.14334705075e-05
190,294,2,2,0.202764976959,0.000120392259872
190,298,2,2,0.68202764977,0.000431476816867
190,307,2,3,0.0737327188941,2.1533161068e-05
190,313,2,2,0.0552995391705,3.22248002062e-05
190,323,2,2,0.036866359447,2.14334705075e-05
190,387,2,2,0.165898617512,9.80392156863e-05
190,395,2,2,0.0552995391705,3.22248002062e-05
190,399,2,2,0.0737327188941,4.30663221361e-05
190,412,2,2,0.036866359447,2.14334705075e-05
190,415,2,2,0.0552995391705,3.22248002062e-05
190,417,2,2,0.036866359447,2.14334705075e-05
190,434,2,2,0.663594470046,0.000418760469012
190,443,2,2,0.110599078341,6.49013499481e-05
190,454,2,2,0.221198156682,0.000131648235914
190,462,2,2,0.129032258064,7.58955676988e-05
190,478,2,2,0.423963133641,0.000259079030369
190,485,2,2,0.921658986175,0.000602816358025
190,499,2,2,0.036866359447,2.14334705075e-05
190,500,2,2,0.036866359447,2.14334705075e-05
190,530,2,4,0.202764976959,4.01307532907e-05
190,547,2,2,0.129032258064,7.58955676988e-05
190,559,2,2,0.184331797235,0.000109189378057
190,562,2,2,0.0921658986175,5.39583872917e-05
190,614,2,2,0.0552995391705,3.22248002062e-05
190,617,2,2,0.774193548387,0.000496031746032
190,625,2,3,0.184331797235,5.45946890287e-05
190,691,2,2,0.036866359447,2.14334705075e-05
190,700,2,2,5.99078341014,0.0138039415562
190,711,2,2,0.036866359447,2.14334705075e-05
196,19,2,2,0.746543778802,0.000461756842267
196,30,2,2,0.497695852535,0.000307125307125
196,34,2,2,3.50230414747,0.0152088115051
196,60,2,3,9.51152073733,0.0115560627409
196,62,2,2,12.6912442396,0.00883366157518
196,105,2,2,7.27188940092,0.00718446006969
196,130,2,2,1.4930875576,0.000929986911295
196,158,2,2,3.98156682028,0.00253929440532
196,196,2,2,9.51152073733,0.0228578492729
196,198,2,2,0.497695852535,0.000307125307125
196,200,2,2,0.497695852535,0.000307125307125
196,210,2,2,4.53456221198,0.0018174790452
196,214,2,2,0.497695852535,0.000307125307125
196,235,2,2,4.72811059908,0.00303721026613
196,236,2,2,0.497695852535,0.000307125307125
196,248,2,2,0.497695852535,0.000307125307125
196,252,2,2,10.9493087558,0.00748440748441
196,256,2,2,0.995391705069,0.000617107593852
196,258,2,5,45.4838709677,0.0118684515236
196,263,2,2,0.497695852535,0.000307125307125
196,272,2,2,0.497695852535,0.000307125307125
196,294,2,2,2.73732718894,0.0017251293847
196,298,2,2,5.20737327189,0.00197763660219
196,307,2,3,7.50230414747,0.0350265699103
196,313,2,2,7.2534562212,0.0435905919278
196,323,2,2,0.497695852535,0.000307125307125
196,387,2,2,9.76036866359,0.0266810125634
196,395,2,2,0.746543778802,0.000461756842267
196,399,2,2,3.00460829493,0.00562274748321
196,412,2,2,0.497695852535,0.000307125307125
196,415,2,2,0.746543778802,0.000461756842267
196,417,2,2,0.497695852535,0.000307125307125
196,434,2,2,8.95852534562,0.00600051856333
196,443,2,2,1.4930875576,0.000929986911295
196,454,2,2,2.98617511521,0.00188641894803
196,462,2,2,6.25806451613,0.0140363910856
196,478,2,2,5.72350230415,0.00371240517226
196,485,2,2,12.4423963134,0.0086378992629
196,499,2,2,0.497695852535,0.000307125307125
196,500,2,2,0.497695852535,0.000307125307125
196,530,2,4,2.73732718894,0.000575043128235
196,547,2,2,1.74193548387,0.00108752567769
196,559,2,2,2.48847926267,0.0015646006212
196,562,2,2,2.75576036866,0.00379277348974
196,614,2,2,0.746543778802,0.000461756842267
196,617,2,2,10.4516129032,0.00710775710776
196,625,2,3,2.00921658986,0.000782300310602
196,691,2,2,0.497695852535,0.000307125307125
196,700,2,2,68.8755760369,0.143457061989
196,711,2,2,0.497695852535,0.000307125307125
211,19,2,2,6.69124423963,0.00877320185615
211,30,2,2,4.46082949309,0.00583526234568
211,34,2,2,3.53917050691,0.00367309458219
211,60,2,3,6.76497695853,0.00309080953873
211,62,2,2,90.2488479263,0.105647023283
211,105,2,2,17.6221198157,0.00997832128863
211,130,2,2,1.38248847926,0.00018856926315
211,158,2,2,35.6866359447,0.0482456140351
211,196,2,2,1.69585253456,0.00017185144758
211,198,2,2,3.53917050691,0.00367309458219
211,200,2,2,3.53917050691,0.00367309458219
211,210,2,2,46.9124423963,0.0460061986312
211,214,2,2,4.46082949309,0.00583526234568
211,235,2,2,38.3778801843,0.0473263650513
211,236,2,2,3.53917050691,0.00367309458219
211,248,2,2,0.460829493088,6.22744171513e-05
211,252,2,2,22.1382488479,0.00723622609599
211,256,2,2,3.07834101382,0.00139587938049
211,258,2,5,384.0,0.198810944476
211,263,2,2,3.53917050691,0.00367309458219
211,272,2,2,3.53917050691,0.00367309458219
211,294,2,2,24.534562212,0.0327767927502
211,298,2,2,21.4746543779,0.00795431923065
211,307,2,3,3.53917050691,0.00186551028253
211,313,2,2,2.69124423963,0.00141922281239
211,323,2,2,4.46082949309,0.00583526234568
211,387,2,2,0.073732718894,3.60107311979e-07
211,395,2,2,2.69124423963,0.00141922281239
211,399,2,2,7.07834101382,0.00738035748607
211,412,2,2,4.46082949309,0.00583526234568
211,415,2,2,2.69124423963,0.00141922281239
211,417,2,2,0.460829493088,6.22744171513e-05
211,434,2,2,8.29493087558,0.00121669816022
211,443,2,2,13.3824884793,0.0176693925234
211,454,2,2,17.2350230415,0.0148618516324
211,462,2,2,12.3870967742,0.0130063677009
211,478,2,2,43.2995391705,0.0502504288288
211,485,2,2,111.520737327,0.164116753472
211,499,2,2,0.460829493088,6.22744171513e-05
211,500,2,2,0.460829493088,6.22744171513e-05
211,530,2,4,8.92165898618,0.00390992180563
211,547,2,2,12.3870967742,0.0130063677009
211,559,2,2,17.6958525346,0.0187119912677
211,562,2,2,8.84792626728,0.00924695139571
211,614,2,2,5.30875576037,0.0055224252651
211,617,2,2,93.6774193548,0.135044642857
211,625,2,3,10.1566820276,0.0038596019966
211,691,2,2,3.53917050691,0.00367309458219
211,700,2,2,188.884792627,0.255168470326
211,711,2,2,3.53917050691,0.00367309458219
213,19,2,2,7.16129032258,0.0103016241299
213,30,2,2,4.77419354839,0.00685185185185
213,34,2,2,3.22580645161,0.00312812812813
213,60,2,3,15.3548387097,0.00612607732987
213,62,2,2,82.2580645161,0.0899724790064
213,105,2,2,30.6451612903,0.0309345490068
213,130,2,2,2.32258064516,0.000545592321293
213,158,2,2,38.1935483871,0.0566507177033
213,196,2,2,16.1290322581,0.0159357470678
213,198,2,2,3.22580645161,0.00312812812813
213,200,2,2,3.22580645161,0.00312812812813
213,210,2,2,35.6129032258,0.0271790206048
213,214,2,2,4.77419354839,0.00685185185185
213,235,2,2,45.3548387097,0.0677590361446
213,236,2,2,3.22580645161,0.00312812812813
213,248,2,2,0.774193548387,0.00018018018018
213,252,2,2,26.9677419355,0.0110076230076
213,256,2,2,2.45161290323,0.000907605279698
213,258,2,5,350.0,0.170260950606
213,263,2,2,3.22580645161,0.00312812812813
213,272,2,2,3.22580645161,0.00312812812813
213,294,2,2,26.2580645161,0.0384869976359
213,298,2,2,15.6774193548,0.0043458885395
213,307,2,3,3.22580645161,0.00165071383676
213,313,2,2,4.83870967742,0.00470307894902
213,323,2,2,4.77419354839,0.00685185185185
213,387,2,2,14.5161290323,0.0143084260731
213,395,2,2,3.16129032258,0.00200748312117
213,399,2,2,6.45161290323,0.00628535512256
213,412,2,2,0.774193548387,0.00018018018018
213,415,2,2,3.16129032258,0.00200748312117
213,417,2,2,0.774193548387,0.00018018018018
213,434,2,2,6.06451612903,0.000666696847601
213,443,2,2,14.3225806452,0.0207476635514
213,454,2,2,15.3548387097,0.0120925665001
213,462,2,2,11.2903225806,0.0110766504209
213,478,2,2,46.9032258065,0.0604445893053
213,485,2,2,119.35483871,0.192708333333
213,499,2,2,0.774193548387,0.00018018018018
213,500,2,2,0.774193548387,0.00018018018018
213,530,2,4,10.2580645161,0.00461082880536
213,547,2,2,11.2903225806,0.0110766504209
213,559,2,2,16.1290322581,0.0159357470678
213,562,2,2,8.06451612903,0.00787500787501
213,614,2,2,4.83870967742,0.00470307894902
213,617,2,2,100.258064516,0.158571428571
213,625,2,3,8.90322580645,0.00310118744081
213,691,2,2,3.22580645161,0.00312812812813
213,700,2,2,171.806451613,0.216416685422
213,711,2,2,3.22580645161,0.00312812812813
214,19,2,2,5.55760368664,0.00600460053972
214,30,2,2,3.70506912442,0.00399380066762
214,34,2,2,3.70506912442,0.00399380066762
214,60,2,3,22.2304147465,0.0122653214816
214,62,2,2,109.520737327,0.15435875453
214,105,2,2,35.198156682,0.0394953203371
214,130,2,2,0.884792626728,7.66294076128e-05
214,158,2,2,29.6405529954,0.0330205146108
214,196,2,2,14.5253456221,0.0125081935049
214,198,2,2,4.29493087558,0.00536668509305
214,200,2,2,4.29493087558,0.00536668509305
214,210,2,2,51.5760368664,0.0551697242622
214,214,2,2,3.70506912442,0.00399380066762
214,235,2,2,35.198156682,0.0394953203371
214,236,2,2,0.294930875576,2.53066253536e-05
214,248,2,2,0.294930875576,2.53066253536e-05
214,252,2,2,77.5115207373,0.0880081171222
214,256,2,2,4.58986175115,0.00307877718901
214,258,2,5,394.0,0.207408458669
214,263,2,2,4.29493087558,0.00536668509305
214,272,2,2,4.29493087558,0.00536668509305
214,294,2,2,20.3778801843,0.0224332633245
214,298,2,2,44.5437788018,0.0339538777769
214,307,2,3,4.58986175115,0.00269775982847
214,313,2,2,1.55760368664,0.000471653330954
214,323,2,2,3.70506912442,0.00399380066762
214,387,2,2,16.6728110599,0.0182681141126
214,395,2,2,1.55760368664,0.000471653330954
214,399,2,2,0.589861751152,5.08486611756e-05
214,412,2,2,3.70506912442,0.00399380066762
214,415,2,2,1.55760368664,0.000471653330954
214,417,2,2,0.294930875576,2.53066253536e-05
214,434,2,2,66.6912442396,0.0780296331443
214,443,2,2,11.1152073733,0.0120933777225
214,454,2,2,18.2304147465,0.01649707311
214,462,2,2,4.96774193548,0.00207538960373
214,478,2,2,34.6082949309,0.0318491793415
214,485,2,2,88.6267281106,0.102833756824
214,499,2,2,0.294930875576,2.53066253536e-05
214,500,2,2,0.294930875576,2.53066253536e-05
214,530,2,4,7.41013824885,0.00291260075936
214,547,2,2,11.0322580645,0.0102355316921
214,559,2,2,18.5253456221,0.020345776986
214,562,2,2,9.26267281106,0.010054323359
214,614,2,2,6.44239631336,0.00806870519791
214,617,2,2,77.8064516129,0.0924279583078
214,625,2,3,9.1797235023,0.00505857021476
214,691,2,2,0.294930875576,2.53066253536e-05
214,700,2,2,158.073732719,0.177303397027
214,711,2,2,4.29493087558,0.00536668509305
298,19,3,2,0.165898617511,4.8788949845e-05
298,30,3,2,0.110599078341,3.2450674974e-05
298,34,3,2,0.110599078341,3.2450674974e-05
298,60,3,3,7.64976958525,0.0235283695797
298,62,3,2,2.1198156682,0.00108909867844
298,105,3,2,7.29953917051,0.0232118834413
298,130,3,2,0.331797235023,9.82618569307e-05
298,158,3,2,0.884792626728,0.000268300317489
298,196,3,2,7.63133640553,0.0470397637101
298,198,3,2,0.110599078341,3.2450674974e-05
298,200,3,2,0.110599078341,3.2450674974e-05
298,210,3,2,6.89400921659,0.0135722217082
298,214,3,2,0.110599078341,3.2450674974e-05
298,235,3,2,1.05069124424,0.000320909807454
298,236,3,2,0.110599078341,3.2450674974e-05
298,248,3,2,0.110599078341,3.2450674974e-05
298,252,3,2,2.37788018433,0.0013817179705
298,256,3,2,0.221198156682,6.5203216692e-05
298,258,3,5,5.16129032258,0.00104449610976
298,263,3,2,0.110599078341,3.2450674974e-05
298,272,3,2,0.110599078341,3.2450674974e-05
298,294,3,2,0.608294930876,0.000182276131769
298,298,3,2,2.63594470046,0.00182681681187
298,307,3,3,0.221198156682,3.2601608346e-05
298,313,3,2,7.88940092166,0.164738599649
298,323,3,2,0.110599078341,3.2450674974e-05
298,387,3,2,7.66820276498,0.0526388125344
298,395,3,2,0.165898617511,4.8788949845e-05
298,399,3,2,0.221198156682,6.5203216692e-05
298,412,3,2,0.110599078341,3.2450674974e-05
298,415,3,2,0.165898617511,4.8788949845e-05
298,417,3,2,0.110599078341,3.2450674974e-05
298,434,3,2,1.99078341014,0.000634011177382
298,443,3,2,0.331797235023,9.82618569307e-05
298,454,3,2,0.663594470046,0.000199317889888
298,462,3,2,0.387096774194,0.000114907308105
298,478,3,2,1.27188940092,0.000392250494577
298,485,3,2,2.76497695853,0.000912675233645
298,499,3,2,0.110599078341,3.2450674974e-05
298,500,3,2,0.110599078341,3.2450674974e-05
298,530,3,4,0.608294930876,6.07587105897e-05
298,547,3,2,0.387096774194,0.000114907308105
298,559,3,2,0.552995391705,0.000165314759302
298,562,3,2,0.276497695853,8.16940069277e-05
298,614,3,2,0.165898617511,4.8788949845e-05
298,617,3,2,2.32258064516,0.000751001335113
298,625,3,3,0.552995391705,8.26573796509e-05
298,691,3,2,0.110599078341,3.2450674974e-05
298,700,3,2,2.02764976959,0.000776485796635
298,711,3,2,3.92626728111,0.0610613534095
317,19,2,2,0.0829493087557,4.84493515862e-05
317,30,2,2,0.0552995391705,3.22248002062e-05
317,34,2,2,0.0552995391705,3.22248002062e-05
317,60,2,3,0.331797235023,9.89652631926e-05
317,62,2,2,1.41013824885,0.000926862660762
317,105,2,2,0.52534562212,0.000318676096497
317,130,2,2,0.165898617511,9.75778996899e-05
317,158,2,2,0.442396313364,0.000266432797877
317,196,2,2,0.276497695853,0.000164164076522
317,198,2,2,7.94470046083,0.66512345679
317,200,2,2,0.0552995391705,3.22248002062e-05
317,210,2,2,0.829493087558,0.000516873033011
317,214,2,2,0.0552995391705,3.22248002062e-05
317,235,2,2,0.52534562212,0.000318676096497
317,236,2,2,0.0552995391705,3.22248002062e-05
317,248,2,2,0.0552995391705,3.22248002062e-05
317,252,2,2,1.21658986175,0.000785293592718
317,256,2,2,0.110599078341,6.47493659958e-05
317,258,2,5,2.38709677419,0.000326692802091
317,263,2,2,0.0552995391705,3.22248002062e-05
317,272,2,2,0.0552995391705,3.22248002062e-05
317,294,2,2,0.304147465438,0.000181007388392
317,298,2,2,1.02304147465,0.000648716884756
317,307,2,3,0.110599078341,3.23746829979e-05
317,313,2,2,0.0829493087557,4.84493515862e-05
317,323,2,2,0.0552995391705,3.22248002062e-05
317,387,2,2,0.248847926267,0.000147400027296
317,395,2,2,0.0829493087557,4.84493515862e-05
317,399,2,2,0.110599078341,6.47493659958e-05
317,412,2,2,0.0552995391705,3.22248002062e-05
317,415,2,2,0.0829493087557,4.84493515862e-05
317,417,2,2,0.0552995391705,3.22248002062e-05
317,434,2,2,0.995391705069,0.000629598106542
317,443,2,2,0.165898617511,9.75778996899e-05
317,454,2,2,0.331797235023,0.000197930526385
317,462,2,2,0.193548387097,0.000114107489255
317,478,2,2,0.635944700461,0.000389520212712
317,485,2,2,1.38248847926,0.0009063225058
317,499,2,2,0.0552995391705,3.22248002062e-05
317,500,2,2,0.0552995391705,3.22248002062e-05
317,530,2,4,0.304147465438,6.03357961308e-05
317,547,2,2,0.193548387097,0.000114107489255
317,559,2,2,0.276497695853,0.000164164076522
317,562,2,2,0.138248847926,8.11253711486e-05
317,614,2,2,0.0829493087557,4.84493515862e-05
317,617,2,2,1.16129032258,0.00074577394763
317,625,2,3,0.276497695853,8.20820382612e-05
317,691,2,2,0.0552995391705,3.22248002062e-05
317,700,2,2,3.01382488479,0.00233446368017
317,711,2,2,0.0552995391705,3.22248002062e-05
339,19,2,2,0.0552995391705,3.22248002062e-05
339,30,2,2,0.036866359447,2.14334705075e-05
339,34,2,2,0.036866359447,2.14334705075e-05
339,60,2,3,0.221198156682,6.58241179568e-05
339,62,2,2,0.940092165899,0.000616478096896
339,105,2,2,0.350230414747,0.000211958946899
339,130,2,2,0.110599078341,6.49013499481e-05
339,158,2,2,0.294930875576,0.000177210703526
339,196,2,2,0.184331797235,0.000109189378057
339,198,2,2,0.036866359447,2.14334705075e-05
339,200,2,2,0.036866359447,2.14334705075e-05
339,210,2,2,0.552995391705,0.000343784378438
339,214,2,2,0.036866359447,2.14334705075e-05
339,235,2,2,0.350230414747,0.000211958946899
339,236,2,2,0.036866359447,2.14334705075e-05
339,248,2,2,0.036866359447,2.14334705075e-05
339,252,2,2,0.811059907834,0.000522317188984
339,256,2,2,0.0737327188941,4.30663221361e-05
339,258,2,5,4.25806451613,0.00131704980843
339,263,2,2,0.036866359447,2.14334705075e-05
339,272,2,2,0.036866359447,2.14334705075e-05
339,294,2,2,0.202764976959,0.000120392259872
339,298,2,2,0.68202764977,0.000431476816867
339,307,2,3,0.0737327188941,2.1533161068e-05
339,313,2,2,0.0552995391705,3.22248002062e-05
339,323,2,2,0.036866359447,2.14334705075e-05
339,387,2,2,0.165898617512,9.80392156863e-05
339,395,2,2,0.0552995391705,3.22248002062e-05
339,399,2,2,0.0737327188941,4.30663221361e-05
339,412,2,2,0.036866359447,2.14334705075e-05
339,415,2,2,0.0552995391705,3.22248002062e-05
339,417,2,2,0.036866359447,2.14334705075e-05
339,434,2,2,0.663594470046,0.000418760469012
339,443,2,2,0.110599078341,6.49013499481e-05
339,454,2,2,0.221198156682,0.000131648235914
339,462,2,2,0.129032258064,7.58955676988e-05
339,478,2,2,0.423963133641,0.000259079030369
339,485,2,2,0.921658986175,0.000602816358025
339,499,2,2,0.036866359447,2.14334705075e-05
339,500,2,2,0.036866359447,2.14334705075e-05
339,530,2,4,0.202764976959,4.01307532907e-05
339,547,2,2,0.129032258064,7.58955676988e-05
339,559,2,2,0.184331797235,0.000109189378057
339,562,2,2,0.0921658986175,5.39583872917e-05
339,614,2,2,0.0552995391705,3.22248002062e-05
339,617,2,2,7.22580645161,0.0432098765432
339,625,2,3,0.184331797235,5.45946890287e-05
339,691,2,2,0.036866359447,2.14334705075e-05
339,700,2,2,2.00921658986,0.00155270655271
339,711,2,2,0.036866359447,2.14334705075e-05
343,19,2,2,0.0829493087557,4.84493515862e-05
343,30,2,2,0.0552995391705,3.22248002062e-05
343,34,2,2,0.0552995391705,3.22248002062e-05
343,60,2,3,7.72350230415,0.0640481191102
343,62,2,2,1.41013824885,0.000926862660762
343,105,2,2,7.47465437788,0.0645121455415
343,130,2,2,0.165898617511,9.75778996899e-05
343,158,2,2,0.442396313364,0.000266432797877
343,196,2,2,7.72350230415,0.128092486393
343,198,2,2,0.0552995391705,3.22248002062e-05
343,200,2,2,0.0552995391705,3.22248002062e-05
343,210,2,2,7.17050691244,0.0386240712238
343,214,2,2,0.0552995391705,3.22248002062e-05
343,235,2,2,0.52534562212,0.000318676096497
343,236,2,2,0.0552995391705,3.22248002062e-05
343,248,2,2,0.0552995391705,3.22248002062e-05
343,252,2,2,1.21658986175,0.000785293592718
343,256,2,2,0.110599078341,6.47493659958e-05
343,258,2,5,2.38709677419,0.000326692802091
343,263,2,2,0.0552995391705,3.22248002062e-05
343,272,2,2,0.0552995391705,3.22248002062e-05
343,294,2,2,0.304147465438,0.000181007388392
343,298,2,2,1.02304147465,0.000648716884756
343,307,2,3,0.110599078341,3.23746829979e-05
343,313,2,2,7.91705069124,0.441356246886
343,323,2,2,0.0552995391705,3.22248002062e-05
343,387,2,2,7.75115207373,0.143008557896
343,395,2,2,0.0829493087557,4.84493515862e-05
343,399,2,2,0.110599078341,6.47493659958e-05
343,412,2,2,0.0552995391705,3.22248002062e-05
343,415,2,2,0.0829493087557,4.84493515862e-05
343,417,2,2,0.0552995391705,3.22248002062e-05
343,434,2,2,0.995391705069,0.000629598106542
343,443,2,2,0.165898617511,9.75778996899e-05
343,454,2,2,0.331797235023,0.000197930526385
343,462,2,2,0.193548387097,0.000114107489255
343,478,2,2,0.635944700461,0.000389520212712
343,485,2,2,1.38248847926,0.0009063225058
343,499,2,2,0.0552995391705,3.22248002062e-05
343,500,2,2,0.0552995391705,3.22248002062e-05
343,530,2,4,0.304147465438,6.03357961308e-05
343,547,2,2,0.193548387097,0.000114107489255
343,559,2,2,0.276497695853,0.000164164076522
343,562,2,2,0.138248847926,8.11253711486e-05
343,614,2,2,0.0829493087557,4.84493515862e-05
343,617,2,2,1.16129032258,0.00074577394763
343,625,2,3,0.276497695853,8.20820382612e-05
343,691,2,2,0.0552995391705,3.22248002062e-05
343,700,2,2,0.986175115207,0.000249953470754
343,711,2,2,0.0552995391705,3.22248002062e-05
356,19,2,2,0.0552995391705,3.22248002062e-05
356,30,2,2,0.036866359447,2.14334705075e-05
356,34,2,2,0.036866359447,2.14334705075e-05
356,60,2,3,0.221198156682,6.58241179568e-05
356,62,2,2,0.940092165899,0.000616478096896
356,105,2,2,0.350230414747,0.000211958946899
356,130,2,2,0.110599078341,6.49013499481e-05
356,158,2,2,0.294930875576,0.000177210703526
356,196,2,2,0.184331797235,0.000109189378057
356,198,2,2,0.036866359447,2.14334705075e-05
356,200,2,2,0.036866359447,2.14334705075e-05
356,210,2,2,0.552995391705,0.000343784378438
356,214,2,2,0.036866359447,2.14334705075e-05
356,235,2,2,0.350230414747,0.000211958946899
356,236,2,2,0.036866359447,2.14334705075e-05
356,248,2,2,0.036866359447,2.14334705075e-05
356,252,2,2,3.18894009217,0.00807460286627
356,256,2,2,0.0737327188941,4.30663221361e-05
356,258,2,5,4.25806451613,0.00131704980843
356,263,2,2,0.036866359447,2.14334705075e-05
356,272,2,2,0.036866359447,2.14334705075e-05
356,294,2,2,0.202764976959,0.000120392259872
356,298,2,2,3.31797235023,0.0102117230581
356,307,2,3,0.0737327188941,2.1533161068e-05
356,313,2,2,0.0552995391705,3.22248002062e-05
356,323,2,2,0.036866359447,2.14334705075e-05
356,387,2,2,0.165898617512,9.80392156863e-05
356,395,2,2,0.0552995391705,3.22248002062e-05
356,399,2,2,0.0737327188941,4.30663221361e-05
356,412,2,2,0.036866359447,2.14334705075e-05
356,415,2,2,0.0552995391705,3.22248002062e-05
356,417,2,2,0.036866359447,2.14334705075e-05
356,434,2,2,3.33640552995,0.0105856571954
356,443,2,2,0.110599078341,6.49013499481e-05
356,454,2,2,0.221198156682,0.000131648235914
356,462,2,2,0.129032258064,7.58955676988e-05
356,478,2,2,0.423963133641,0.000259079030369
356,485,2,2,3.07834101382,0.00672477816358
356,499,2,2,0.036866359447,2.14334705075e-05
356,500,2,2,0.036866359447,2.14334705075e-05
356,530,2,4,0.202764976959,4.01307532907e-05
356,547,2,2,0.129032258064,7.58955676988e-05
356,559,2,2,0.184331797235,0.000109189378057
356,562,2,2,0.0921658986175,5.39583872917e-05
356,614,2,2,0.0552995391705,3.22248002062e-05
356,617,2,2,0.774193548387,0.000496031746032
356,625,2,3,0.184331797235,5.45946890287e-05
356,691,2,2,0.036866359447,2.14334705075e-05
356,700,2,2,2.00921658986,0.00155270655271
356,711,2,2,0.036866359447,2.14334705075e-05
357,19,2,2,1.41013824885,0.000926862660762
357,30,2,2,0.940092165899,0.000616478096896
357,34,2,2,0.940092165899,0.000616478096896
357,60,2,3,5.64055299539,0.00189325974781
357,62,2,2,23.9723502304,0.0177313909018
357,105,2,2,8.93087557604,0.00609644845701
357,130,2,2,2.8202764977,0.00186671872331
357,158,2,2,7.52073732719,0.00509700550926
357,196,2,2,4.70046082949,0.00314054879551
357,198,2,2,0.940092165899,0.000616478096896
357,200,2,2,0.940092165899,0.000616478096896
357,210,2,2,14.1013824885,0.00988806452447
357,214,2,2,7.0599078341,0.034767610748
357,235,2,2,8.93087557604,0.00609644845701
357,236,2,2,0.940092165899,0.000616478096896
357,248,2,2,0.940092165899,0.000616478096896
357,252,2,2,11.3179723502,0.00449894309516
357,256,2,2,1.8801843318,0.00123869087376
357,258,2,5,104.580645161,0.0351452096099
357,263,2,2,0.940092165899,0.000616478096896
357,272,2,2,0.940092165899,0.000616478096896
357,294,2,2,38.8294930876,0.195290409308
357,298,2,2,14.6082949309,0.00875583063177
357,307,2,3,1.8801843318,0.000619345436881
357,313,2,2,1.41013824885,0.000926862660762
357,323,2,2,0.940092165899,0.000616478096896
357,387,2,2,4.23041474654,0.00281984334204
357,395,2,2,2.58986175115,0.00312640448359
357,399,2,2,1.8801843318,0.00123869087376
357,412,2,2,0.940092165899,0.000616478096896
357,415,2,2,1.41013824885,0.000926862660762
357,417,2,2,0.940092165899,0.000616478096896
357,434,2,2,19.0783410138,0.0153103869833
357,443,2,2,5.1797235023,0.00629663706742
357,454,2,2,5.64055299539,0.00378651949563
357,462,2,2,3.29032258065,0.00218293883491
357,478,2,2,10.8110599078,0.00745173524423
357,485,2,2,23.5023041475,0.0173384464752
357,499,2,2,0.940092165899,0.000616478096896
357,500,2,2,0.940092165899,0.000616478096896
357,530,2,4,14.1198156682,0.0239158423257
357,547,2,2,3.29032258065,0.00218293883491
357,559,2,2,4.70046082949,0.00314054879551
357,562,2,2,2.35023041475,0.00155197283135
357,614,2,2,1.41013824885,0.000926862660762
357,617,2,2,148.258064516,0.804621848739
357,625,2,3,4.70046082949,0.00157027439775
357,691,2,2,0.940092165899,0.000616478096896
357,700,2,2,47.2350230415,0.037958490239
357,711,2,2,0.940092165899,0.000616478096896
377,19,2,2,1.29953917051,0.000845338944945
377,30,2,2,0.866359447005,0.000562254761221
377,34,2,2,0.866359447005,0.000562254761221
377,60,2,3,5.19815668203,0.00172673500129
377,62,2,2,14.0921658986,0.00658017127212
377,105,2,2,8.23041474654,0.00556022539771
377,130,2,2,2.59907834101,0.00170252843585
377,158,2,2,6.93087557604,0.00464869008321
377,196,2,2,4.33179723502,0.00286431670811
377,198,2,2,0.866359447005,0.000562254761221
377,200,2,2,0.866359447005,0.000562254761221
377,210,2,2,12.9953917051,0.00901834369483
377,214,2,2,0.866359447005,0.000562254761221
377,235,2,2,8.23041474654,0.00556022539771
377,236,2,2,0.866359447005,0.000562254761221
377,248,2,2,0.866359447005,0.000562254761221
377,252,2,2,19.0599078341,0.0137017160273
377,256,2,2,1.73271889401,0.00112973979929
377,258,2,5,88.1658986175,0.0615249648803
377,263,2,2,0.866359447005,0.000562254761221
377,272,2,2,0.866359447005,0.000562254761221
377,294,2,2,4.76497695853,0.00315819695665
377,298,2,2,12.0276497696,0.00637411609983
377,307,2,3,1.73271889401,0.000564869899645
377,313,2,2,1.29953917051,0.000845338944945
377,323,2,2,0.866359447005,0.000562254761221
377,387,2,2,3.89861751152,0.00257181942544
377,395,2,2,1.29953917051,0.000845338944945
377,399,2,2,1.73271889401,0.00112973979929
377,412,2,2,0.866359447005,0.000562254761221
377,415,2,2,2.70046082949,0.00365029440594
377,417,2,2,3.133640553,0.00735589071946
377,434,2,2,15.5944700461,0.0109851583499
377,443,2,2,2.59907834101,0.00170252843585
377,454,2,2,5.19815668203,0.00345347000257
377,462,2,2,3.03225806452,0.00199093489219
377,478,2,2,1.96313364055,0.000263864354983
377,485,2,2,13.6589861751,0.00628906894277
377,499,2,2,0.866359447005,0.000562254761221
377,500,2,2,0.866359447005,0.000562254761221
377,530,2,4,8.96774193548,0.00614556698489
377,547,2,2,4.96774193548,0.00534370890711
377,559,2,2,4.33179723502,0.00286431670811
377,562,2,2,2.16589861751,0.00141546653175
377,614,2,2,10.7004608295,0.0573135212519
377,617,2,2,18.1935483871,0.0130121816168
377,625,2,3,4.33179723502,0.00143215835405
377,691,2,2,0.866359447005,0.000562254761221
377,700,2,2,36.7834101382,0.0247197898115
377,711,2,2,0.866359447005,0.000562254761221
387,19,2,2,0.248847926267,0.000147400027296
387,30,2,2,0.165898617512,9.80392156863e-05
387,34,2,2,0.165898617512,9.80392156863e-05
387,60,2,3,0.995391705069,0.000301087259548
387,62,2,2,27.7695852535,0.121506041895
387,105,2,2,1.57603686636,0.000969525159461
387,130,2,2,0.497695852535,0.000296866410115
387,158,2,2,1.32718894009,0.000810582606248
387,196,2,2,3.17050691244,0.00729658404242
387,198,2,2,0.165898617512,9.80392156863e-05
387,200,2,2,7.83410138249,0.218621399177
387,210,2,2,2.48847926267,0.0015725101922
387,214,2,2,0.165898617512,9.80392156863e-05
387,235,2,2,1.57603686636,0.000969525159461
387,236,2,2,0.165898617512,9.80392156863e-05
387,248,2,2,0.165898617512,9.80392156863e-05
387,252,2,2,3.64976958525,0.00238914027149
387,256,2,2,0.331797235023,0.000196990424077
387,258,2,5,19.1612903226,0.00602434077079
387,263,2,2,0.165898617512,9.80392156863e-05
387,272,2,2,0.165898617512,9.80392156863e-05
387,294,2,2,0.912442396313,0.000550688360451
387,298,2,2,3.06912442396,0.00197362572233
387,307,2,3,0.331797235023,9.84952120383e-05
387,313,2,2,0.248847926267,0.000147400027296
387,323,2,2,0.165898617512,9.80392156863e-05
387,387,2,2,0.746543778802,0.000448442906574
387,395,2,2,0.248847926267,0.000147400027296
387,399,2,2,0.331797235023,0.000196990424077
387,412,2,2,0.165898617512,9.80392156863e-05
387,415,2,2,0.248847926267,0.000147400027296
387,417,2,2,0.165898617512,9.80392156863e-05
387,434,2,2,2.98617511521,0.0019154596512
387,443,2,2,0.497695852535,0.000296866410115
387,454,2,2,0.995391705069,0.000602174519097
387,462,2,2,0.58064516129,0.000347155255545
387,478,2,2,1.90783410138,0.00118505796479
387,485,2,2,4.14746543779,0.00275735294118
387,499,2,2,0.165898617512,9.80392156863e-05
387,500,2,2,0.165898617512,9.80392156863e-05
387,530,2,4,0.912442396313,0.000183562786817
387,547,2,2,0.58064516129,0.000347155255545
387,559,2,2,0.829493087558,0.000499445061043
387,562,2,2,0.414746543779,0.000246812011518
387,614,2,2,0.248847926267,0.000147400027296
387,617,2,2,3.48387096774,0.00226890756303
387,625,2,3,0.829493087558,0.000249722530522
387,691,2,2,0.165898617512,9.80392156863e-05
387,700,2,2,22.9585253456,0.0457937444938
387,711,2,2,0.165898617512,9.80392156863e-05
390,19,2,2,1.41013824885,0.000926862660762
390,30,2,2,0.940092165899,0.000616478096896
390,34,2,2,0.940092165899,0.000616478096896
390,60,2,3,5.64055299539,0.00189325974781
390,62,2,2,23.9723502304,0.0177313909018
390,105,2,2,8.93087557604,0.00609644845701
390,130,2,2,2.8202764977,0.00186671872331
390,158,2,2,7.52073732719,0.00509700550926
390,196,2,2,4.70046082949,0.00314054879551
390,198,2,2,0.940092165899,0.000616478096896
390,200,2,2,0.940092165899,0.000616478096896
390,210,2,2,10.1013824885,0.00507398919895
390,214,2,2,7.0599078341,0.034767610748
390,235,2,2,8.93087557604,0.00609644845701
390,236,2,2,0.940092165899,0.000616478096896
390,248,2,2,0.940092165899,0.000616478096896
390,252,2,2,11.3179723502,0.00449894309516
390,256,2,2,1.8801843318,0.00123869087376
390,258,2,5,108.580645161,0.037881516161
390,263,2,2,0.940092165899,0.000616478096896
390,272,2,2,0.940092165899,0.000616478096896
390,294,2,2,38.8294930876,0.195290409308
390,298,2,2,14.6082949309,0.00875583063177
390,307,2,3,1.8801843318,0.000619345436881
390,313,2,2,1.41013824885,0.000926862660762
390,323,2,2,0.940092165899,0.000616478096896
390,387,2,2,4.23041474654,0.00281984334204
390,395,2,2,2.58986175115,0.00312640448359
390,399,2,2,1.8801843318,0.00123869087376
390,412,2,2,0.940092165899,0.000616478096896
390,415,2,2,1.41013824885,0.000926862660762
390,417,2,2,0.940092165899,0.000616478096896
390,434,2,2,19.0783410138,0.0153103869833
390,443,2,2,5.1797235023,0.00629663706742
390,454,2,2,5.64055299539,0.00378651949563
390,462,2,2,3.29032258065,0.00218293883491
390,478,2,2,10.8110599078,0.00745173524423
390,485,2,2,19.5023041475,0.011938812949
390,499,2,2,0.940092165899,0.000616478096896
390,500,2,2,0.940092165899,0.000616478096896
390,530,2,4,14.1198156682,0.0239158423257
390,547,2,2,3.29032258065,0.00218293883491
390,559,2,2,4.70046082949,0.00314054879551
390,562,2,2,2.35023041475,0.00155197283135
390,614,2,2,1.41013824885,0.000926862660762
390,617,2,2,148.258064516,0.804621848739
390,625,2,3,4.70046082949,0.00157027439775
390,691,2,2,0.940092165899,0.000616478096896
390,700,2,2,47.2350230415,0.037958490239
390,711,2,2,0.940092165899,0.000616478096896
391,19,2,2,9.06912442396,0.0215383268397
391,30,2,2,6.04608294931,0.0143256464011
391,34,2,2,1.95391705069,0.00149616079494
391,60,2,3,7.72350230415,0.00209829597625
391,62,2,2,49.8248847926,0.0430331783736
391,105,2,2,18.5622119816,0.0147957684396
391,130,2,2,6.13824884793,0.00496791012038
391,158,2,2,48.3686635945,0.118443621919
391,196,2,2,9.76958525346,0.00762195121951
391,198,2,2,1.95391705069,0.00149616079494
391,200,2,2,1.95391705069,0.00149616079494
391,210,2,2,54.6912442396,0.083562756011
391,214,2,2,1.95391705069,0.00149616079494
391,235,2,2,25.4377880184,0.0277866862611
391,236,2,2,1.95391705069,0.00149616079494
391,248,2,2,2.04608294931,0.0016406369842
391,252,2,2,34.9861751152,0.0241521287426
391,256,2,2,3.90783410138,0.00300623936472
391,258,2,5,212.0,0.0930125997747
391,263,2,2,1.95391705069,0.00149616079494
391,272,2,2,1.95391705069,0.00149616079494
391,294,2,2,10.7465437788,0.00840396701839
391,298,2,2,24.1474654378,0.0134409709618
391,307,2,3,2.04608294931,0.00156117895097
391,313,2,2,2.93087557604,0.00224944824854
391,323,2,2,1.95391705069,0.00149616079494
391,387,2,2,8.79262672811,0.00684361549498
391,395,2,2,2.93087557604,0.00224944824854
391,399,2,2,3.90783410138,0.00300623936472
391,412,2,2,2.04608294931,0.0016406369842
391,415,2,2,5.06912442396,0.00672894758103
391,417,2,2,2.04608294931,0.0016406369842
391,434,2,2,27.1705069124,0.0174457512803
391,443,2,2,6.13824884793,0.00496791012038
391,454,2,2,7.72350230415,0.00398854623997
391,462,2,2,6.83870967742,0.00529788084766
391,478,2,2,57.5299539171,0.118549072849
391,485,2,2,151.152073733,0.402908805031
391,499,2,2,2.04608294931,0.0016406369842
391,500,2,2,2.04608294931,0.0016406369842
391,530,2,4,5.16129032258,0.00198347293255
391,547,2,2,6.83870967742,0.00529788084766
391,559,2,2,9.76958525346,0.00762195121951
391,562,2,2,4.88479262673,0.00376655864461
391,614,2,2,2.93087557604,0.00224944824854
391,617,2,2,41.0322580645,0.0346254355401
391,625,2,3,3.81566820276,0.0015293422058
391,691,2,2,1.95391705069,0.00149616079494
391,700,2,2,106.488479263,0.108386491557
391,711,2,2,1.95391705069,0.00149616079494
428,19,2,2,0.52534562212,0.000318676096497
428,30,2,2,0.350230414747,0.000211958946899
428,34,2,2,0.350230414747,0.000211958946899
428,60,2,3,2.10138248848,0.000650945012277
428,62,2,2,8.93087557604,0.00609644845701
428,105,2,2,3.32718894009,0.00209609522427
428,130,2,2,1.05069124424,0.000641819614908
428,158,2,2,2.80184331797,0.00175246440307
428,196,2,2,1.75115207373,0.00107979086156
428,198,2,2,0.350230414747,0.000211958946899
428,200,2,2,0.350230414747,0.000211958946899
428,210,2,2,5.2534562212,0.00339973756412
428,214,2,2,0.350230414747,0.000211958946899
428,235,2,2,72.6728110599,1.0
428,236,2,2,0.350230414747,0.000211958946899
428,248,2,2,0.350230414747,0.000211958946899
428,252,2,2,7.70506912442,0.00516527649058
428,256,2,2,3.29953917051,0.00945008921856
428,258,2,5,40.4516129032,0.0130245118405
428,263,2,2,0.350230414747,0.000211958946899
428,272,2,2,0.350230414747,0.000211958946899
428,294,2,2,1.92626728111,0.00119057791449
428,298,2,2,6.47926267281,0.00426694182271
428,307,2,3,3.64976958525,0.011605196797
428,313,2,2,0.52534562212,0.000318676096497
428,323,2,2,0.350230414747,0.000211958946899
428,387,2,2,1.57603686636,0.000969525159461
428,395,2,2,0.52534562212,0.000318676096497
428,399,2,2,0.700460829493,0.000425889604931
428,412,2,2,3.64976958525,0.0230183893469
428,415,2,2,0.52534562212,0.000318676096497
428,417,2,2,0.350230414747,0.000211958946899
428,434,2,2,6.30414746544,0.00414118786705
428,443,2,2,1.05069124424,0.000641819614908
428,454,2,2,2.10138248848,0.00130189002455
428,462,2,2,1.22580645161,0.000750543156231
428,478,2,2,4.02764976959,0.00256207310996
428,485,2,2,8.75576036866,0.00596134538153
428,499,2,2,0.350230414747,0.000211958946899
428,500,2,2,0.350230414747,0.000211958946899
428,530,2,4,1.92626728111,0.000396859304832
428,547,2,2,1.22580645161,0.000750543156231
428,559,2,2,1.75115207373,0.00107979086156
428,562,2,2,0.875576036866,0.000533602943241
428,614,2,2,0.52534562212,0.000318676096497
428,617,2,2,7.35483870968,0.00490533562823
428,625,2,3,2.59907834101,0.00157840896855
428,691,2,2,0.350230414747,0.000211958946899
428,700,2,2,19.0875576037,0.0153549582947
428,711,2,2,0.350230414747,0.000211958946899
454,19,2,2,0.138248847926,8.11253711486e-05
454,30,2,2,0.0921658986175,5.39583872917e-05
454,34,2,2,0.0921658986175,5.39583872917e-05
454,60,2,3,0.552995391705,0.000165711066185
454,62,2,2,1.64976958525,0.000764732971767
454,105,2,2,0.875576036866,0.000533602943241
454,130,2,2,0.276497695853,0.000163388013855
454,158,2,2,0.73732718894,0.000446124848039
454,196,2,2,0.460829493088,0.000274882350354
454,198,2,2,0.0921658986175,5.39583872917e-05
454,200,2,2,0.0921658986175,5.39583872917e-05
454,210,2,2,1.38248847926,0.000865471162501
454,214,2,2,0.0921658986175,5.39583872917e-05
454,235,2,2,0.875576036866,0.000533602943241
454,236,2,2,0.0921658986175,5.39583872917e-05
454,248,2,2,0.0921658986175,5.39583872917e-05
454,252,2,2,2.02764976959,0.00131492439185
454,256,2,2,0.184331797235,0.00010841871307
454,258,2,5,2.64516129032,0.000325536532433
454,263,2,2,0.0921658986175,5.39583872917e-05
454,272,2,2,0.0921658986175,5.39583872917e-05
454,294,2,2,0.506912442396,0.000303085409468
454,298,2,2,1.70506912442,0.00108623534316
454,307,2,3,0.184331797235,5.42093565349e-05
454,313,2,2,0.138248847926,8.11253711486e-05
454,323,2,2,0.0921658986175,5.39583872917e-05
454,387,2,2,0.414746543779,0.000246812011518
454,395,2,2,0.138248847926,8.11253711486e-05
454,399,2,2,0.184331797235,0.00010841871307
454,412,2,2,0.0921658986175,5.39583872917e-05
454,415,2,2,0.138248847926,8.11253711486e-05
454,417,2,2,0.0921658986175,5.39583872917e-05
454,434,2,2,1.65898617512,0.00105422215975
454,443,2,2,0.276497695853,0.000163388013855
454,454,2,2,0.552995391705,0.00033142213237
454,462,2,2,0.322580645161,0.000191065764836
454,478,2,2,2.9400921659,0.00501862114049
454,485,2,2,1.69585253456,0.000822066822067
454,499,2,2,0.0921658986175,5.39583872917e-05
454,500,2,2,0.0921658986175,5.39583872917e-05
454,530,2,4,0.506912442396,0.000101028469823
454,547,2,2,0.322580645161,0.000191065764836
454,559,2,2,0.460829493088,0.000274882350354
454,562,2,2,0.230414746544,0.000135839296678
454,614,2,2,0.138248847926,8.11253711486e-05
454,617,2,2,1.93548387097,0.00124875124875
454,625,2,3,0.460829493088,0.000137441175177
454,691,2,2,0.0921658986175,5.39583872917e-05
454,700,2,2,1.02304147465,0.000162146956784
454,711,2,2,0.0921658986175,5.39583872917e-05
457,19,2,2,0.0829493087557,4.84493515862e-05
457,30,2,2,0.0552995391705,3.22248002062e-05
457,34,2,2,0.0552995391705,3.22248002062e-05
457,60,2,3,3.94470046083,0.0820238762861
457,62,2,2,1.41013824885,0.000926862660762
457,105,2,2,0.52534562212,0.000318676096497
457,130,2,2,0.165898617511,9.75778996899e-05
457,158,2,2,0.442396313364,0.000266432797877
457,196,2,2,0.276497695853,0.000164164076522
457,198,2,2,0.0552995391705,3.22248002062e-05
457,200,2,2,0.0552995391705,3.22248002062e-05
457,210,2,2,0.829493087558,0.000516873033011
457,214,2,2,0.0552995391705,3.22248002062e-05
457,235,2,2,0.52534562212,0.000318676096497
457,236,2,2,0.0552995391705,3.22248002062e-05
457,248,2,2,0.0552995391705,3.22248002062e-05
457,252,2,2,2.78341013825,0.0041105324168
457,256,2,2,0.110599078341,6.47493659958e-05
457,258,2,5,6.38709677419,0.00198015841267
457,263,2,2,0.0552995391705,3.22248002062e-05
457,272,2,2,0.0552995391705,3.22248002062e-05
457,294,2,2,0.304147465438,0.000181007388392
457,298,2,2,1.02304147465,0.000648716884756
457,307,2,3,0.110599078341,3.23746829979e-05
457,313,2,2,0.0829493087557,4.84493515862e-05
457,323,2,2,0.0552995391705,3.22248002062e-05
457,387,2,2,0.248847926267,0.000147400027296
457,395,2,2,0.0829493087557,4.84493515862e-05
457,399,2,2,0.110599078341,6.47493659958e-05
457,412,2,2,0.0552995391705,3.22248002062e-05
457,415,2,2,0.0829493087557,4.84493515862e-05
457,417,2,2,0.0552995391705,3.22248002062e-05
457,434,2,2,0.995391705069,0.000629598106542
457,443,2,2,0.165898617511,9.75778996899e-05
457,454,2,2,0.331797235023,0.000197930526385
457,462,2,2,0.193548387097,0.000114107489255
457,478,2,2,0.635944700461,0.000389520212712
457,485,2,2,1.38248847926,0.0009063225058
457,499,2,2,0.0552995391705,3.22248002062e-05
457,500,2,2,0.0552995391705,3.22248002062e-05
457,530,2,4,7.94470046083,0.221713329396
457,547,2,2,0.193548387097,0.000114107489255
457,559,2,2,0.276497695853,0.000164164076522
457,562,2,2,0.138248847926,8.11253711486e-05
457,614,2,2,0.0829493087557,4.84493515862e-05
457,617,2,2,6.83870967742,0.0258627039369
457,625,2,3,0.276497695853,8.20820382612e-05
457,691,2,2,0.0552995391705,3.22248002062e-05
457,700,2,2,3.01382488479,0.00233446368017
457,711,2,2,0.0552995391705,3.22248002062e-05
460,19,2,2,0.0552995391705,3.22248002062e-05
460,30,2,2,0.036866359447,2.14334705075e-05
460,34,2,2,0.036866359447,2.14334705075e-05
460,60,2,3,0.221198156682,6.58241179568e-05
460,62,2,2,0.940092165899,0.000616478096896
460,105,2,2,0.350230414747,0.000211958946899
460,130,2,2,0.110599078341,6.49013499481e-05
460,158,2,2,0.294930875576,0.000177210703526
460,196,2,2,0.184331797235,0.000109189378057
460,198,2,2,0.036866359447,2.14334705075e-05
460,200,2,2,0.036866359447,2.14334705075e-05
460,210,2,2,0.552995391705,0.000343784378438
460,214,2,2,0.036866359447,2.14334705075e-05
460,235,2,2,0.350230414747,0.000211958946899
460,236,2,2,0.036866359447,2.14334705075e-05
460,248,2,2,0.036866359447,2.14334705075e-05
460,252,2,2,0.811059907834,0.000522317188984
460,256,2,2,0.0737327188941,4.30663221361e-05
460,258,2,5,4.25806451613,0.00131704980843
460,263,2,2,0.036866359447,2.14334705075e-05
460,272,2,2,0.036866359447,2.14334705075e-05
460,294,2,2,0.202764976959,0.000120392259872
460,298,2,2,0.68202764977,0.000431476816867
460,307,2,3,0.0737327188941,2.1533161068e-05
460,313,2,2,0.0552995391705,3.22248002062e-05
460,323,2,2,0.036866359447,2.14334705075e-05
460,387,2,2,0.165898617512,9.80392156863e-05
460,395,2,2,0.0552995391705,3.22248002062e-05
460,399,2,2,0.0737327188941,4.30663221361e-05
460,412,2,2,0.036866359447,2.14334705075e-05
460,415,2,2,0.0552995391705,3.22248002062e-05
460,417,2,2,0.036866359447,2.14334705075e-05
460,434,2,2,0.663594470046,0.000418760469012
460,443,2,2,0.110599078341,6.49013499481e-05
460,454,2,2,0.221198156682,0.000131648235914
460,462,2,2,0.129032258064,7.58955676988e-05
460,478,2,2,0.423963133641,0.000259079030369
460,485,2,2,0.921658986175,0.000602816358025
460,499,2,2,0.036866359447,2.14334705075e-05
460,500,2,2,0.036866359447,2.14334705075e-05
460,530,2,4,0.202764976959,4.01307532907e-05
460,547,2,2,0.129032258064,7.58955676988e-05
460,559,2,2,0.184331797235,0.000109189378057
460,562,2,2,0.0921658986175,5.39583872917e-05
460,614,2,2,0.0552995391705,3.22248002062e-05
460,617,2,2,0.774193548387,0.000496031746032
460,625,2,3,0.184331797235,5.45946890287e-05
460,691,2,2,0.036866359447,2.14334705075e-05
460,700,2,2,2.00921658986,0.00155270655271
460,711,2,2,0.036866359447,2.14334705075e-05
474,19,2,2,3.45622119816,0.00281575924132
474,30,2,2,2.30414746544,0.00187282752008
474,34,2,2,2.30414746544,0.00187282752008
474,60,2,3,13.8248847926,0.00575162195739
474,62,2,2,129.244239631,0.260642015661
474,105,2,2,21.8894009217,0.0185206846805
474,130,2,2,1.08755760369,0.000140378469387
474,158,2,2,18.4331797235,0.0154844304052
474,196,2,2,7.52073732719,0.004065799597
474,198,2,2,5.69585253456,0.0114444444444
474,200,2,2,5.69585253456,0.0114444444444
474,210,2,2,34.5622119816,0.0300394117082
474,214,2,2,2.30414746544,0.00187282752008
474,235,2,2,21.8894009217,0.0185206846805
474,236,2,2,2.30414746544,0.00187282752008
474,248,2,2,2.30414746544,0.00187282752008
474,252,2,2,50.6912442396,0.0456393660277
474,256,2,2,4.60829493088,0.0037630766915
474,258,2,5,260.368663594,0.112176096418
474,263,2,2,5.69585253456,0.0114444444444
474,272,2,2,5.69585253456,0.0114444444444
474,294,2,2,12.6728110599,0.0105197120277
474,298,2,2,26.6267281106,0.0147107346029
474,307,2,3,5.69585253456,0.00663734477309
474,313,2,2,3.45622119816,0.00281575924132
474,323,2,2,2.30414746544,0.00187282752008
474,387,2,2,10.3686635945,0.00856653340948
474,395,2,2,0.543778801843,6.97006785354e-05
474,399,2,2,3.39170506912,0.00203844359148
474,412,2,2,2.30414746544,0.00187282752008
474,415,2,2,3.45622119816,0.00281575924132
474,417,2,2,2.30414746544,0.00187282752008
474,434,2,2,41.4746543779,0.0365907205933
474,443,2,2,6.91244239631,0.00567099174304
474,454,2,2,13.8248847926,0.0115032439148
474,462,2,2,4.06451612903,0.00168454559924
474,478,2,2,26.4976958525,0.0226379735274
474,485,2,2,57.6036866359,0.0526732740022
474,499,2,2,1.69585253456,0.00101450317632
474,500,2,2,1.69585253456,0.00101450317632
474,530,2,4,8.67281105991,0.00183688198286
474,547,2,2,15.935483871,0.0258937874688
474,559,2,2,11.5207373272,0.0095408194419
474,562,2,2,5.76036866359,0.00471481054005
474,614,2,2,3.45622119816,0.00281575924132
474,617,2,2,48.3870967742,0.0433425797503
474,625,2,3,14.7834101382,0.0106535384991
474,691,2,2,1.69585253456,0.00101450317632
474,700,2,2,198.423963134,0.338742247101
474,711,2,2,2.30414746544,0.00187282752008
508,19,2,2,6.77419354839,0.00902294405775
508,30,2,2,4.51612903226,0.00600137174211
508,34,2,2,3.48387096774,0.00357142857143
508,60,2,3,13.4193548387,0.00831629966363
508,62,2,2,88.8387096774,0.102722864603
508,105,2,2,33.0967741935,0.0353184165232
508,130,2,2,1.54838709677,0.000237353508382
508,158,2,2,36.1290322581,0.0496189969874
508,196,2,2,17.4193548387,0.0181940700809
508,198,2,2,3.48387096774,0.00357142857143
508,200,2,2,3.48387096774,0.00357142857143
508,210,2,2,31.7419354839,0.0211346848971
508,214,2,2,4.51612903226,0.00600137174211
508,235,2,2,42.9032258065,0.0593485051316
508,236,2,2,3.48387096774,0.00357142857143
508,248,2,2,0.516129032258,7.83852635704e-05
508,252,2,2,23.3548387097,0.00808105474772
508,256,2,2,2.96774193548,0.00130183339486
508,258,2,5,378.0,0.193440977924
508,263,2,2,3.48387096774,0.00357142857143
508,272,2,2,3.48387096774,0.00357142857143
508,294,2,2,24.8387096774,0.0337098327642
508,298,2,2,20.4516129032,0.00723926517377
508,307,2,3,3.48387096774,0.00182249644044
508,313,2,2,5.22580645161,0.00536957242294
508,323,2,2,4.51612903226,0.00600137174211
508,387,2,2,15.6774193548,0.0163361344538
508,395,2,2,2.77419354839,0.0015132356973
508,399,2,2,6.96774193548,0.00717607973422
508,412,2,2,4.51612903226,0.00600137174211
508,415,2,2,2.77419354839,0.0015132356973
508,417,2,2,0.516129032258,7.83852635704e-05
508,434,2,2,9.29032258065,0.0015314668581
508,443,2,2,13.5483870968,0.0181723779855
508,454,2,2,16.9032258065,0.0143442246128
508,462,2,2,12.1935483871,0.0126463700234
508,478,2,2,43.935483871,0.0519149879353
508,485,2,2,112.903225806,0.168788580247
508,499,2,2,0.516129032258,7.83852635704e-05
508,500,2,2,0.516129032258,7.83852635704e-05
508,530,2,4,9.03225806452,0.0040195847436
508,547,2,2,12.1935483871,0.0126463700234
508,559,2,2,17.4193548387,0.0181940700809
508,562,2,2,8.70967741935,0.00899100899101
508,614,2,2,5.22580645161,0.00536957242294
508,617,2,2,94.8387096774,0.138888888889
508,625,2,3,9.93548387097,0.00371439980604
508,691,2,2,3.48387096774,0.00357142857143
508,700,2,2,185.870967742,0.247939002214
508,711,2,2,3.48387096774,0.00357142857143
605,19,2,2,0.0552995391705,3.22248002062e-05
605,30,2,2,0.036866359447,2.14334705075e-05
605,34,2,2,0.036866359447,2.14334705075e-05
605,60,2,3,0.221198156682,6.58241179568e-05
605,62,2,2,0.940092165899,0.000616478096896
605,105,2,2,0.350230414747,0.000211958946899
605,130,2,2,0.110599078341,6.49013499481e-05
605,158,2,2,0.294930875576,0.000177210703526
605,196,2,2,0.184331797235,0.000109189378057
605,198,2,2,0.036866359447,2.14334705075e-05
605,200,2,2,0.036866359447,2.14334705075e-05
605,210,2,2,0.552995391705,0.000343784378438
605,214,2,2,0.036866359447,2.14334705075e-05
605,235,2,2,0.350230414747,0.000211958946899
605,236,2,2,0.036866359447,2.14334705075e-05
605,248,2,2,0.036866359447,2.14334705075e-05
605,252,2,2,0.811059907834,0.000522317188984
605,256,2,2,0.0737327188941,4.30663221361e-05
605,258,2,5,4.25806451613,0.00131704980843
605,263,2,2,0.036866359447,2.14334705075e-05
605,272,2,2,0.036866359447,2.14334705075e-05
605,294,2,2,0.202764976959,0.000120392259872
605,298,2,2,0.68202764977,0.000431476816867
605,307,2,3,0.0737327188941,2.1533161068e-05
605,313,2,2,0.0552995391705,3.22248002062e-05
605,323,2,2,0.036866359447,2.14334705075e-05
605,387,2,2,0.165898617512,9.80392156863e-05
605,395,2,2,0.0552995391705,3.22248002062e-05
605,399,2,2,0.0737327188941,4.30663221361e-05
605,412,2,2,0.036866359447,2.14334705075e-05
605,415,2,2,0.0552995391705,3.22248002062e-05
605,417,2,2,0.036866359447,2.14334705075e-05
605,434,2,2,0.663594470046,0.000418760469012
605,443,2,2,0.110599078341,6.49013499481e-05
605,454,2,2,0.221198156682,0.000131648235914
605,462,2,2,0.129032258064,7.58955676988e-05
605,478,2,2,3.57603686636,0.0184323220925
605,485,2,2,0.921658986175,0.000602816358025
605,499,2,2,0.036866359447,2.14334705075e-05
605,500,2,2,0.036866359447,2.14334705075e-05
605,530,2,4,0.202764976959,4.01307532907e-05
605,547,2,2,0.129032258064,7.58955676988e-05
605,559,2,2,0.184331797235,0.000109189378057
605,562,2,2,0.0921658986175,5.39583872917e-05
605,614,2,2,7.94470046083,0.66512345679
605,617,2,2,0.774193548387,0.000496031746032
605,625,2,3,0.184331797235,5.45946890287e-05
605,691,2,2,0.036866359447,2.14334705075e-05
605,700,2,2,2.00921658986,0.00155270655271
605,711,2,2,0.036866359447,2.14334705075e-05
608,19,2,2,0.0829493087557,4.84493515862e-05
608,30,2,2,0.0552995391705,3.22248002062e-05
608,34,2,2,0.0552995391705,3.22248002062e-05
608,60,2,3,0.331797235023,9.89652631926e-05
608,62,2,2,1.41013824885,0.000926862660762
608,105,2,2,0.52534562212,0.000318676096497
608,130,2,2,0.165898617511,9.75778996899e-05
608,158,2,2,0.442396313364,0.000266432797877
608,196,2,2,0.276497695853,0.000164164076522
608,198,2,2,0.0552995391705,3.22248002062e-05
608,200,2,2,0.0552995391705,3.22248002062e-05
608,210,2,2,0.829493087558,0.000516873033011
608,214,2,2,0.0552995391705,3.22248002062e-05
608,235,2,2,0.52534562212,0.000318676096497
608,236,2,2,0.0552995391705,3.22248002062e-05
608,248,2,2,0.0552995391705,3.22248002062e-05
608,252,2,2,1.21658986175,0.000785293592718
608,256,2,2,0.110599078341,6.47493659958e-05
608,258,2,5,7.75115207373,0.0359680626302
608,263,2,2,0.0552995391705,3.22248002062e-05
608,272,2,2,0.0552995391705,3.22248002062e-05
608,294,2,2,0.304147465438,0.000181007388392
608,298,2,2,1.02304147465,0.000648716884756
608,307,2,3,0.110599078341,3.23746829979e-05
608,313,2,2,0.0829493087557,4.84493515862e-05
608,323,2,2,0.0552995391705,3.22248002062e-05
608,387,2,2,0.248847926267,0.000147400027296
608,395,2,2,0.0829493087557,4.84493515862e-05
608,399,2,2,0.110599078341,6.47493659958e-05
608,412,2,2,0.0552995391705,3.22248002062e-05
608,415,2,2,0.0829493087557,4.84493515862e-05
608,417,2,2,0.0552995391705,3.22248002062e-05
608,434,2,2,0.995391705069,0.000629598106542
608,443,2,2,0.165898617511,9.75778996899e-05
608,454,2,2,0.331797235023,0.000197930526385
608,462,2,2,0.193548387097,0.000114107489255
608,478,2,2,0.635944700461,0.000389520212712
608,485,2,2,1.38248847926,0.0009063225058
608,499,2,2,0.0552995391705,3.22248002062e-05
608,500,2,2,0.0552995391705,3.22248002062e-05
608,530,2,4,0.304147465438,6.03357961308e-05
608,547,2,2,0.193548387097,0.000114107489255
608,559,2,2,0.276497695853,0.000164164076522
608,562,2,2,0.138248847926,8.11253711486e-05
608,614,2,2,0.0829493087557,4.84493515862e-05
608,617,2,2,1.16129032258,0.00074577394763
608,625,2,3,0.276497695853,8.20820382612e-05
608,691,2,2,0.0552995391705,3.22248002062e-05
608,700,2,2,3.01382488479,0.00233446368017
608,711,2,2,0.0552995391705,3.22248002062e-05
613,19,2,2,0.470046082949,0.000283763708291
613,30,2,2,7.6866359447,0.113562091503
613,34,2,2,0.3133640553,0.00018873789857
613,60,2,3,1.8801843318,0.000579631081864
613,62,2,2,7.99078341014,0.00542855532806
613,105,2,2,2.97695852535,0.00186645864032
613,130,2,2,0.940092165899,0.000571505412492
613,158,2,2,53.4930875576,0.710515516661
613,196,2,2,1.5668202765,0.000961494954979
613,198,2,2,0.3133640553,0.00018873789857
613,200,2,2,0.3133640553,0.00018873789857
613,210,2,2,4.70046082949,0.00302728114538
613,214,2,2,0.3133640553,0.00018873789857
613,235,2,2,2.97695852535,0.00186645864032
613,236,2,2,0.3133640553,0.00018873789857
613,248,2,2,0.3133640553,0.00018873789857
613,252,2,2,6.89400921659,0.00459939740515
613,256,2,2,0.626728110599,0.000379231498522
613,258,2,5,32.1935483871,0.00918494413394
613,263,2,2,0.3133640553,0.00018873789857
613,272,2,2,0.3133640553,0.00018873789857
613,294,2,2,1.72350230415,0.00106014479197
613,298,2,2,5.79723502304,0.00379947930824
613,307,2,3,0.626728110599,0.000189615749261
613,313,2,2,0.470046082949,0.000283763708291
613,323,2,2,0.3133640553,0.00018873789857
613,387,2,2,1.41013824885,0.000863309352518
613,395,2,2,0.470046082949,0.000283763708291
613,399,2,2,0.626728110599,0.000379231498522
613,412,2,2,0.3133640553,0.00018873789857
613,415,2,2,0.470046082949,0.000283763708291
613,417,2,2,0.3133640553,0.00018873789857
613,434,2,2,5.64055299539,0.0036875022595
613,443,2,2,0.940092165899,0.000571505412492
613,454,2,2,2.1198156682,0.00147359112988
613,462,2,2,1.09677419355,0.000668317804773
613,478,2,2,3.60368663594,0.00228138656958
613,485,2,2,7.83410138249,0.00530825339728
613,499,2,2,0.3133640553,0.00018873789857
613,500,2,2,0.3133640553,0.00018873789857
613,530,2,4,1.72350230415,0.000353381597323
613,547,2,2,1.09677419355,0.000668317804773
613,559,2,2,1.5668202765,0.000961494954979
613,562,2,2,0.783410138249,0.000475144360036
613,614,2,2,0.470046082949,0.000283763708291
613,617,2,2,6.58064516129,0.00436793422405
613,625,2,3,1.5668202765,0.00048074747749
613,691,2,2,0.3133640553,0.00018873789857
613,700,2,2,17.0783410138,0.0136727541044
613,711,2,2,0.3133640553,0.00018873789857
614,19,2,2,0.359447004608,0.000214934059333
614,30,2,2,0.239631336406,0.000142957684525
614,34,2,2,0.239631336406,0.000142957684525
614,60,2,3,2.80184331797,0.002055069133
614,62,2,2,6.11059907834,0.004111806404
614,105,2,2,2.27649769585,0.00141373093323
614,130,2,2,0.718894009217,0.000432881212955
614,158,2,2,1.91705069124,0.00118196592756
614,196,2,2,1.19815668203,0.000728274996639
614,198,2,2,0.239631336406,0.000142957684525
614,200,2,2,0.239631336406,0.000142957684525
614,210,2,2,3.59447004608,0.00229298464288
614,214,2,2,0.239631336406,0.000142957684525
614,235,2,2,2.27649769585,0.00141373093323
614,236,2,2,0.239631336406,0.000142957684525
614,248,2,2,0.239631336406,0.000142957684525
614,252,2,2,5.27188940092,0.00348376880443
614,256,2,2,0.479262672811,0.000287245207977
614,258,2,5,50.3225806452,0.231591448931
614,263,2,2,0.239631336406,0.000142957684525
614,272,2,2,0.239631336406,0.000142957684525
614,294,2,2,1.31797235023,0.000802996355632
614,298,2,2,4.4331797235,0.00287787862652
614,307,2,3,0.479262672811,0.000143622603988
614,313,2,2,0.359447004608,0.000214934059333
614,323,2,2,0.239631336406,0.000142957684525
614,387,2,2,1.07834101382,0.00065390526757
614,395,2,2,0.359447004608,0.000214934059333
614,399,2,2,0.479262672811,0.000287245207977
614,412,2,2,0.239631336406,0.000142957684525
614,415,2,2,0.359447004608,0.000214934059333
614,417,2,2,0.239631336406,0.000142957684525
614,434,2,2,4.3133640553,0.00279306270068
614,443,2,2,0.718894009217,0.000432881212955
614,454,2,2,1.43778801843,0.000878071844289
614,462,2,2,0.838709677419,0.000506210817336
614,478,2,2,49.2442396313,0.551791800062
614,485,2,2,5.99078341014,0.00402068487728
614,499,2,2,0.239631336406,0.000142957684525
614,500,2,2,0.239631336406,0.000142957684525
614,530,2,4,1.31797235023,0.000267665451877
614,547,2,2,0.838709677419,0.000506210817336
614,559,2,2,1.19815668203,0.000728274996639
614,562,2,2,0.599078341014,0.000359893471532
614,614,2,2,0.359447004608,0.000214934059333
614,617,2,2,5.03225806452,0.00330844927044
614,625,2,3,1.19815668203,0.000364137498319
614,691,2,2,0.239631336406,0.000142957684525
614,700,2,2,13.0599078341,0.0103562945368
614,711,2,2,0.239631336406,0.000142957684525
620,19,2,2,11.3917050691,0.130352246362
620,30,2,2,0.405529953917,0.00024721323265
620,34,2,2,0.405529953917,0.00024721323265
620,60,2,3,2.4331797235,0.000759214098376
620,62,2,2,10.3410138249,0.00711044639915
620,105,2,2,3.85253456221,0.00244473037782
620,130,2,2,1.21658986175,0.000748570910081
620,158,2,2,3.24423963134,0.00204394481349
620,196,2,2,2.02764976959,0.00125938816633
620,198,2,2,0.405529953917,0.00024721323265
620,200,2,2,0.405529953917,0.00024721323265
620,210,2,2,77.9170506912,0.650581890713
620,214,2,2,0.405529953917,0.00024721323265
620,235,2,2,3.85253456221,0.00244473037782
620,236,2,2,0.405529953917,0.00024721323265
620,248,2,2,0.405529953917,0.00024721323265
620,252,2,2,8.92165898618,0.00602439631566
620,256,2,2,0.811059907834,0.000496726123278
620,258,2,5,46.8387096774,0.0151908269166
620,263,2,2,0.405529953917,0.00024721323265
620,272,2,2,0.405529953917,0.00024721323265
620,294,2,2,2.23041474654,0.00138860198765
620,298,2,2,7.50230414747,0.00497664522756
620,307,2,3,0.811059907834,0.000248363061639
620,313,2,2,0.608294930876,0.000371680219854
620,323,2,2,0.405529953917,0.00024721323265
620,387,2,2,1.82488479263,0.00113078241005
620,395,2,2,0.608294930876,0.000371680219854
620,399,2,2,0.811059907834,0.000496726123278
620,412,2,2,0.405529953917,0.00024721323265
620,415,2,2,0.608294930876,0.000371680219854
620,417,2,2,0.405529953917,0.00024721323265
620,434,2,2,3.29953917051,0.000986871446573
620,443,2,2,1.21658986175,0.000748570910081
620,454,2,2,2.4331797235,0.00151842819675
620,462,2,2,1.41935483871,0.000875378004138
620,478,2,2,4.66359447005,0.00298821250561
620,485,2,2,73.8617511521,0.369043491652
620,499,2,2,0.405529953917,0.00024721323265
620,500,2,2,0.405529953917,0.00024721323265
620,530,2,4,2.23041474654,0.000462867329217
620,547,2,2,1.41935483871,0.000875378004138
620,559,2,2,2.02764976959,0.00125938816633
620,562,2,2,1.01382488479,0.000622354991287
620,614,2,2,0.608294930876,0.000371680219854
620,617,2,2,4.51612903226,0.00160892909679
620,625,2,3,3.59447004608,0.0101721614848
620,691,2,2,0.405529953917,0.00024721323265
620,700,2,2,22.1013824885,0.0179088872293
620,711,2,2,0.405529953917,0.00024721323265
652,19,2,2,10.6175115207,0.0534570765661
652,30,2,2,0.921658986175,0.000602816358025
652,34,2,2,0.921658986175,0.000602816358025
652,60,2,3,5.52995391705,0.00185130331754
652,62,2,2,23.5023041475,0.0173384464752
652,105,2,2,8.75576036866,0.00596134538153
652,130,2,2,5.23502304147,0.00654335410177
652,158,2,2,7.3732718894,0.00498405103668
652,196,2,2,4.60829493088,0.00307095125786
652,198,2,2,0.921658986175,0.000602816358025
652,200,2,2,0.921658986175,0.000602816358025
652,210,2,2,70.1751152074,0.24912762995
652,214,2,2,0.921658986175,0.000602816358025
652,235,2,2,8.75576036866,0.00596134538153
652,236,2,2,0.921658986175,0.000602816358025
652,248,2,2,3.07834101382,0.00672477816358
652,252,2,2,20.2764976959,0.0146901709402
652,256,2,2,1.84331797235,0.00121124031008
652,258,2,5,102.451612903,0.0346897449713
652,263,2,2,0.921658986175,0.000602816358025
652,272,2,2,0.921658986175,0.000602816358025
652,294,2,2,5.06912442396,0.0033860323089
652,298,2,2,17.0506912442,0.0121352854744
652,307,2,3,1.84331797235,0.000605620155039
652,313,2,2,1.38248847926,0.0009063225058
652,323,2,2,0.921658986175,0.000602816358025
652,387,2,2,4.14746543779,0.00275735294118
652,395,2,2,1.38248847926,0.0009063225058
652,399,2,2,1.84331797235,0.00121124031008
652,412,2,2,0.921658986175,0.000602816358025
652,415,2,2,1.38248847926,0.0009063225058
652,417,2,2,3.07834101382,0.00672477816358
652,434,2,2,12.5898617512,0.00678288723711
652,443,2,2,2.76497695853,0.00182535046729
652,454,2,2,5.52995391705,0.00370260663507
652,462,2,2,3.22580645161,0.00213456284153
652,478,2,2,10.599078341,0.00728659772912
652,485,2,2,176.958525346,1.0
652,499,2,2,3.07834101382,0.00672477816358
652,500,2,2,3.07834101382,0.00672477816358
652,530,2,4,5.06912442396,0.0011286774363
652,547,2,2,3.22580645161,0.00213456284153
652,559,2,2,4.60829493088,0.00307095125786
652,562,2,2,2.30414746544,0.00151757964258
652,614,2,2,1.38248847926,0.0009063225058
652,617,2,2,19.3548387097,0.0139508928571
652,625,2,3,3.6866359447,0.00454758746069
652,691,2,2,0.921658986175,0.000602816358025
652,700,2,2,50.2304147465,0.0436698717949
652,711,2,2,0.921658986175,0.000602816358025
722,19,2,2,0.0552995391705,3.22248002062e-05
722,30,2,2,0.036866359447,2.14334705075e-05
722,34,2,2,0.036866359447,2.14334705075e-05
722,60,2,3,0.221198156682,6.58241179568e-05
722,62,2,2,0.940092165899,0.000616478096896
722,105,2,2,0.350230414747,0.000211958946899
722,130,2,2,0.110599078341,6.49013499481e-05
722,158,2,2,0.294930875576,0.000177210703526
722,196,2,2,0.184331797235,0.000109189378057
722,198,2,2,0.036866359447,2.14334705075e-05
722,200,2,2,0.036866359447,2.14334705075e-05
722,210,2,2,0.552995391705,0.000343784378438
722,214,2,2,0.036866359447,2.14334705075e-05
722,235,2,2,0.350230414747,0.000211958946899
722,236,2,2,0.036866359447,2.14334705075e-05
722,248,2,2,0.036866359447,2.14334705075e-05
722,252,2,2,3.18894009217,0.00807460286627
722,256,2,2,0.0737327188941,4.30663221361e-05
722,258,2,5,4.25806451613,0.00131704980843
722,263,2,2,0.036866359447,2.14334705075e-05
722,272,2,2,0.036866359447,2.14334705075e-05
722,294,2,2,0.202764976959,0.000120392259872
722,298,2,2,0.68202764977,0.000431476816867
722,307,2,3,0.0737327188941,2.1533161068e-05
722,313,2,2,0.0552995391705,3.22248002062e-05
722,323,2,2,0.036866359447,2.14334705075e-05
722,387,2,2,0.165898617512,9.80392156863e-05
722,395,2,2,0.0552995391705,3.22248002062e-05
722,399,2,2,0.0737327188941,4.30663221361e-05
722,412,2,2,0.036866359447,2.14334705075e-05
722,415,2,2,0.0552995391705,3.22248002062e-05
722,417,2,2,0.036866359447,2.14334705075e-05
722,434,2,2,3.33640552995,0.0105856571954
722,443,2,2,0.110599078341,6.49013499481e-05
722,454,2,2,0.221198156682,0.000131648235914
722,462,2,2,0.129032258064,7.58955676988e-05
722,478,2,2,3.57603686636,0.0184323220925
722,485,2,2,0.921658986175,0.000602816358025
722,499,2,2,0.036866359447,2.14334705075e-05
722,500,2,2,0.036866359447,2.14334705075e-05
722,530,2,4,0.202764976959,4.01307532907e-05
722,547,2,2,0.129032258064,7.58955676988e-05
722,559,2,2,0.184331797235,0.000109189378057
722,562,2,2,0.0921658986175,5.39583872917e-05
722,614,2,2,0.0552995391705,3.22248002062e-05
722,617,2,2,0.774193548387,0.000496031746032
722,625,2,3,0.184331797235,5.45946890287e-05
722,691,2,2,0.036866359447,2.14334705075e-05
722,700,2,2,2.00921658986,0.00155270655271
722,711,2,2,0.036866359447,2.14334705075e-05
735,19,2,2,0.0552995391705,3.22248002062e-05
735,30,2,2,0.036866359447,2.14334705075e-05
735,34,2,2,0.036866359447,2.14334705075e-05
735,60,2,3,0.221198156682,6.58241179568e-05
735,62,2,2,3.0599078341,0.00653120739641
735,105,2,2,0.350230414747,0.000211958946899
735,130,2,2,0.110599078341,6.49013499481e-05
735,158,2,2,0.294930875576,0.000177210703526
735,196,2,2,0.184331797235,0.000109189378057
735,198,2,2,0.036866359447,2.14334705075e-05
735,200,2,2,0.036866359447,2.14334705075e-05
735,210,2,2,0.552995391705,0.000343784378438
735,214,2,2,0.036866359447,2.14334705075e-05
735,235,2,2,0.350230414747,0.000211958946899
735,236,2,2,0.036866359447,2.14334705075e-05
735,248,2,2,0.036866359447,2.14334705075e-05
735,252,2,2,0.811059907834,0.000522317188984
735,256,2,2,0.0737327188941,4.30663221361e-05
735,258,2,5,0.516129032258,7.98212005109e-05
735,263,2,2,0.036866359447,2.14334705075e-05
735,272,2,2,0.036866359447,2.14334705075e-05
735,294,2,2,0.202764976959,0.000120392259872
735,298,2,2,0.68202764977,0.000431476816867
735,307,2,3,0.0737327188941,2.1533161068e-05
735,313,2,2,0.0552995391705,3.22248002062e-05
735,323,2,2,0.036866359447,2.14334705075e-05
735,387,2,2,0.165898617512,9.80392156863e-05
735,395,2,2,0.0552995391705,3.22248002062e-05
735,399,2,2,0.0737327188941,4.30663221361e-05
735,412,2,2,0.036866359447,2.14334705075e-05
735,415,2,2,0.0552995391705,3.22248002062e-05
735,417,2,2,0.036866359447,2.14334705075e-05
735,434,2,2,0.663594470046,0.000418760469012
735,443,2,2,0.110599078341,6.49013499481e-05
735,454,2,2,0.221198156682,0.000131648235914
735,462,2,2,0.129032258064,7.58955676988e-05
735,478,2,2,0.423963133641,0.000259079030369
735,485,2,2,3.07834101382,0.00672477816358
735,499,2,2,0.036866359447,2.14334705075e-05
735,500,2,2,0.036866359447,2.14334705075e-05
735,530,2,4,0.202764976959,4.01307532907e-05
735,547,2,2,3.87096774194,0.068306010929
735,559,2,2,0.184331797235,0.000109189378057
735,562,2,2,0.0921658986175,5.39583872917e-05
735,614,2,2,0.0552995391705,3.22248002062e-05
735,617,2,2,0.774193548387,0.000496031746032
735,625,2,3,0.184331797235,5.45946890287e-05
735,691,2,2,0.036866359447,2.14334705075e-05
735,700,2,2,1.99078341014,0.00152434721242
735,711,2,2,0.036866359447,2.14334705075e-05
744,19,2,2,0.0552995391705,3.22248002062e-05
744,30,2,2,0.036866359447,2.14334705075e-05
744,34,2,2,0.036866359447,2.14334705075e-05
744,60,2,3,0.221198156682,6.58241179568e-05
744,62,2,2,3.0599078341,0.00653120739641
744,105,2,2,3.64976958525,0.0230183893469
744,130,2,2,0.110599078341,6.49013499481e-05
744,158,2,2,0.294930875576,0.000177210703526
744,196,2,2,0.184331797235,0.000109189378057
744,198,2,2,0.036866359447,2.14334705075e-05
744,200,2,2,0.036866359447,2.14334705075e-05
744,210,2,2,0.552995391705,0.000343784378438
744,214,2,2,0.036866359447,2.14334705075e-05
744,235,2,2,0.350230414747,0.000211958946899
744,236,2,2,0.036866359447,2.14334705075e-05
744,248,2,2,0.036866359447,2.14334705075e-05
744,252,2,2,3.18894009217,0.00807460286627
744,256,2,2,0.0737327188941,4.30663221361e-05
744,258,2,5,0.516129032258,7.98212005109e-05
744,263,2,2,0.036866359447,2.14334705075e-05
744,272,2,2,0.036866359447,2.14334705075e-05
744,294,2,2,0.202764976959,0.000120392259872
744,298,2,2,3.31797235023,0.0102117230581
744,307,2,3,0.0737327188941,2.1533161068e-05
744,313,2,2,0.0552995391705,3.22248002062e-05
744,323,2,2,0.036866359447,2.14334705075e-05
744,387,2,2,0.165898617512,9.80392156863e-05
744,395,2,2,0.0552995391705,3.22248002062e-05
744,399,2,2,0.0737327188941,4.30663221361e-05
744,412,2,2,0.036866359447,2.14334705075e-05
744,415,2,2,0.0552995391705,3.22248002062e-05
744,417,2,2,0.036866359447,2.14334705075e-05
744,434,2,2,3.33640552995,0.0105856571954
744,443,2,2,0.110599078341,6.49013499481e-05
744,454,2,2,3.77880184332,0.038420257738
744,462,2,2,0.129032258064,7.58955676988e-05
744,478,2,2,0.423963133641,0.000259079030369
744,485,2,2,0.921658986175,0.000602816358025
744,499,2,2,0.036866359447,2.14334705075e-05
744,500,2,2,0.036866359447,2.14334705075e-05
744,530,2,4,0.202764976959,4.01307532907e-05
744,547,2,2,0.129032258064,7.58955676988e-05
744,559,2,2,3.81566820276,0.0467865566038
744,562,2,2,0.0921658986175,5.39583872917e-05
744,614,2,2,0.0552995391705,3.22248002062e-05
744,617,2,2,0.774193548387,0.000496031746032
744,625,2,3,0.184331797235,5.45946890287e-05
744,691,2,2,0.036866359447,2.14334705075e-05
744,700,2,2,1.99078341014,0.00152434721242
744,711,2,2,0.036866359447,2.14334705075e-05
