PB2 site,NA site,N alleles PB2,N alleles NA,Chi,ChiSqDf
14,26,2,2,0.0737327188941,4.30663221361e-05
14,27,2,2,1.69585253456,0.00110285303285
14,34,2,2,0.516129032258,0.00031007751938
14,35,2,2,0.294930875576,0.000174691560214
14,39,2,2,0.110599078341,6.47493659958e-05
14,44,2,3,1.2534562212,0.000395348837209
14,45,2,3,0.700460829493,0.000212944802466
14,47,2,2,0.110599078341,6.47493659958e-05
14,48,2,2,0.110599078341,6.47493659958e-05
14,50,2,4,0.552995391705,0.000111006271854
14,51,2,3,2.24884792627,0.000760645925556
14,52,2,2,0.110599078341,6.47493659958e-05
14,53,2,3,0.73732718894,0.000224693854623
14,59,2,3,0.147465437788,4.32666306111e-05
14,61,2,2,1.06912442396,0.000666092449038
14,68,2,2,0.774193548387,0.000472999605834
14,69,2,2,0.479262672811,0.000287245207977
14,71,2,2,1.1797235023,0.00074048362837
14,76,2,2,0.0737327188941,4.30663221361e-05
14,89,2,2,1.06912442396,0.000666092449038
14,95,2,2,0.0737327188941,4.30663221361e-05
14,121,2,2,0.110599078341,6.47493659958e-05
14,126,2,3,3.41013824885,0.000977543864263
14,129,2,2,0.0737327188941,4.30663221361e-05
14,133,2,2,0.110599078341,6.47493659958e-05
14,148,2,2,0.0737327188941,4.30663221361e-05
14,149,2,2,0.589861751152,5.08486611756e-05
14,154,2,2,0.0737327188941,4.30663221361e-05
14,158,2,2,0.0737327188941,4.30663221361e-05
14,170,2,2,0.110599078341,6.47493659958e-05
14,187,2,2,3.02304147465,0.00154958100357
14,192,2,2,0.0737327188941,4.30663221361e-05
14,199,2,2,0.036866359447,1.97551936404e-07
14,200,2,3,1.29032258065,0.000407996736026
14,203,2,2,1.21658986175,0.000765528040364
14,205,2,2,2.61751152074,0.00181946313025
14,211,2,2,0.110599078341,6.47493659958e-05
14,220,2,3,4.35023041475,0.0019709495716
14,221,2,2,0.0552995391705,5.87268029128e-07
14,236,2,2,1.95391705069,0.000590113653075
14,245,2,2,4.64516129032,0.00473148114344
14,251,2,3,1.47465437788,0.000472199268091
14,269,2,2,0.0737327188941,4.30663221361e-05
14,272,2,3,3.29953917051,0.00477882466867
14,296,2,3,0.258064516129,7.62485703393e-05
14,321,2,3,2.08294930876,0.000446027612077
14,330,2,3,3.90783410138,0.00147227896501
14,340,2,2,0.184331797235,0.00010841871307
14,343,2,4,1.29032258065,0.000271997824017
14,346,2,4,1.03225806452,0.00021384656509
14,361,2,2,0.331797235023,0.000196990424077
14,362,2,2,0.0737327188941,4.30663221361e-05
14,374,2,3,3.66820276498,0.000985459871283
14,379,2,2,1.43778801843,0.000918457462467
14,385,2,2,0.811059907834,0.000496726123278
14,390,2,3,0.700460829493,0.000212494046503
14,392,2,2,0.0737327188941,4.30663221361e-05
14,396,2,4,1.32718894009,0.000280472128082
14,397,2,3,1.54838709677,0.000455691015265
14,403,2,2,0.331797235023,0.000196990424077
14,417,2,2,0.0737327188941,4.30663221361e-05
14,445,2,3,0.147465437788,4.32666306111e-05
14,446,2,2,0.0737327188941,4.30663221361e-05
14,464,2,2,8.82949308756,0.0178289134232
14,465,2,2,0.0737327188941,4.30663221361e-05
16,26,2,2,0.0552995391705,3.22248002062e-05
16,27,2,2,1.27188940092,0.000825220656828
16,34,2,2,0.387096774194,0.000232018561485
16,35,2,2,0.221198156682,0.000130714682527
16,39,2,2,0.0829493087557,4.84493515862e-05
16,44,2,3,0.940092165899,0.000295823665893
16,45,2,3,0.52534562212,0.000159338048249
16,47,2,2,0.0829493087557,4.84493515862e-05
16,48,2,2,0.0829493087557,4.84493515862e-05
16,50,2,4,0.414746543779,8.30615375244e-05
16,51,2,3,1.6866359447,0.000569160814366
16,52,2,2,0.0829493087557,4.84493515862e-05
16,53,2,3,0.552995391705,0.00016812939238
16,59,2,3,0.110599078341,3.23746829979e-05
16,61,2,2,3.19815668203,0.00792879891297
16,68,2,2,0.58064516129,0.000353926619214
16,69,2,2,0.359447004608,0.000214934059333
16,71,2,2,0.884792626728,0.00055407417668
16,76,2,2,0.0552995391705,3.22248002062e-05
16,89,2,2,0.801843317972,0.00049841024319
16,95,2,2,0.0552995391705,3.22248002062e-05
16,121,2,2,0.0829493087557,4.84493515862e-05
16,126,2,3,1.55760368664,0.000405818318652
16,129,2,2,0.0552995391705,3.22248002062e-05
16,133,2,2,0.0829493087557,4.84493515862e-05
16,148,2,2,0.0552995391705,3.22248002062e-05
16,149,2,2,2.44239631336,0.00115968821702
16,154,2,2,0.0552995391705,3.22248002062e-05
16,158,2,2,0.0552995391705,3.22248002062e-05
16,170,2,2,0.0829493087557,4.84493515862e-05
16,187,2,2,3.73271889401,0.00314272633449
16,192,2,2,0.0552995391705,3.22248002062e-05
16,199,2,2,2.02764976959,0.000794944102947
16,200,2,3,0.967741935484,0.000305287580901
16,203,2,2,0.912442396313,0.000572813904913
16,205,2,2,1.96313364055,0.00136143122855
16,211,2,2,0.0829493087557,4.84493515862e-05
16,220,2,3,2.84792626728,0.00108298694107
16,221,2,2,3.04147465438,0.00236315201512
16,236,2,2,4.53456221198,0.00422789378706
16,245,2,2,2.51612903226,0.00184667834651
16,251,2,3,1.10599078341,0.000353327758606
16,269,2,2,0.0552995391705,3.22248002062e-05
16,272,2,3,0.746543778802,0.000230878421134
16,296,2,3,0.193548387097,5.70537446274e-05
16,321,2,3,0.58064516129,0.000180750381826
16,330,2,3,3.15207373272,0.00123984918794
16,340,2,2,0.138248847926,8.11253711486e-05
16,343,2,4,0.967741935484,0.000203525053934
16,346,2,4,0.774193548387,0.000160012801024
16,361,2,2,0.248847926267,0.000147400027296
16,362,2,2,0.0552995391705,3.22248002062e-05
16,374,2,3,1.75115207373,0.000304799708317
16,379,2,2,1.07834101382,0.000687244853006
16,385,2,2,0.608294930876,0.000371680219854
16,390,2,3,5.97235023041,0.00344834926244
16,392,2,2,0.0552995391705,3.22248002062e-05
16,396,2,4,0.995391705069,0.000209866035514
16,397,2,3,1.72350230415,0.00043603135828
16,403,2,2,0.248847926267,0.000147400027296
16,417,2,2,0.0552995391705,3.22248002062e-05
16,445,2,3,0.110599078341,3.23746829979e-05
16,446,2,2,0.0552995391705,3.22248002062e-05
16,464,2,2,2.37788018433,0.00172013761101
16,465,2,2,0.0552995391705,3.22248002062e-05
65,26,2,2,0.036866359447,2.14334705075e-05
65,27,2,2,0.847926267281,0.000548873615884
65,34,2,2,0.258064516129,0.000154320987654
65,35,2,2,0.147465437788,8.69414014954e-05
65,39,2,2,0.0552995391705,3.22248002062e-05
65,44,2,3,0.626728110599,0.000196759259259
65,45,2,3,0.350230414747,0.000105979473449
65,47,2,2,0.0552995391705,3.22248002062e-05
65,48,2,2,0.0552995391705,3.22248002062e-05
65,50,2,4,0.276497695853,5.52461769646e-05
65,51,2,3,2.94930875576,0.00276479974636
65,52,2,2,0.0552995391705,3.22248002062e-05
65,53,2,3,0.36866359447,0.000111826802648
65,59,2,3,0.0737327188941,2.1533161068e-05
65,61,2,2,0.534562211982,0.00033150434385
65,68,2,2,0.387096774194,0.000235404896422
65,69,2,2,0.239631336406,0.000142957684525
65,71,2,2,0.589861751152,0.000368527731712
65,76,2,2,0.036866359447,2.14334705075e-05
65,89,2,2,0.534562211982,0.00033150434385
65,95,2,2,0.036866359447,2.14334705075e-05
65,121,2,2,0.0552995391705,3.22248002062e-05
65,126,2,3,0.921658986175,0.000267050543643
65,129,2,2,0.036866359447,2.14334705075e-05
65,133,2,2,0.0552995391705,3.22248002062e-05
65,148,2,2,0.036866359447,2.14334705075e-05
65,149,2,2,3.70506912442,0.00399380066762
65,154,2,2,0.036866359447,2.14334705075e-05
65,158,2,2,0.036866359447,2.14334705075e-05
65,170,2,2,0.0552995391705,3.22248002062e-05
65,187,2,2,2.48847926267,0.00209030100334
65,192,2,2,0.036866359447,2.14334705075e-05
65,199,2,2,3.98156682028,0.0045871559633
65,200,2,3,0.645161290323,0.000203053931124
65,203,2,2,0.608294930876,0.000380991964533
65,205,2,2,2.69124423963,0.00382901428569
65,211,2,2,0.0552995391705,3.22248002062e-05
65,220,2,3,1.89861751152,0.000720320017903
65,221,2,2,1.97235023041,0.00148722305358
65,236,2,2,3.02304147465,0.00281207133059
65,245,2,2,1.67741935484,0.00122826908541
65,251,2,3,0.73732718894,0.000235006580184
65,269,2,2,0.036866359447,2.14334705075e-05
65,272,2,3,3.64976958525,0.0115210904685
65,296,2,3,0.129032258064,3.79477838494e-05
65,321,2,3,1.34562211982,0.000363004507244
65,330,2,3,2.10138248848,0.000824652777778
65,340,2,2,0.0921658986175,5.39583872917e-05
65,343,2,4,3.59447004608,0.00648726544194
65,346,2,4,0.516129032258,0.000106428267348
65,361,2,2,0.165898617512,9.80392156863e-05
65,362,2,2,0.036866359447,2.14334705075e-05
65,374,2,3,4.20276497696,0.00256202804746
65,379,2,2,0.718894009217,0.000457102672293
65,385,2,2,0.405529953917,0.00024721323265
65,390,2,3,4.35023041475,0.00275907220352
65,392,2,2,0.036866359447,2.14334705075e-05
65,396,2,4,0.663594470046,0.000139586823004
65,397,2,3,4.77419354839,0.00342592592593
65,403,2,2,0.165898617512,9.80392156863e-05
65,417,2,2,0.036866359447,2.14334705075e-05
65,445,2,3,0.0737327188941,2.1533161068e-05
65,446,2,2,0.036866359447,2.14334705075e-05
65,464,2,2,2.41474654378,0.00265467368598
65,465,2,2,0.036866359447,2.14334705075e-05
77,26,2,2,0.036866359447,2.14334705075e-05
77,27,2,2,0.847926267281,0.000548873615884
77,34,2,2,0.258064516129,0.000154320987654
77,35,2,2,0.147465437788,8.69414014954e-05
77,39,2,2,0.0552995391705,3.22248002062e-05
77,44,2,3,0.626728110599,0.000196759259259
77,45,2,3,0.350230414747,0.000105979473449
77,47,2,2,0.0552995391705,3.22248002062e-05
77,48,2,2,0.0552995391705,3.22248002062e-05
77,50,2,4,0.276497695853,5.52461769646e-05
77,51,2,3,1.12442396313,0.000378562208321
77,52,2,2,0.0552995391705,3.22248002062e-05
77,53,2,3,0.36866359447,0.000111826802648
77,59,2,3,0.0737327188941,2.1533161068e-05
77,61,2,2,0.534562211982,0.00033150434385
77,68,2,2,0.387096774194,0.000235404896422
77,69,2,2,0.239631336406,0.000142957684525
77,71,2,2,0.589861751152,0.000368527731712
77,76,2,2,0.036866359447,2.14334705075e-05
77,89,2,2,0.534562211982,0.00033150434385
77,95,2,2,0.036866359447,2.14334705075e-05
77,121,2,2,0.0552995391705,3.22248002062e-05
77,126,2,3,0.921658986175,0.000267050543643
77,129,2,2,0.036866359447,2.14334705075e-05
77,133,2,2,0.0552995391705,3.22248002062e-05
77,148,2,2,0.036866359447,2.14334705075e-05
77,149,2,2,3.70506912442,0.00399380066762
77,154,2,2,0.036866359447,2.14334705075e-05
77,158,2,2,0.036866359447,2.14334705075e-05
77,170,2,2,0.0552995391705,3.22248002062e-05
77,187,2,2,2.48847926267,0.00209030100334
77,192,2,2,0.036866359447,2.14334705075e-05
77,199,2,2,3.98156682028,0.0045871559633
77,200,2,3,0.645161290323,0.000203053931124
77,203,2,2,0.608294930876,0.000380991964533
77,205,2,2,1.30875576037,0.000905519844914
77,211,2,2,0.0552995391705,3.22248002062e-05
77,220,2,3,1.89861751152,0.000720320017903
77,221,2,2,2.02764976959,0.00157178783722
77,236,2,2,3.02304147465,0.00281207133059
77,245,2,2,1.67741935484,0.00122826908541
77,251,2,3,0.73732718894,0.000235006580184
77,269,2,2,0.036866359447,2.14334705075e-05
77,272,2,3,3.64976958525,0.0115210904685
77,296,2,3,0.129032258064,3.79477838494e-05
77,321,2,3,3.61290322581,0.0105787323879
77,330,2,3,3.94470046083,0.0821891878858
77,340,2,2,0.0921658986175,5.39583872917e-05
77,343,2,4,3.59447004608,0.00648726544194
77,346,2,4,0.516129032258,0.000106428267348
77,361,2,2,0.165898617512,9.80392156863e-05
77,362,2,2,0.036866359447,2.14334705075e-05
77,374,2,3,4.20276497696,0.00256202804746
77,379,2,2,0.718894009217,0.000457102672293
77,385,2,2,3.59447004608,0.0194220726684
77,390,2,3,4.35023041475,0.00275907220352
77,392,2,2,0.036866359447,2.14334705075e-05
77,396,2,4,3.81566820276,0.0156213164588
77,397,2,3,0.774193548387,0.000226790667319
77,403,2,2,0.165898617512,9.80392156863e-05
77,417,2,2,0.036866359447,2.14334705075e-05
77,445,2,3,0.0737327188941,2.1533161068e-05
77,446,2,2,0.036866359447,2.14334705075e-05
77,464,2,2,2.41474654378,0.00265467368598
77,465,2,2,0.036866359447,2.14334705075e-05
104,26,2,2,0.350230414747,0.000211958946899
104,27,2,2,4.05529953917,0.00137566946642
104,34,2,2,2.45161290323,0.00152610441767
104,35,2,2,1.40092165899,0.000859777136716
104,39,2,2,0.52534562212,0.000318676096497
104,44,2,3,1.95391705069,0.000260145846544
104,45,2,3,2.42396313364,0.00165224839328
104,47,2,2,0.52534562212,0.000318676096497
104,48,2,2,0.52534562212,0.000318676096497
104,50,2,4,2.6267281106,0.000546338097018
104,51,2,3,6.68202764977,0.00149655233113
104,52,2,2,0.52534562212,0.000318676096497
104,53,2,3,3.50230414747,0.00110587276643
104,59,2,3,0.700460829493,0.000212944802466
104,61,2,2,5.07834101382,0.0032782983787
104,68,2,2,3.67741935484,0.00232795589136
104,69,2,2,1.72350230415,0.000810319084139
104,71,2,2,1.60368663594,0.000298483801664
104,76,2,2,0.350230414747,0.000211958946899
104,89,2,2,1.07834101382,0.000147814488444
104,95,2,2,0.350230414747,0.000211958946899
104,121,2,2,0.52534562212,0.000318676096497
104,126,2,3,35.198156682,0.0197476601686
104,129,2,2,0.350230414747,0.000211958946899
104,133,2,2,0.52534562212,0.000318676096497
104,148,2,2,0.350230414747,0.000211958946899
104,149,2,2,40.801843318,0.0530719894503
104,154,2,2,0.350230414747,0.000211958946899
104,158,2,2,0.350230414747,0.000211958946899
104,170,2,2,0.52534562212,0.000318676096497
104,187,2,2,52.3594470046,0.101401160196
104,192,2,2,0.350230414747,0.000211958946899
104,199,2,2,38.1751152074,0.0462070504239
104,200,2,3,6.12903225806,0.00200803212851
104,203,2,2,1.77880184332,0.000356988813875
104,205,2,2,12.4331797235,0.00895482757476
104,211,2,2,0.52534562212,0.000318676096497
104,220,2,3,42.66359447,0.0409855731343
104,221,2,2,19.2626728111,0.0155436561059
104,236,2,2,35.2811059908,0.0419695727712
104,245,2,2,44.064516129,0.0928753102138
104,251,2,3,5.42857142857,0.00279743964727
104,269,2,2,0.350230414747,0.000211958946899
104,272,2,3,4.72811059908,0.00151860513306
104,296,2,3,1.22580645161,0.000375271578116
104,321,2,3,28.8940092166,0.0140412952927
104,330,2,3,40.5622119816,0.0342694819106
104,340,2,2,0.875576036866,0.000533602943241
104,343,2,4,6.12903225806,0.00133868808568
104,346,2,4,2.97695852535,0.00104837763859
104,361,2,2,2.42396313364,0.00229339235166
104,362,2,2,0.350230414747,0.000211958946899
104,374,2,3,36.4239631336,0.0210683441732
104,379,2,2,2.82949308756,0.000775913575894
104,385,2,2,3.85253456221,0.00244473037782
104,390,2,3,37.8248847926,0.0226815518957
104,392,2,2,0.350230414747,0.000211958946899
104,396,2,4,6.30414746544,0.00138039595568
104,397,2,3,32.2488479263,0.0172489692133
104,403,2,2,1.57603686636,0.000969525159461
104,417,2,2,0.350230414747,0.000211958946899
104,445,2,3,0.700460829493,0.000212944802466
104,446,2,2,0.350230414747,0.000211958946899
104,464,2,2,44.9400921659,0.100750683484
104,465,2,2,0.350230414747,0.000211958946899
107,26,2,2,3.96313364055,0.247690543553
107,27,2,2,0.847926267281,0.000548873615884
107,34,2,2,0.258064516129,0.000154320987654
107,35,2,2,0.147465437788,8.69414014954e-05
107,39,2,2,0.0552995391705,3.22248002062e-05
107,44,2,3,0.626728110599,0.000196759259259
107,45,2,3,0.350230414747,0.000105979473449
107,47,2,2,0.0552995391705,3.22248002062e-05
107,48,2,2,0.0552995391705,3.22248002062e-05
107,50,2,4,0.276497695853,5.52461769646e-05
107,51,2,3,1.12442396313,0.000378562208321
107,52,2,2,0.0552995391705,3.22248002062e-05
107,53,2,3,0.36866359447,0.000111826802648
107,59,2,3,0.0737327188941,2.1533161068e-05
107,61,2,2,7.46543778802,0.0646551724138
107,68,2,2,0.387096774194,0.000235404896422
107,69,2,2,0.239631336406,0.000142957684525
107,71,2,2,0.589861751152,0.000368527731712
107,76,2,2,0.036866359447,2.14334705075e-05
107,89,2,2,0.534562211982,0.00033150434385
107,95,2,2,0.036866359447,2.14334705075e-05
107,121,2,2,0.0552995391705,3.22248002062e-05
107,126,2,3,4.92165898618,0.00370093147039
107,129,2,2,0.036866359447,2.14334705075e-05
107,133,2,2,0.0552995391705,3.22248002062e-05
107,148,2,2,0.036866359447,2.14334705075e-05
107,149,2,2,3.70506912442,0.00399380066762
107,154,2,2,0.036866359447,2.14334705075e-05
107,158,2,2,0.036866359447,2.14334705075e-05
107,170,2,2,0.0552995391705,3.22248002062e-05
107,187,2,2,2.48847926267,0.00209030100334
107,192,2,2,0.036866359447,2.14334705075e-05
107,199,2,2,3.98156682028,0.0045871559633
107,200,2,3,0.645161290323,0.000203053931124
107,203,2,2,0.608294930876,0.000380991964533
107,205,2,2,1.30875576037,0.000905519844914
107,211,2,2,0.0552995391705,3.22248002062e-05
107,220,2,3,1.89861751152,0.000720320017903
107,221,2,2,2.02764976959,0.00157178783722
107,236,2,2,3.02304147465,0.00281207133059
107,245,2,2,1.67741935484,0.00122826908541
107,251,2,3,0.73732718894,0.000235006580184
107,269,2,2,0.036866359447,2.14334705075e-05
107,272,2,3,0.497695852535,0.000153562653563
107,296,2,3,0.129032258064,3.79477838494e-05
107,321,2,3,5.34562211982,0.00466177983539
107,330,2,3,2.10138248848,0.000824652777778
107,340,2,2,0.0921658986175,5.39583872917e-05
107,343,2,4,3.79723502304,0.0140980959694
107,346,2,4,0.516129032258,0.000106428267348
107,361,2,2,0.165898617512,9.80392156863e-05
107,362,2,2,0.036866359447,2.14334705075e-05
107,374,2,3,4.20276497696,0.00256202804746
107,379,2,2,0.718894009217,0.000457102672293
107,385,2,2,0.405529953917,0.00024721323265
107,390,2,3,4.35023041475,0.00275907220352
107,392,2,2,0.036866359447,2.14334705075e-05
107,396,2,4,0.663594470046,0.000139586823004
107,397,2,3,4.77419354839,0.00342592592593
107,403,2,2,0.165898617512,9.80392156863e-05
107,417,2,2,0.036866359447,2.14334705075e-05
107,445,2,3,0.0737327188941,2.1533161068e-05
107,446,2,2,0.036866359447,2.14334705075e-05
107,464,2,2,1.58525345622,0.00114410387399
107,465,2,2,0.036866359447,2.14334705075e-05
109,26,3,2,0.147465437788,4.34707007477e-05
109,27,3,2,3.39170506912,0.00111320846038
109,34,3,2,1.03225806452,0.000312989045383
109,35,3,2,0.589861751152,0.000176331856554
109,39,3,2,0.221198156682,6.53573412634e-05
109,44,3,3,2.5069124424,0.000399061032864
109,45,3,3,1.40092165899,0.000214944284179
109,47,3,2,0.221198156682,6.53573412634e-05
109,48,3,2,7.94470046083,0.332567200055
109,50,3,4,7.94470046083,0.0363186811135
109,51,3,3,4.49769585253,0.00076778814082
109,52,3,2,0.221198156682,6.53573412634e-05
109,53,3,3,1.47465437788,0.000226803656075
109,59,3,3,0.294930875576,4.36728900535e-05
109,61,3,2,2.13824884793,0.000672346838231
109,68,3,2,1.54838709677,0.000477440916687
109,69,3,2,7.28110599078,0.0222552196056
109,71,3,2,2.35944700461,0.000747436526289
109,76,3,2,0.147465437788,4.34707007477e-05
109,89,3,2,2.13824884793,0.000672346838231
109,95,3,2,0.147465437788,4.34707007477e-05
109,121,3,2,0.221198156682,6.53573412634e-05
109,126,3,3,5.86175115207,0.00225493521209
109,129,3,2,0.147465437788,4.34707007477e-05
109,133,3,2,0.221198156682,6.53573412634e-05
109,148,3,2,0.147465437788,4.34707007477e-05
109,149,3,2,4.88479262673,0.00314031607062
109,154,3,2,0.147465437788,4.34707007477e-05
109,158,3,2,0.147465437788,4.34707007477e-05
109,170,3,2,0.221198156682,6.53573412634e-05
109,187,3,2,9.95391705069,0.00423948372509
109,192,3,2,0.147465437788,4.34707007477e-05
109,199,3,2,4.05529953917,0.00307246127119
109,200,3,3,2.58064516129,0.000411827691294
109,203,3,2,2.4331797235,0.000772716097081
109,205,3,2,5.23502304147,0.00183654729109
109,211,3,2,0.221198156682,6.53573412634e-05
109,220,3,3,7.59447004608,0.00146093074054
109,221,3,2,7.88940092166,0.00707544932897
109,236,3,2,12.0921658986,0.0057033559381
109,245,3,2,6.70967741935,0.00249113729999
109,251,3,3,2.94930875576,0.000476633064036
109,269,3,2,0.147465437788,4.34707007477e-05
109,272,3,3,1.99078341014,0.000311451015676
109,296,3,3,0.516129032258,7.69645193566e-05
109,321,3,3,5.94470046083,0.00251322058747
109,330,3,3,8.40552995392,0.00167253521127
109,340,3,2,3.72350230415,0.0148330542697
109,343,3,4,7.61290322581,0.00909800465027
109,346,3,4,2.06451612903,0.000215854514058
109,361,3,2,0.663594470046,0.00019884009942
109,362,3,2,0.147465437788,4.34707007477e-05
109,374,3,3,4.25806451613,0.00157839092867
109,379,3,2,2.87557603687,0.000927081476199
109,385,3,2,1.62211981567,0.000501390218333
109,390,3,3,4.84792626728,0.0018207661314
109,392,3,2,0.147465437788,4.34707007477e-05
109,396,3,4,2.65437788018,0.000283105669191
109,397,3,3,5.65898617512,0.00214656514712
109,403,3,2,0.663594470046,0.00019884009942
109,417,3,2,0.147465437788,4.34707007477e-05
109,445,3,3,0.294930875576,4.36728900535e-05
109,446,3,2,0.147465437788,4.34707007477e-05
109,464,3,2,6.34101382488,0.00232043602612
109,465,3,2,0.147465437788,4.34707007477e-05
115,26,2,2,0.516129032258,7.83852635704e-05
115,27,2,2,76.1290322581,0.0825548606813
115,34,2,2,24.3870967742,0.0257142857143
115,35,2,2,10.064516129,0.00755644980997
115,39,2,2,1.22580645161,0.000295445152367
115,44,2,3,43.7419354839,0.0216264172336
115,45,2,3,17.0967741935,0.00826398564781
115,47,2,2,6.77419354839,0.00902294405775
115,48,2,2,5.22580645161,0.00536957242294
115,50,2,4,17.4193548387,0.00898562907882
115,51,2,3,106.258064516,0.0630792799694
115,52,2,2,1.22580645161,0.000295445152367
115,53,2,3,40.6451612903,0.029636202307
115,59,2,3,4.51612903226,0.00476506881822
115,61,2,2,50.5161290323,0.0552380952381
115,68,2,2,39.4193548387,0.0455492536895
115,69,2,2,14.6451612903,0.00996309927426
115,71,2,2,39.7419354839,0.031214298876
115,76,2,2,0.516129032258,7.83852635704e-05
115,89,2,2,46.5161290323,0.0468366365514
115,95,2,2,3.48387096774,0.00357142857143
115,121,2,2,5.22580645161,0.00536957242294
115,126,2,3,286.903225806,0.250647508424
115,129,2,2,0.516129032258,7.83852635704e-05
115,133,2,2,2.77419354839,0.0015132356973
115,148,2,2,0.516129032258,7.83852635704e-05
115,149,2,2,333.870967742,0.605113610366
115,154,2,2,4.51612903226,0.00600137174211
115,158,2,2,4.51612903226,0.00600137174211
115,170,2,2,5.22580645161,0.00536957242294
115,187,2,2,188.838709677,0.224599445405
115,192,2,2,4.51612903226,0.00600137174211
115,199,2,2,371.741935484,0.746112738145
115,200,2,3,57.4838709677,0.0317498205074
115,203,2,2,37.4838709677,0.0269936830203
115,205,2,2,123.677419355,0.150885478158
115,211,2,2,5.22580645161,0.00536957242294
115,220,2,3,223.548387097,0.19291160573
115,221,2,2,191.612903226,0.261904761905
115,236,2,2,258.322580645,0.383132256014
115,245,2,2,205.483870968,0.343915343915
115,251,2,3,15.6774193548,0.00817554320092
115,269,2,2,3.48387096774,0.00357142857143
115,272,2,3,47.0322580645,0.0255879255879
115,296,2,3,3.8064516129,0.000839350398846
115,321,2,3,287.419354839,0.236590546999
115,330,2,3,194.64516129,0.135478267383
115,340,2,2,3.29032258065,0.00128316128316
115,343,2,4,41.8064516129,0.0221435307961
115,346,2,4,19.1612903226,0.00863273290828
115,361,2,2,15.6774193548,0.0163361344538
115,362,2,2,3.48387096774,0.00357142857143
115,374,2,3,334.838709677,0.303806948217
115,379,2,2,27.935483871,0.0128790041026
115,385,2,2,38.3225806452,0.0411927877947
115,390,2,3,344.903225806,0.327229607439
115,392,2,2,3.48387096774,0.00357142857143
115,396,2,4,34.1935483871,0.0167091652096
115,397,2,3,340.580645161,0.31559845061
115,403,2,2,16.3225806452,0.0177083376561
115,417,2,2,3.48387096774,0.00357142857143
115,445,2,3,4.51612903226,0.00476506881822
115,446,2,2,0.516129032258,7.83852635704e-05
115,464,2,2,50.1935483871,0.0214017698915
115,465,2,2,3.48387096774,0.00357142857143
199,26,2,2,0.036866359447,2.14334705075e-05
199,27,2,2,0.847926267281,0.000548873615884
199,34,2,2,0.258064516129,0.000154320987654
199,35,2,2,0.147465437788,8.69414014954e-05
199,39,2,2,0.0552995391705,3.22248002062e-05
199,44,2,3,0.626728110599,0.000196759259259
199,45,2,3,0.350230414747,0.000105979473449
199,47,2,2,0.0552995391705,3.22248002062e-05
199,48,2,2,0.0552995391705,3.22248002062e-05
199,50,2,4,0.276497695853,5.52461769646e-05
199,51,2,3,1.12442396313,0.000378562208321
199,52,2,2,0.0552995391705,3.22248002062e-05
199,53,2,3,0.36866359447,0.000111826802648
199,59,2,3,0.0737327188941,2.1533161068e-05
199,61,2,2,3.46543778802,0.0139318543746
199,68,2,2,0.387096774194,0.000235404896422
199,69,2,2,0.239631336406,0.000142957684525
199,71,2,2,0.589861751152,0.000368527731712
199,76,2,2,0.036866359447,2.14334705075e-05
199,89,2,2,0.534562211982,0.00033150434385
199,95,2,2,0.036866359447,2.14334705075e-05
199,121,2,2,0.0552995391705,3.22248002062e-05
199,126,2,3,0.921658986175,0.000267050543643
199,129,2,2,0.036866359447,2.14334705075e-05
199,133,2,2,0.0552995391705,3.22248002062e-05
199,148,2,2,0.036866359447,2.14334705075e-05
199,149,2,2,3.70506912442,0.00399380066762
199,154,2,2,0.036866359447,2.14334705075e-05
199,158,2,2,0.036866359447,2.14334705075e-05
199,170,2,2,0.0552995391705,3.22248002062e-05
199,187,2,2,2.48847926267,0.00209030100334
199,192,2,2,0.036866359447,2.14334705075e-05
199,199,2,2,3.98156682028,0.0045871559633
199,200,2,3,0.645161290323,0.000203053931124
199,203,2,2,0.608294930876,0.000380991964533
199,205,2,2,1.30875576037,0.000905519844914
199,211,2,2,0.0552995391705,3.22248002062e-05
199,220,2,3,1.89861751152,0.000720320017903
199,221,2,2,2.02764976959,0.00157178783722
199,236,2,2,3.02304147465,0.00281207133059
199,245,2,2,1.67741935484,0.00122826908541
199,251,2,3,0.73732718894,0.000235006580184
199,269,2,2,0.036866359447,2.14334705075e-05
199,272,2,3,0.497695852535,0.000153562653563
199,296,2,3,0.129032258064,3.79477838494e-05
199,321,2,3,1.34562211982,0.000363004507244
199,330,2,3,2.10138248848,0.000824652777778
199,340,2,2,0.0921658986175,5.39583872917e-05
199,343,2,4,3.96313364055,0.0825955707169
199,346,2,4,0.516129032258,0.000106428267348
199,361,2,2,0.165898617512,9.80392156863e-05
199,362,2,2,0.036866359447,2.14334705075e-05
199,374,2,3,0.202764976959,1.57118627348e-05
199,379,2,2,0.718894009217,0.000457102672293
199,385,2,2,0.405529953917,0.00024721323265
199,390,2,3,0.350230414747,0.000105755138885
199,392,2,2,0.036866359447,2.14334705075e-05
199,396,2,4,0.663594470046,0.000139586823004
199,397,2,3,0.774193548387,0.000226790667319
199,403,2,2,0.165898617512,9.80392156863e-05
199,417,2,2,0.036866359447,2.14334705075e-05
199,445,2,3,0.0737327188941,2.1533161068e-05
199,446,2,2,0.036866359447,2.14334705075e-05
199,464,2,2,1.58525345622,0.00114410387399
199,465,2,2,0.036866359447,2.14334705075e-05
261,26,2,2,0.036866359447,2.14334705075e-05
261,27,2,2,3.15207373272,0.00758488346033
261,34,2,2,0.258064516129,0.000154320987654
261,35,2,2,0.147465437788,8.69414014954e-05
261,39,2,2,0.0552995391705,3.22248002062e-05
261,44,2,3,3.41013824885,0.00616174768519
261,45,2,3,0.350230414747,0.000105979473449
261,47,2,2,0.0552995391705,3.22248002062e-05
261,48,2,2,0.0552995391705,3.22248002062e-05
261,50,2,4,7.77880184332,0.0989197530864
261,51,2,3,2.94930875576,0.00276479974636
261,52,2,2,0.0552995391705,3.22248002062e-05
261,53,2,3,0.36866359447,0.000111826802648
261,59,2,3,0.0737327188941,2.1533161068e-05
261,61,2,2,0.534562211982,0.00033150434385
261,68,2,2,0.387096774194,0.000235404896422
261,69,2,2,0.239631336406,0.000142957684525
261,71,2,2,7.41013824885,0.0581597222222
261,76,2,2,0.036866359447,2.14334705075e-05
261,89,2,2,7.46543778802,0.0646551724138
261,95,2,2,0.036866359447,2.14334705075e-05
261,121,2,2,0.0552995391705,3.22248002062e-05
261,126,2,3,3.70506912442,0.00199690033381
261,129,2,2,0.036866359447,2.14334705075e-05
261,133,2,2,0.0552995391705,3.22248002062e-05
261,148,2,2,0.036866359447,2.14334705075e-05
261,149,2,2,4.29493087558,0.00536668509305
261,154,2,2,0.036866359447,2.14334705075e-05
261,158,2,2,0.036866359447,2.14334705075e-05
261,170,2,2,0.0552995391705,3.22248002062e-05
261,187,2,2,5.51152073733,0.0102537722908
261,192,2,2,0.036866359447,2.14334705075e-05
261,199,2,2,4.01843317972,0.00467249657064
261,200,2,3,0.645161290323,0.000203053931124
261,203,2,2,7.39170506912,0.0562570145903
261,205,2,2,1.30875576037,0.000905519844914
261,211,2,2,0.0552995391705,3.22248002062e-05
261,220,2,3,1.89861751152,0.000720320017903
261,221,2,2,2.02764976959,0.00157178783722
261,236,2,2,4.97695852535,0.00762195121951
261,245,2,2,1.67741935484,0.00122826908541
261,251,2,3,7.42857142857,0.0300925925926
261,269,2,2,0.036866359447,2.14334705075e-05
261,272,2,3,0.497695852535,0.000153562653563
261,296,2,3,0.129032258064,3.79477838494e-05
261,321,2,3,3.04147465438,0.00141986782321
261,330,2,3,2.10138248848,0.000824652777778
261,340,2,2,0.0921658986175,5.39583872917e-05
261,343,2,4,0.645161290323,0.000135369287416
261,346,2,4,3.72350230415,0.0100317510998
261,361,2,2,0.165898617512,9.80392156863e-05
261,362,2,2,0.036866359447,2.14334705075e-05
261,374,2,3,0.202764976959,1.57118627348e-05
261,379,2,2,7.28110599078,0.0468898385565
261,385,2,2,0.405529953917,0.00024721323265
261,390,2,3,3.98156682028,0.00229357798165
261,392,2,2,0.036866359447,2.14334705075e-05
261,396,2,4,0.663594470046,0.000139586823004
261,397,2,3,7.41013824885,0.0290798611111
261,403,2,2,0.165898617512,9.80392156863e-05
261,417,2,2,0.036866359447,2.14334705075e-05
261,445,2,3,0.0737327188941,2.1533161068e-05
261,446,2,2,0.036866359447,2.14334705075e-05
261,464,2,2,1.58525345622,0.00114410387399
261,465,2,2,0.036866359447,2.14334705075e-05
272,26,2,2,0.036866359447,2.14334705075e-05
272,27,2,2,3.15207373272,0.00758488346033
272,34,2,2,0.258064516129,0.000154320987654
272,35,2,2,0.147465437788,8.69414014954e-05
272,39,2,2,0.0552995391705,3.22248002062e-05
272,44,2,3,3.41013824885,0.00616174768519
272,45,2,3,3.81566820276,0.023406124498
272,47,2,2,0.0552995391705,3.22248002062e-05
272,48,2,2,0.0552995391705,3.22248002062e-05
272,50,2,4,0.276497695853,5.52461769646e-05
272,51,2,3,2.94930875576,0.00276479974636
272,52,2,2,0.0552995391705,3.22248002062e-05
272,53,2,3,0.36866359447,0.000111826802648
272,59,2,3,0.0737327188941,2.1533161068e-05
272,61,2,2,3.46543778802,0.0139318543746
272,68,2,2,0.387096774194,0.000235404896422
272,69,2,2,0.239631336406,0.000142957684525
272,71,2,2,3.41013824885,0.0123172476737
272,76,2,2,0.036866359447,2.14334705075e-05
272,89,2,2,3.46543778802,0.0139318543746
272,95,2,2,0.036866359447,2.14334705075e-05
272,121,2,2,0.0552995391705,3.22248002062e-05
272,126,2,3,0.921658986175,0.000267050543643
272,129,2,2,0.036866359447,2.14334705075e-05
272,133,2,2,0.0552995391705,3.22248002062e-05
272,148,2,2,0.036866359447,2.14334705075e-05
272,149,2,2,0.294930875576,2.53066253536e-05
272,154,2,2,0.036866359447,2.14334705075e-05
272,158,2,2,0.036866359447,2.14334705075e-05
272,170,2,2,0.0552995391705,3.22248002062e-05
272,187,2,2,1.51152073733,0.000771203508724
272,192,2,2,0.036866359447,2.14334705075e-05
272,199,2,2,0.0184331797235,9.8318672053e-08
272,200,2,3,0.645161290323,0.000203053931124
272,203,2,2,3.39170506912,0.0118446868239
272,205,2,2,1.30875576037,0.000905519844914
272,211,2,2,0.0552995391705,3.22248002062e-05
272,220,2,3,1.89861751152,0.000720320017903
272,221,2,2,2.02764976959,0.00157178783722
272,236,2,2,0.976958525346,0.000293690822711
272,245,2,2,1.67741935484,0.00122826908541
272,251,2,3,3.42857142857,0.00642449238579
272,269,2,2,0.036866359447,2.14334705075e-05
272,272,2,3,0.497695852535,0.000153562653563
272,296,2,3,0.129032258064,3.79477838494e-05
272,321,2,3,1.34562211982,0.000363004507244
272,330,2,3,2.10138248848,0.000824652777778
272,340,2,2,0.0921658986175,5.39583872917e-05
272,343,2,4,0.645161290323,0.000135369287416
272,346,2,4,3.72350230415,0.0100317510998
272,361,2,2,0.165898617512,9.80392156863e-05
272,362,2,2,0.036866359447,2.14334705075e-05
272,374,2,3,4.20276497696,0.00256202804746
272,379,2,2,3.28110599078,0.00952192049238
272,385,2,2,0.405529953917,0.00024721323265
272,390,2,3,0.350230414747,0.000105755138885
272,392,2,2,0.036866359447,2.14334705075e-05
272,396,2,4,0.663594470046,0.000139586823004
272,397,2,3,4.18433179724,0.00696903935185
272,403,2,2,0.165898617512,9.80392156863e-05
272,417,2,2,0.036866359447,2.14334705075e-05
272,445,2,3,0.0737327188941,2.1533161068e-05
272,446,2,2,0.036866359447,2.14334705075e-05
272,464,2,2,1.58525345622,0.00114410387399
272,465,2,2,0.036866359447,2.14334705075e-05
301,26,2,2,0.479262672811,6.74300223995e-05
301,27,2,2,76.9769585253,0.0842076937458
301,34,2,2,24.6451612903,0.0262002743484
301,35,2,2,9.91705069124,0.00731956574009
301,39,2,2,1.28110599078,0.000321952227928
301,44,2,3,44.331797235,0.022038248982
301,45,2,3,17.4470046083,0.00843934201027
301,47,2,2,6.71889400922,0.00885557755615
301,48,2,2,5.28110599078,0.00547105496835
301,50,2,4,17.6036866359,0.00904109845915
301,51,2,3,107.382488479,0.0642714504794
301,52,2,2,1.28110599078,0.000321952227928
301,53,2,3,40.3133640553,0.0291496499971
301,59,2,3,4.47926267281,0.00474315786626
301,61,2,2,47.0506912442,0.0478078079169
301,68,2,2,39.0322580645,0.0445551430226
301,69,2,2,14.8847926267,0.0102678606103
301,71,2,2,40.331797235,0.0320729534839
301,76,2,2,0.479262672811,6.74300223995e-05
301,89,2,2,47.0506912442,0.0478078079169
301,95,2,2,3.52073732719,0.00363892699284
301,121,2,2,1.28110599078,0.000321952227928
301,126,2,3,285.98156682,0.248161338355
301,129,2,2,0.479262672811,6.74300223995e-05
301,133,2,2,2.71889400922,0.00145012642386
301,148,2,2,0.479262672811,6.74300223995e-05
301,149,2,2,330.165898618,0.590380883799
301,154,2,2,4.47926267281,0.00589005235602
301,158,2,2,4.47926267281,0.00589005235602
301,170,2,2,5.28110599078,0.00547105496835
301,187,2,2,186.350230415,0.218210049018
301,192,2,2,4.47926267281,0.00589005235602
301,199,2,2,367.760368664,0.728516584751
301,200,2,3,58.0921658986,0.0323472590294
301,203,2,2,38.0921658986,0.0278120407615
301,205,2,2,124.986175115,0.153737147003
301,211,2,2,5.28110599078,0.00547105496835
301,220,2,3,221.723502304,0.189416894931
301,221,2,2,193.640552995,0.266854646141
301,236,2,2,255.299539171,0.373346672586
301,245,2,2,203.806451613,0.337536061545
301,251,2,3,15.8433179724,0.00832319756378
301,269,2,2,3.52073732719,0.00363892699284
301,272,2,3,43.5299539171,0.0219408613977
301,296,2,3,3.67741935484,0.000796425158346
301,321,2,3,282.460829493,0.228107761976
301,330,2,3,192.599078341,0.132410826087
301,340,2,2,3.19815668203,0.00120946139949
301,343,2,4,38.2488479263,0.0195799099486
301,346,2,4,19.3640552995,0.0087126963454
301,361,2,2,15.8433179724,0.0166448801743
301,362,2,2,3.52073732719,0.00363892699284
301,374,2,3,330.6359447,0.295548141314
301,379,2,2,28.6543778802,0.0135188609348
301,385,2,2,34.7281105991,0.0337491042518
301,390,2,3,344.552995392,0.325660688548
301,392,2,2,3.52073732719,0.00363892699284
301,396,2,4,33.7511520737,0.0141942839736
301,397,2,3,336.396313364,0.306890445683
301,403,2,2,16.1566820276,0.0173098279739
301,417,2,2,3.52073732719,0.00363892699284
301,445,2,3,4.47926267281,0.00474315786626
301,446,2,2,0.479262672811,6.74300223995e-05
301,464,2,2,52.6082949309,0.0234558185229
301,465,2,2,3.52073732719,0.00363892699284
346,26,2,2,0.110599078341,6.49013499481e-05
346,27,2,2,2.54377880184,0.00166200982754
346,34,2,2,0.774193548387,0.000467289719626
346,35,2,2,0.442396313364,0.000263261813874
346,39,2,2,0.165898617511,9.75778996899e-05
346,44,2,3,1.8801843318,0.000595794392523
346,45,2,3,1.05069124424,0.000320909807454
346,47,2,2,0.165898617511,9.75778996899e-05
346,48,2,2,0.165898617511,9.75778996899e-05
346,50,2,4,0.829493087558,0.000167287489126
346,51,2,3,3.3732718894,0.00114630051865
346,52,2,2,0.165898617511,9.75778996899e-05
346,53,2,3,1.10599078341,0.00033861573886
346,59,2,3,0.221198156682,6.5203216692e-05
346,61,2,2,1.60368663594,0.00100380754586
346,68,2,2,1.16129032258,0.000712814826548
346,69,2,2,0.718894009217,0.000432881212955
346,71,2,2,1.76958525346,0.00111591574836
346,76,2,2,3.88940092166,0.0802631389177
346,89,2,2,1.60368663594,0.00100380754586
346,95,2,2,0.110599078341,6.49013499481e-05
346,121,2,2,0.165898617511,9.75778996899e-05
346,126,2,3,11.1152073733,0.00604668886126
346,129,2,2,0.110599078341,6.49013499481e-05
346,133,2,2,0.165898617511,9.75778996899e-05
346,148,2,2,0.110599078341,6.49013499481e-05
346,149,2,2,7.11520737327,0.00495550139613
346,154,2,2,0.110599078341,6.49013499481e-05
346,158,2,2,0.110599078341,6.49013499481e-05
346,170,2,2,0.165898617511,9.75778996899e-05
346,187,2,2,3.46543778802,0.00136387859536
346,192,2,2,0.110599078341,6.49013499481e-05
346,199,2,2,12.0552995392,0.0141484942887
346,200,2,3,1.93548387097,0.000614854894245
346,203,2,2,1.82488479263,0.0011536579113
346,205,2,2,3.92626728111,0.00274194794161
346,211,2,2,0.165898617511,9.75778996899e-05
346,220,2,3,1.69585253456,0.000226498165341
346,221,2,2,6.08294930876,0.00475943232953
346,236,2,2,5.06912442396,0.0026602518102
346,245,2,2,1.03225806452,0.000156496818713
346,251,2,3,2.21198156682,0.000711608710091
346,269,2,2,0.110599078341,6.49013499481e-05
346,272,2,3,1.4930875576,0.000464993455648
346,296,2,3,0.387096774194,0.000114907308105
346,321,2,3,9.12442396313,0.00429941284786
346,330,2,3,2.30414746544,0.000353613689624
346,340,2,2,0.276497695853,0.000163388013855
346,343,2,4,1.93548387097,0.00040990326283
346,346,2,4,1.54838709677,0.000322268772156
346,361,2,2,0.497695852535,0.000296866410115
346,362,2,2,0.110599078341,6.49013499481e-05
346,374,2,3,11.5023041475,0.00645107931519
346,379,2,2,2.15668202765,0.00138412397965
346,385,2,2,1.21658986175,0.000748570910081
346,390,2,3,11.9447004608,0.00694503986967
346,392,2,2,0.110599078341,6.49013499481e-05
346,396,2,4,1.99078341014,0.000422674118255
346,397,2,3,11.4470046083,0.00639178228828
346,403,2,2,0.497695852535,0.000296866410115
346,417,2,2,0.110599078341,6.49013499481e-05
346,445,2,3,0.221198156682,6.5203216692e-05
346,446,2,2,0.110599078341,6.49013499481e-05
346,464,2,2,0.755760368664,8.74893097536e-05
346,465,2,2,0.110599078341,6.49013499481e-05
353,26,2,2,0.0552995391705,3.22248002062e-05
353,27,2,2,2.72811059908,0.00379660434093
353,34,2,2,0.387096774194,0.000232018561485
353,35,2,2,0.221198156682,0.000130714682527
353,39,2,2,0.0829493087557,4.84493515862e-05
353,44,2,3,7.11520737327,0.0179176334107
353,45,2,3,3.75115207373,0.0167847466173
353,47,2,2,0.0829493087557,4.84493515862e-05
353,48,2,2,0.0829493087557,4.84493515862e-05
353,50,2,4,0.414746543779,8.30615375244e-05
353,51,2,3,2.42396313364,0.00126380146315
353,52,2,2,0.0829493087557,4.84493515862e-05
353,53,2,3,0.552995391705,0.00016812939238
353,59,2,3,0.110599078341,3.23746829979e-05
353,61,2,2,0.801843317972,0.00049841024319
353,68,2,2,0.58064516129,0.000353926619214
353,69,2,2,3.64055299539,0.0220480516814
353,71,2,2,3.11520737327,0.00686845163202
353,76,2,2,0.0552995391705,3.22248002062e-05
353,89,2,2,3.19815668203,0.00792879891297
353,95,2,2,0.0552995391705,3.22248002062e-05
353,121,2,2,0.0829493087557,4.84493515862e-05
353,126,2,3,5.55760368664,0.00300230026986
353,129,2,2,0.0552995391705,3.22248002062e-05
353,133,2,2,0.0829493087557,4.84493515862e-05
353,148,2,2,0.0552995391705,3.22248002062e-05
353,149,2,2,6.44239631336,0.00806870519791
353,154,2,2,0.0552995391705,3.22248002062e-05
353,158,2,2,0.0552995391705,3.22248002062e-05
353,170,2,2,0.0829493087557,4.84493515862e-05
353,187,2,2,8.26728110599,0.0154163444187
353,192,2,2,0.0552995391705,3.22248002062e-05
353,199,2,2,6.02764976959,0.00702500644496
353,200,2,3,0.967741935484,0.000305287580901
353,203,2,2,3.08755760369,0.006558926689
353,205,2,2,1.96313364055,0.00136143122855
353,211,2,2,0.0829493087557,4.84493515862e-05
353,220,2,3,5.26267281106,0.00380763023321
353,221,2,2,3.04147465438,0.00236315201512
353,236,2,2,7.46543778802,0.0114594533416
353,245,2,2,5.48387096774,0.00877202567624
353,251,2,3,3.75115207373,0.0168709642663
353,269,2,2,0.0552995391705,3.22248002062e-05
353,272,2,3,0.746543778802,0.000230878421134
353,296,2,3,0.193548387097,5.70537446274e-05
353,321,2,3,4.56221198157,0.00213474327017
353,330,2,3,4.93087557604,0.0030919913533
353,340,2,2,0.138248847926,8.11253711486e-05
353,343,2,4,0.967741935484,0.000203525053934
353,346,2,4,3.69585253456,0.00895344354821
353,361,2,2,3.75115207373,0.0334933705372
353,362,2,2,0.0552995391705,3.22248002062e-05
353,374,2,3,5.75115207373,0.00320308810546
353,379,2,2,2.92165898618,0.00504496661799
353,385,2,2,0.608294930876,0.000371680219854
353,390,2,3,5.97235023041,0.00344834926244
353,392,2,2,0.0552995391705,3.22248002062e-05
353,396,2,4,0.995391705069,0.000209866035514
353,397,2,3,4.83870967742,0.00472160753771
353,403,2,2,0.248847926267,0.000147400027296
353,417,2,2,0.0552995391705,3.22248002062e-05
353,445,2,3,0.110599078341,3.23746829979e-05
353,446,2,2,0.0552995391705,3.22248002062e-05
353,464,2,2,9.62211981567,0.0281659742082
353,465,2,2,0.0552995391705,3.22248002062e-05
382,26,2,2,0.239631336405,1.6675349689e-05
382,27,2,2,1.51152073733,3.21173818659e-05
382,34,2,2,26.3225806452,0.0295652173913
382,35,2,2,4.95852534562,0.00181011831146
382,39,2,2,6.35944700461,0.00784768663846
382,44,2,3,52.0737327189,0.0252257832481
382,45,2,3,16.2764976959,0.00752809761353
382,47,2,2,6.35944700461,0.00784768663846
382,48,2,2,5.64055299539,0.00617371128821
382,50,2,4,19.797235023,0.00614033534966
382,51,2,3,23.1705069124,0.00808544901264
382,52,2,2,1.64055299539,0.0005222560459
382,53,2,3,38.1566820276,0.0262500463323
382,59,2,3,4.23963133641,0.00464164634509
382,61,2,2,54.5253456221,0.0635104669887
382,68,2,2,36.5161290323,0.0385746143213
382,69,2,2,23.5576036866,0.0254412383881
382,71,2,2,55.8341013825,0.0608029293537
382,76,2,2,0.239631336405,1.6675349689e-05
382,89,2,2,49.4746543779,0.0522894398843
382,95,2,2,3.76036866359,0.00410628019324
382,121,2,2,5.64055299539,0.00617371128821
382,126,2,3,309.99078341,0.280712468349
382,129,2,2,0.239631336405,1.6675349689e-05
382,133,2,2,2.35944700461,0.00108024782932
382,148,2,2,0.239631336405,1.6675349689e-05
382,149,2,2,366.082949309,0.717973636859
382,154,2,2,4.23963133641,0.00521968046478
382,158,2,2,0.239631336405,1.6675349689e-05
382,170,2,2,5.64055299539,0.00617371128821
382,187,2,2,234.175115207,0.34086153956
382,192,2,2,4.23963133641,0.00521968046478
382,199,2,2,401.880184332,0.860566456044
382,200,2,3,62.0460829493,0.0364964254199
382,203,2,2,57.9539170507,0.0636808351129
382,205,2,2,133.493087558,0.173481854114
382,211,2,2,5.64055299539,0.00617371128821
382,220,2,3,173.861751152,0.116508561558
382,221,2,2,206.820276498,0.301127214171
382,236,2,2,299.649769585,0.508770306913
382,245,2,2,156.903225806,0.197892668773
382,251,2,3,72.7926267281,0.0422484311658
382,269,2,2,3.76036866359,0.00410628019324
382,272,2,3,50.7649769585,0.0294199337678
382,296,2,3,10.8387096774,0.00581154295883
382,321,2,3,310.230414747,0.272021981574
382,330,2,3,143.299539171,0.073657740221
382,340,2,2,2.59907834101,0.000790156135425
382,343,2,4,37.3640552995,0.018924879431
382,346,2,4,43.3548387097,0.0147947357278
382,361,2,2,15.0783410138,0.0149134168018
382,362,2,2,3.76036866359,0.00410628019324
382,374,2,3,335.31797235,0.300564931218
382,379,2,2,66.6728110599,0.0723997893754
382,385,2,2,41.3640552995,0.0473617560152
382,390,2,3,372.276497696,0.373727680143
382,392,2,2,3.76036866359,0.00410628019324
382,396,2,4,35.1152073733,0.0163273594219
382,397,2,3,325.032258065,0.294938762929
382,403,2,2,15.0783410138,0.0149134168018
382,417,2,2,3.76036866359,0.00410628019324
382,445,2,3,4.23963133641,0.00464164634509
382,446,2,2,0.239631336405,1.6675349689e-05
382,464,2,2,6.30414746544,0.00033317814417
382,465,2,2,3.76036866359,0.00410628019324
383,26,2,2,0.479262672811,6.74300223995e-05
383,27,2,2,76.9769585253,0.0842076937458
383,34,2,2,24.6451612903,0.0262002743484
383,35,2,2,9.91705069124,0.00731956574009
383,39,2,2,1.28110599078,0.000321952227928
383,44,2,3,36.331797235,0.0157264397906
383,45,2,3,17.4470046083,0.00843934201027
383,47,2,2,6.71889400922,0.00885557755615
383,48,2,2,5.28110599078,0.00547105496835
383,50,2,4,17.6036866359,0.00904109845915
383,51,2,3,100.341013825,0.0594205515477
383,52,2,2,1.28110599078,0.000321952227928
383,53,2,3,40.3133640553,0.0291496499971
383,59,2,3,4.47926267281,0.00474315786626
383,61,2,2,51.0506912442,0.0562820708225
383,68,2,2,39.0322580645,0.0445551430226
383,69,2,2,14.8847926267,0.0102678606103
383,71,2,2,32.331797235,0.0206112104249
383,76,2,2,0.479262672811,6.74300223995e-05
383,89,2,2,39.0506912442,0.0329324670554
383,95,2,2,3.52073732719,0.00363892699284
383,121,2,2,5.28110599078,0.00547105496835
383,126,2,3,289.98156682,0.254317923218
383,129,2,2,0.479262672811,6.74300223995e-05
383,133,2,2,2.71889400922,0.00145012642386
383,148,2,2,0.479262672811,6.74300223995e-05
383,149,2,2,338.165898618,0.6193376439
383,154,2,2,4.47926267281,0.00589005235602
383,158,2,2,4.47926267281,0.00589005235602
383,170,2,2,5.28110599078,0.00547105496835
383,187,2,2,194.350230415,0.237347684058
383,192,2,2,4.47926267281,0.00589005235602
383,199,2,2,375.760368664,0.760556596272
383,200,2,3,58.0921658986,0.0323472590294
383,203,2,2,30.0921658986,0.0173567503909
383,205,2,2,124.986175115,0.153737147003
383,211,2,2,5.28110599078,0.00547105496835
383,220,2,3,221.723502304,0.189416894931
383,221,2,2,193.640552995,0.266854646141
383,236,2,2,263.299539171,0.397111460941
383,245,2,2,203.806451613,0.337536061545
383,251,2,3,15.8433179724,0.00901834675455
383,269,2,2,3.52073732719,0.00363892699284
383,272,2,3,47.5299539171,0.0260715260715
383,296,2,3,11.6774193548,0.00667627863354
383,321,2,3,290.460829493,0.241062003763
383,330,2,3,192.599078341,0.132410826087
383,340,2,2,3.19815668203,0.00120946139949
383,343,2,4,42.2488479263,0.0222583218443
383,346,2,4,19.3640552995,0.00980388223573
383,361,2,2,15.8433179724,0.0166448801743
383,362,2,2,3.52073732719,0.00363892699284
383,374,2,3,330.6359447,0.295548141314
383,379,2,2,20.6543778802,0.00702396549703
383,385,2,2,38.7281105991,0.0419713132766
383,390,2,3,348.552995392,0.333036240044
383,392,2,2,3.52073732719,0.00363892699284
383,396,2,4,34.2304147465,0.0154410610978
383,397,2,3,336.396313364,0.309598846347
383,403,2,2,16.1566820276,0.0173098279739
383,417,2,2,3.52073732719,0.00363892699284
383,445,2,3,4.47926267281,0.00474315786626
383,446,2,2,0.479262672811,6.74300223995e-05
383,464,2,2,48.6082949309,0.0200245569005
383,465,2,2,3.52073732719,0.00363892699284
393,26,2,2,0.036866359447,2.14334705075e-05
393,27,2,2,3.15207373272,0.00758488346033
393,34,2,2,0.258064516129,0.000154320987654
393,35,2,2,0.147465437788,8.69414014954e-05
393,39,2,2,0.0552995391705,3.22248002062e-05
393,44,2,3,0.626728110599,0.000196759259259
393,45,2,3,3.81566820276,0.023406124498
393,47,2,2,0.0552995391705,3.22248002062e-05
393,48,2,2,0.0552995391705,3.22248002062e-05
393,50,2,4,0.276497695853,5.52461769646e-05
393,51,2,3,6.94930875576,0.0153102664068
393,52,2,2,0.0552995391705,3.22248002062e-05
393,53,2,3,0.36866359447,0.000111826802648
393,59,2,3,0.0737327188941,2.1533161068e-05
393,61,2,2,0.534562211982,0.00033150434385
393,68,2,2,0.387096774194,0.000235404896422
393,69,2,2,0.239631336406,0.000142957684525
393,71,2,2,0.589861751152,0.000368527731712
393,76,2,2,0.036866359447,2.14334705075e-05
393,89,2,2,0.534562211982,0.00033150434385
393,95,2,2,0.036866359447,2.14334705075e-05
393,121,2,2,0.0552995391705,3.22248002062e-05
393,126,2,3,4.92165898618,0.00370093147039
393,129,2,2,0.036866359447,2.14334705075e-05
393,133,2,2,0.0552995391705,3.22248002062e-05
393,148,2,2,0.036866359447,2.14334705075e-05
393,149,2,2,3.70506912442,0.00399380066762
393,154,2,2,0.036866359447,2.14334705075e-05
393,158,2,2,0.036866359447,2.14334705075e-05
393,170,2,2,0.0552995391705,3.22248002062e-05
393,187,2,2,2.48847926267,0.00209030100334
393,192,2,2,0.036866359447,2.14334705075e-05
393,199,2,2,3.98156682028,0.0045871559633
393,200,2,3,7.39170506912,0.0281285072952
393,203,2,2,0.608294930876,0.000380991964533
393,205,2,2,6.69124423963,0.0236697965571
393,211,2,2,0.0552995391705,3.22248002062e-05
393,220,2,3,1.89861751152,0.000720320017903
393,221,2,2,5.97235023041,0.0136363636364
393,236,2,2,3.02304147465,0.00281207133059
393,245,2,2,1.67741935484,0.00122826908541
393,251,2,3,0.73732718894,0.000235006580184
393,269,2,2,3.96313364055,0.247690543553
393,272,2,3,0.497695852535,0.000153562653563
393,296,2,3,0.129032258064,3.79477838494e-05
393,321,2,3,5.34562211982,0.00466177983539
393,330,2,3,2.10138248848,0.000824652777778
393,340,2,2,0.0921658986175,5.39583872917e-05
393,343,2,4,0.645161290323,0.000135369287416
393,346,2,4,0.516129032258,0.000106428267348
393,361,2,2,0.165898617512,9.80392156863e-05
393,362,2,2,0.036866359447,2.14334705075e-05
393,374,2,3,4.20276497696,0.00256202804746
393,379,2,2,0.718894009217,0.000457102672293
393,385,2,2,0.405529953917,0.00024721323265
393,390,2,3,4.35023041475,0.00275907220352
393,392,2,2,0.036866359447,2.14334705075e-05
393,396,2,4,0.663594470046,0.000139586823004
393,397,2,3,4.77419354839,0.00342592592593
393,403,2,2,0.165898617512,9.80392156863e-05
393,417,2,2,0.036866359447,2.14334705075e-05
393,445,2,3,0.0737327188941,2.1533161068e-05
393,446,2,2,0.036866359447,2.14334705075e-05
393,464,2,2,1.58525345622,0.00114410387399
393,465,2,2,0.036866359447,2.14334705075e-05
397,26,2,2,0.497695852535,7.27998274374e-05
397,27,2,2,76.5529953917,0.0833778839546
397,34,2,2,24.5161290323,0.025956284153
397,35,2,2,9.99078341014,0.00743730429746
397,39,2,2,1.2534562212,0.000308557327669
397,44,2,3,40.0368663594,0.0185371009491
397,45,2,3,17.2718894009,0.0083510920299
397,47,2,2,6.7465437788,0.00893882036879
397,48,2,2,5.2534562212,0.00542010573961
397,50,2,4,17.5115207373,0.00901294425076
397,51,2,3,102.820276498,0.0600870590807
397,52,2,2,1.2534562212,0.000308557327669
397,53,2,3,40.4792626728,0.0293914877476
397,59,2,3,4.49769585253,0.00475389770652
397,61,2,2,50.7834101382,0.0557579437361
397,68,2,2,39.2258064516,0.0450495508011
397,69,2,2,14.7649769585,0.0101147731739
397,71,2,2,36.0368663594,0.0256350433445
397,76,2,2,0.497695852535,7.27998274374e-05
397,89,2,2,42.7834101382,0.0395743530465
397,95,2,2,3.50230414747,0.0036050394657
397,121,2,2,5.2534562212,0.00542010573961
397,126,2,3,288.442396313,0.252470103397
397,129,2,2,0.497695852535,7.27998274374e-05
397,133,2,2,2.7465437788,0.00148146220406
397,148,2,2,0.497695852535,7.27998274374e-05
397,149,2,2,336.01843318,0.612195700888
397,154,2,2,4.49769585253,0.00594541910331
397,158,2,2,4.49769585253,0.00594541910331
397,170,2,2,5.2534562212,0.00542010573961
397,187,2,2,191.594470046,0.230928232852
397,192,2,2,4.49769585253,0.00594541910331
397,199,2,2,373.751152074,0.753305059577
397,200,2,3,57.7880184332,0.0320472503519
397,203,2,2,33.7880184332,0.0219070137817
397,205,2,2,124.331797235,0.152305468997
397,211,2,2,5.2534562212,0.00542010573961
397,220,2,3,222.6359447,0.191154735434
397,221,2,2,192.626728111,0.264369560818
397,236,2,2,260.811059908,0.390086072783
397,245,2,2,204.64516129,0.340708915145
397,251,2,3,15.7603686636,0.00845704331145
397,269,2,2,3.50230414747,0.0036050394657
397,272,2,3,47.2811059908,0.0258287348451
397,296,2,3,7.74193548387,0.00260172821869
397,321,2,3,288.940092166,0.23881711256
397,330,2,3,193.622119816,0.133936028822
397,340,2,2,3.24423963134,0.00124599013296
397,343,2,4,42.0276497696,0.0221998835822
397,346,2,4,19.2626728111,0.00901794716677
397,361,2,2,15.7603686636,0.0164898746384
397,362,2,2,3.50230414747,0.0036050394657
397,374,2,3,332.737327189,0.299654333735
397,379,2,2,24.2949308756,0.00972939155877
397,385,2,2,38.5253456221,0.0415804551966
397,390,2,3,346.728110599,0.330118498231
397,392,2,2,3.50230414747,0.0036050394657
397,396,2,4,33.9723502304,0.0166378911864
397,397,2,3,338.488479263,0.312452922897
397,403,2,2,16.2396313364,0.0175080162637
397,417,2,2,3.50230414747,0.0036050394657
397,445,2,3,4.49769585253,0.00475389770652
397,446,2,2,0.497695852535,7.27998274374e-05
397,464,2,2,49.400921659,0.0207065839234
397,465,2,2,3.50230414747,0.0036050394657
442,26,2,2,1.76958525346,0.00131492439185
442,27,2,2,28.7004608295,0.0167440196836
442,34,2,2,12.3870967742,0.0094674556213
442,35,2,2,3.07834101382,0.00100880079127
442,39,2,2,2.65437788018,0.00197696289076
442,44,2,3,24.3133640553,0.0161755347017
442,45,2,3,7.96313364055,0.0033835415627
442,47,2,2,2.65437788018,0.00197696289076
442,48,2,2,2.65437788018,0.00197696289076
442,50,2,4,10.6175115207,0.00284308595076
442,51,2,3,45.9723502304,0.0168806341064
442,52,2,2,2.65437788018,0.00197696289076
442,53,2,3,13.6958525346,0.00414665694766
442,59,2,3,6.23041474654,0.00878629420669
442,61,2,2,25.6589861751,0.0203374972606
442,68,2,2,57.4193548387,0.137917321343
442,69,2,2,11.5023041475,0.00877032706011
442,71,2,2,28.3133640553,0.0226088492449
442,76,2,2,1.76958525346,0.00131492439185
442,89,2,2,25.6589861751,0.0203374972606
442,95,2,2,1.76958525346,0.00131492439185
442,121,2,2,2.65437788018,0.00197696289076
442,126,2,3,131.760368664,0.1727420533
442,129,2,2,1.76958525346,0.00131492439185
442,133,2,2,2.65437788018,0.00197696289076
442,148,2,2,1.76958525346,0.00131492439185
442,149,2,2,190.156682028,0.28011911559
442,154,2,2,2.23041474654,0.00208895486339
442,158,2,2,1.76958525346,0.00131492439185
442,170,2,2,2.65437788018,0.00197696289076
442,187,2,2,112.552995392,0.113862496338
442,192,2,2,6.23041474654,0.016300154321
442,199,2,2,172.884792627,0.2302898967
442,200,2,3,21.198156682,0.00710814643633
442,203,2,2,29.198156682,0.0233735188656
442,205,2,2,54.8202764977,0.0423047382813
442,211,2,2,2.65437788018,0.00197696289076
442,220,2,3,276.405529954,0.41788931695
442,221,2,2,89.3271889401,0.0812271437806
442,236,2,2,222.894009217,0.407062150668
442,245,2,2,279.483870968,0.907924070857
442,251,2,3,35.3917050691,0.0144174451086
442,269,2,2,1.76958525346,0.00131492439185
442,272,2,3,19.8894009217,0.0066344948683
442,296,2,3,5.8064516129,0.00403651306571
442,321,2,3,133.99078341,0.0734293900839
442,330,2,3,265.788018433,0.357431432045
442,340,2,2,3.57603686636,0.00216295867183
442,343,2,4,26.9677419355,0.00637321190206
442,346,2,4,24.7741935484,0.00652927973883
442,361,2,2,7.96313364055,0.0060146188653
442,362,2,2,1.76958525346,0.00131492439185
442,374,2,3,168.036866359,0.108967961724
442,379,2,2,30.5069124424,0.0219182739921
442,385,2,2,19.465437788,0.0151663124031
442,390,2,3,171.115207373,0.112937767214
442,392,2,2,1.76958525346,0.00131492439185
442,396,2,4,23.8525345622,0.00504981831687
442,397,2,3,167.152073733,0.107956624873
442,403,2,2,16.0368663594,0.0243937811811
442,417,2,2,1.76958525346,0.00131492439185
442,445,2,3,3.53917050691,0.00132104031925
442,446,2,2,2.23041474654,0.00208895486339
442,464,2,2,123.907834101,0.186119286551
442,465,2,2,1.76958525346,0.00131492439185
468,26,2,2,0.516129032258,7.83852635704e-05
468,27,2,2,76.1290322581,0.0825548606813
468,34,2,2,24.3870967742,0.0257142857143
468,35,2,2,10.064516129,0.00755644980997
468,39,2,2,1.22580645161,0.000295445152367
468,44,2,3,43.7419354839,0.0216264172336
468,45,2,3,17.0967741935,0.00826398564781
468,47,2,2,6.77419354839,0.00902294405775
468,48,2,2,5.22580645161,0.00536957242294
468,50,2,4,17.4193548387,0.00898562907882
468,51,2,3,106.258064516,0.0630792799694
468,52,2,2,1.22580645161,0.000295445152367
468,53,2,3,40.6451612903,0.029636202307
468,59,2,3,4.51612903226,0.00476506881822
468,61,2,2,50.5161290323,0.0552380952381
468,68,2,2,39.4193548387,0.0455492536895
468,69,2,2,14.6451612903,0.00996309927426
468,71,2,2,39.7419354839,0.031214298876
468,76,2,2,0.516129032258,7.83852635704e-05
468,89,2,2,46.5161290323,0.0468366365514
468,95,2,2,3.48387096774,0.00357142857143
468,121,2,2,5.22580645161,0.00536957242294
468,126,2,3,282.903225806,0.244557016008
468,129,2,2,0.516129032258,7.83852635704e-05
468,133,2,2,2.77419354839,0.0015132356973
468,148,2,2,3.48387096774,0.00357142857143
468,149,2,2,329.870967742,0.590701125704
468,154,2,2,4.51612903226,0.00600137174211
468,158,2,2,4.51612903226,0.00600137174211
468,170,2,2,5.22580645161,0.00536957242294
468,187,2,2,188.838709677,0.224599445405
468,192,2,2,4.51612903226,0.00600137174211
468,199,2,2,367.741935484,0.730142549714
468,200,2,3,57.4838709677,0.0317498205074
468,203,2,2,37.4838709677,0.0269936830203
468,205,2,2,119.677419355,0.14128337005
468,211,2,2,5.22580645161,0.00536957242294
468,220,2,3,223.548387097,0.19291160573
468,221,2,2,187.612903226,0.251084151331
468,236,2,2,258.322580645,0.383132256014
468,245,2,2,205.483870968,0.343915343915
468,251,2,3,15.6774193548,0.00817554320092
468,269,2,2,3.48387096774,0.00357142857143
468,272,2,3,47.0322580645,0.0255879255879
468,296,2,3,3.8064516129,0.000839350398846
468,321,2,3,283.419354839,0.230055275816
468,330,2,3,194.64516129,0.135478267383
468,340,2,2,3.29032258065,0.00128316128316
468,343,2,4,41.8064516129,0.0195581718675
468,346,2,4,19.1612903226,0.00863273290828
468,361,2,2,15.6774193548,0.0163361344538
468,362,2,2,3.48387096774,0.00357142857143
468,374,2,3,330.838709677,0.296617017992
468,379,2,2,27.935483871,0.0128790041026
468,385,2,2,38.3225806452,0.0411927877947
468,390,2,3,340.903225806,0.319922840995
468,392,2,2,3.48387096774,0.00357142857143
468,396,2,4,34.1935483871,0.0167091652096
468,397,2,3,336.580645161,0.308102227759
468,403,2,2,16.3225806452,0.0177083376561
468,417,2,2,3.48387096774,0.00357142857143
468,445,2,3,4.51612903226,0.00476506881822
468,446,2,2,0.516129032258,7.83852635704e-05
468,464,2,2,50.1935483871,0.0214017698915
468,465,2,2,3.48387096774,0.00357142857143
483,26,2,2,0.0184331797235,9.8318672053e-08
483,27,2,2,3.57603686636,0.000179128071031
483,34,2,2,28.1290322581,0.0336419753086
483,35,2,2,7.92626728111,0.00460879161023
483,39,2,2,5.97235023041,0.00689669852487
483,44,2,3,59.6866359447,0.0327780963303
483,45,2,3,17.9170506912,0.0104942962472
483,47,2,2,5.97235023041,0.00689669852487
483,48,2,2,6.02764976959,0.00702500644496
483,50,2,4,25.8801843318,0.010199576223
483,51,2,3,22.5253456221,0.00729364406645
483,52,2,2,2.02764976959,0.000794944102947
483,53,2,3,35.8341013825,0.0235767833605
483,59,2,3,4.01843317972,0.00460849157243
483,61,2,2,58.267281106,0.0722679469593
483,68,2,2,33.8064516129,0.0329442073598
483,69,2,2,21.8801843318,0.0218688394558
483,71,2,2,59.7050691244,0.0692780430269
483,76,2,2,0.0184331797235,9.8318672053e-08
483,89,2,2,53.732718894,0.0614573519548
483,95,2,2,4.01843317972,0.00467249657064
483,121,2,2,6.02764976959,0.00702500644496
483,126,2,3,327.539170507,0.307309466589
483,129,2,2,0.0184331797235,9.8318672053e-08
483,133,2,2,1.97235023041,0.000752174796251
483,148,2,2,0.0184331797235,9.8318672053e-08
483,149,2,2,388.147465438,0.80424943114
483,154,2,2,3.98156682028,0.0045871559633
483,158,2,2,3.98156682028,0.0045871559633
483,170,2,2,6.02764976959,0.00702500644496
483,187,2,2,260.755760369,0.421126040713
483,192,2,2,3.98156682028,0.0045871559633
483,199,2,2,422.00921659,0.945546428985
483,200,2,3,66.3225806452,0.041545765748
483,203,2,2,61.6958525346,0.0719122469468
483,205,2,2,138.65437788,0.186488231718
483,211,2,2,6.02764976959,0.00702500644496
483,220,2,3,197.087557604,0.148759717616
483,221,2,2,217.013824885,0.330359149409
483,236,2,2,322.488479263,0.587178341592
483,245,2,2,181.161290323,0.262872121326
483,251,2,3,75.6313364055,0.045403217391
483,269,2,2,4.01843317972,0.00467249657064
483,272,2,3,54.2488479263,0.0334766584767
483,296,2,3,9.93548387097,0.00500609021314
483,321,2,3,327.520737327,0.302110954484
483,330,2,3,168.976958525,0.101477815736
483,340,2,2,1.95391705069,0.000444973533659
483,343,2,4,44.2211981567,0.0229792357287
483,346,2,4,43.7419354839,0.0143606868479
483,361,2,2,17.9170506912,0.0209821910416
483,362,2,2,4.01843317972,0.00467249657064
483,374,2,3,357.898617512,0.341011042438
483,379,2,2,69.6405529954,0.0787067448237
483,385,2,2,44.202764977,0.0538924847177
483,390,2,3,389.824884793,0.407164223921
483,392,2,2,4.01843317972,0.00467249657064
483,396,2,4,31.7603686636,0.0155131182918
483,397,2,3,343.612903226,0.328683146426
483,403,2,2,13.9170506912,0.0126593734107
483,417,2,2,4.01843317972,0.00467249657064
483,445,2,3,4.01843317972,0.00460849157243
483,446,2,2,0.0184331797235,9.8318672053e-08
483,464,2,2,31.2073732719,0.0081355321863
483,465,2,2,4.01843317972,0.00467249657064
506,26,2,2,0.036866359447,2.14334705075e-05
506,27,2,2,0.847926267281,0.000548873615884
506,34,2,2,0.258064516129,0.000154320987654
506,35,2,2,3.85253456221,0.05933886498
506,39,2,2,0.0552995391705,3.22248002062e-05
506,44,2,3,0.626728110599,0.000196759259259
506,45,2,3,0.350230414747,0.000105979473449
506,47,2,2,0.0552995391705,3.22248002062e-05
506,48,2,2,0.0552995391705,3.22248002062e-05
506,50,2,4,0.276497695853,5.52461769646e-05
506,51,2,3,1.12442396313,0.000378562208321
506,52,2,2,0.0552995391705,3.22248002062e-05
506,53,2,3,0.36866359447,0.000111826802648
506,59,2,3,0.0737327188941,2.1533161068e-05
506,61,2,2,0.534562211982,0.00033150434385
506,68,2,2,0.387096774194,0.000235404896422
506,69,2,2,0.239631336406,0.000142957684525
506,71,2,2,0.589861751152,0.000368527731712
506,76,2,2,0.036866359447,2.14334705075e-05
506,89,2,2,0.534562211982,0.00033150434385
506,95,2,2,0.036866359447,2.14334705075e-05
506,121,2,2,0.0552995391705,3.22248002062e-05
506,126,2,3,0.921658986175,0.000267050543643
506,129,2,2,0.036866359447,2.14334705075e-05
506,133,2,2,0.0552995391705,3.22248002062e-05
506,148,2,2,0.036866359447,2.14334705075e-05
506,149,2,2,0.294930875576,2.53066253536e-05
506,154,2,2,0.036866359447,2.14334705075e-05
506,158,2,2,0.036866359447,2.14334705075e-05
506,170,2,2,0.0552995391705,3.22248002062e-05
506,187,2,2,1.51152073733,0.000771203508724
506,192,2,2,0.036866359447,2.14334705075e-05
506,199,2,2,0.0184331797235,9.8318672053e-08
506,200,2,3,0.645161290323,0.000203053931124
506,203,2,2,0.608294930876,0.000380991964533
506,205,2,2,1.30875576037,0.000905519844914
506,211,2,2,0.0552995391705,3.22248002062e-05
506,220,2,3,1.89861751152,0.000720320017903
506,221,2,2,1.97235023041,0.00148722305358
506,236,2,2,0.976958525346,0.000293690822711
506,245,2,2,1.67741935484,0.00122826908541
506,251,2,3,3.42857142857,0.00642449238579
506,269,2,2,0.036866359447,2.14334705075e-05
506,272,2,3,0.497695852535,0.000153562653563
506,296,2,3,0.129032258064,3.79477838494e-05
506,321,2,3,1.34562211982,0.000363004507244
506,330,2,3,2.10138248848,0.000824652777778
506,340,2,2,0.0921658986175,5.39583872917e-05
506,343,2,4,0.645161290323,0.000135369287416
506,346,2,4,0.516129032258,0.000106428267348
506,361,2,2,0.165898617512,9.80392156863e-05
506,362,2,2,0.036866359447,2.14334705075e-05
506,374,2,3,0.202764976959,1.57118627348e-05
506,379,2,2,0.718894009217,0.000457102672293
506,385,2,2,0.405529953917,0.00024721323265
506,390,2,3,0.350230414747,0.000105755138885
506,392,2,2,0.036866359447,2.14334705075e-05
506,396,2,4,0.663594470046,0.000139586823004
506,397,2,3,0.774193548387,0.000226790667319
506,403,2,2,0.165898617512,9.80392156863e-05
506,417,2,2,0.036866359447,2.14334705075e-05
506,445,2,3,0.0737327188941,2.1533161068e-05
506,446,2,2,0.036866359447,2.14334705075e-05
506,464,2,2,1.58525345622,0.00114410387399
506,465,2,2,0.036866359447,2.14334705075e-05
555,26,3,2,0.811059907834,0.000261158594492
555,27,3,2,10.8387096774,0.0027746171852
555,34,3,2,30.8387096774,0.249173789174
555,35,3,2,3.24423963134,0.00105934753822
555,39,3,2,1.21658986175,0.000392646796359
555,44,3,3,11.0506912442,0.00196554487179
555,45,3,3,6.71889400922,0.00317669538553
555,47,3,2,1.21658986175,0.000392646796359
555,48,3,2,1.21658986175,0.000392646796359
555,50,3,4,6.97235023041,0.00930600602438
555,51,3,3,20.7373271889,0.00369568372249
555,52,3,2,1.21658986175,0.000392646796359
555,53,3,3,8.11059907834,0.00136256657996
555,59,3,3,7.43778801843,0.0133145923844
555,61,3,2,11.7603686636,0.00403925292814
555,68,3,2,69.2258064516,0.232898148395
555,69,3,2,4.1935483871,0.00360573506928
555,71,3,2,10.3225806452,0.00363972073394
555,76,3,2,0.811059907834,0.000261158594492
555,89,3,2,9.35483870968,0.00339180520534
555,95,3,2,0.811059907834,0.000261158594492
555,121,3,2,1.21658986175,0.000392646796359
555,126,3,3,131.958525346,0.246409313148
555,129,3,2,0.811059907834,0.000261158594492
555,133,3,2,1.21658986175,0.000392646796359
555,148,3,2,0.811059907834,0.000261158594492
555,149,3,2,75.1612903226,0.0548092230239
555,154,3,2,3.35483870968,0.00550510446344
555,158,3,2,0.811059907834,0.000261158594492
555,170,3,2,1.21658986175,0.000392646796359
555,187,3,2,50.7465437788,0.0223588176691
555,192,3,2,7.35483870968,0.0263888888889
555,199,3,2,70.3225806452,0.0492440413439
555,200,3,3,14.1935483871,0.00247413405308
555,203,3,2,10.6451612903,0.00373121844444
555,205,3,2,28.7926267281,0.0110334110334
555,211,3,2,1.21658986175,0.000392646796359
555,220,3,3,108.230414747,0.075065043494
555,221,3,2,44.6082949309,0.0191516302627
555,236,3,2,87.0967741935,0.0742397640501
555,245,3,2,106.64516129,0.154886647329
555,251,3,3,14.3640552995,0.00468102978678
555,269,3,2,0.811059907834,0.000261158594492
555,272,3,3,34.400921659,0.222753522754
555,296,3,3,9.74193548387,0.00904171778001
555,321,3,3,70.9400921659,0.0941240640125
555,330,3,3,104.31797235,0.0648915923135
555,340,3,2,6.38709677419,0.0080688542227
555,343,3,4,32.2718894009,0.0523662172785
555,346,3,4,9.73732718894,0.00215215818664
555,361,3,2,3.2534562212,0.00502519412323
555,362,3,2,0.811059907834,0.000261158594492
555,374,3,3,67.1797235023,0.0231397093327
555,379,3,2,8.58064516129,0.00204717638019
555,385,3,2,30.1751152074,0.155578941016
555,390,3,3,70.4239631336,0.0250566513563
555,392,3,2,0.811059907834,0.000261158594492
555,396,3,4,10.599078341,0.000998058567154
555,397,3,3,66.7741935484,0.0250816566418
555,403,3,2,21.0967741935,0.0490739064857
555,417,3,2,0.811059907834,0.000261158594492
555,445,3,3,1.62211981567,0.000262373285629
555,446,3,2,3.35483870968,0.00550510446344
555,464,3,2,27.7419354839,0.0411090320473
555,465,3,2,0.811059907834,0.000261158594492
559,26,2,2,0.036866359447,2.14334705075e-05
559,27,2,2,3.15207373272,0.00758488346033
559,34,2,2,0.258064516129,0.000154320987654
559,35,2,2,0.147465437788,8.69414014954e-05
559,39,2,2,0.0552995391705,3.22248002062e-05
559,44,2,3,3.41013824885,0.00616174768519
559,45,2,3,3.83410138249,0.0261967623581
559,47,2,2,0.0552995391705,3.22248002062e-05
559,48,2,2,0.0552995391705,3.22248002062e-05
559,50,2,4,0.276497695853,5.52461769646e-05
559,51,2,3,2.94930875576,0.00276479974636
559,52,2,2,0.0552995391705,3.22248002062e-05
559,53,2,3,3.66820276498,0.01224503489
559,59,2,3,0.0737327188941,2.1533161068e-05
559,61,2,2,0.534562211982,0.00033150434385
559,68,2,2,0.387096774194,0.000235404896422
559,69,2,2,3.76036866359,0.0352031183385
559,71,2,2,3.41013824885,0.0123172476737
559,76,2,2,0.036866359447,2.14334705075e-05
559,89,2,2,3.46543778802,0.0139318543746
559,95,2,2,0.036866359447,2.14334705075e-05
559,121,2,2,0.0552995391705,3.22248002062e-05
559,126,2,3,3.70506912442,0.00199690033381
559,129,2,2,0.036866359447,2.14334705075e-05
559,133,2,2,0.0552995391705,3.22248002062e-05
559,148,2,2,0.036866359447,2.14334705075e-05
559,149,2,2,4.29493087558,0.00536668509305
559,154,2,2,0.036866359447,2.14334705075e-05
559,158,2,2,0.036866359447,2.14334705075e-05
559,170,2,2,0.0552995391705,3.22248002062e-05
559,187,2,2,5.51152073733,0.0102537722908
559,192,2,2,0.036866359447,2.14334705075e-05
559,199,2,2,4.01843317972,0.00467249657064
559,200,2,3,0.645161290323,0.000203053931124
559,203,2,2,3.39170506912,0.0118446868239
559,205,2,2,1.30875576037,0.000905519844914
559,211,2,2,0.0552995391705,3.22248002062e-05
559,220,2,3,1.89861751152,0.000720320017903
559,221,2,2,2.02764976959,0.00157178783722
559,236,2,2,4.97695852535,0.00762195121951
559,245,2,2,1.67741935484,0.00122826908541
559,251,2,3,3.83410138249,0.0262290191348
559,269,2,2,0.036866359447,2.14334705075e-05
559,272,2,3,0.497695852535,0.000153562653563
559,296,2,3,0.129032258064,3.79477838494e-05
559,321,2,3,3.04147465438,0.00141986782321
559,330,2,3,2.10138248848,0.000824652777778
559,340,2,2,0.0921658986175,5.39583872917e-05
559,343,2,4,0.645161290323,0.000135369287416
559,346,2,4,3.79723502304,0.0140908607144
559,361,2,2,3.83410138249,0.0523650447833
559,362,2,2,0.036866359447,2.14334705075e-05
559,374,2,3,3.83410138249,0.0021304490331
559,379,2,2,3.28110599078,0.00952192049238
559,385,2,2,0.405529953917,0.00024721323265
559,390,2,3,3.66820276498,0.0127904726847
559,392,2,2,0.036866359447,2.14334705075e-05
559,396,2,4,3.55760368664,0.00585408394855
559,397,2,3,3.41013824885,0.00664027446362
559,403,2,2,0.165898617512,9.80392156863e-05
559,417,2,2,0.036866359447,2.14334705075e-05
559,445,2,3,0.0737327188941,2.1533161068e-05
559,446,2,2,0.036866359447,2.14334705075e-05
559,464,2,2,1.58525345622,0.00114410387399
559,465,2,2,0.036866359447,2.14334705075e-05
611,26,2,2,0.0737327188941,4.30663221361e-05
611,27,2,2,1.69585253456,0.00110285303285
611,34,2,2,0.516129032258,0.00031007751938
611,35,2,2,0.294930875576,0.000174691560214
611,39,2,2,0.110599078341,6.47493659958e-05
611,44,2,3,1.2534562212,0.000395348837209
611,45,2,3,0.700460829493,0.000212944802466
611,47,2,2,0.110599078341,6.47493659958e-05
611,48,2,2,0.110599078341,6.47493659958e-05
611,50,2,4,0.552995391705,0.000111006271854
611,51,2,3,2.24884792627,0.000760645925556
611,52,2,2,0.110599078341,6.47493659958e-05
611,53,2,3,0.73732718894,0.000224693854623
611,59,2,3,7.92626728111,0.24884802596
611,61,2,2,1.06912442396,0.000666092449038
611,68,2,2,15.2258064516,0.182945736434
611,69,2,2,0.479262672811,0.000287245207977
611,71,2,2,1.1797235023,0.00074048362837
611,76,2,2,0.0737327188941,4.30663221361e-05
611,89,2,2,1.06912442396,0.000666092449038
611,95,2,2,0.0737327188941,4.30663221361e-05
611,121,2,2,0.110599078341,6.47493659958e-05
611,126,2,3,14.7465437788,0.0547195622435
611,129,2,2,0.0737327188941,4.30663221361e-05
611,133,2,2,0.110599078341,6.47493659958e-05
611,148,2,2,0.0737327188941,4.30663221361e-05
611,149,2,2,8.58986175115,0.0107832928381
611,154,2,2,0.0737327188941,4.30663221361e-05
611,158,2,2,0.0737327188941,4.30663221361e-05
611,170,2,2,0.110599078341,6.47493659958e-05
611,187,2,2,4.97695852535,0.00420004666719
611,192,2,2,0.0737327188941,4.30663221361e-05
611,199,2,2,8.03686635945,0.00938845822567
611,200,2,3,1.29032258065,0.000407996736026
611,203,2,2,1.21658986175,0.000765528040364
611,205,2,2,2.61751152074,0.00181946313025
611,211,2,2,0.110599078341,6.47493659958e-05
611,220,2,3,12.3502304147,0.0157387831806
611,221,2,2,4.05529953917,0.00315819695665
611,236,2,2,9.95391705069,0.0153148043108
611,245,2,2,12.6451612903,0.0350626118068
611,251,2,3,1.47465437788,0.000472199268091
611,269,2,2,0.0737327188941,4.30663221361e-05
611,272,2,3,0.995391705069,0.000308553796926
611,296,2,3,0.258064516129,7.62485703393e-05
611,321,2,3,6.08294930876,0.0028529437192
611,330,2,3,11.9078341014,0.0135344646973
611,340,2,2,0.184331797235,0.00010841871307
611,343,2,4,1.29032258065,0.000271997824017
611,346,2,4,1.03225806452,0.00021384656509
611,361,2,2,0.331797235023,0.000196990424077
611,362,2,2,0.0737327188941,4.30663221361e-05
611,374,2,3,7.66820276498,0.00428071619675
611,379,2,2,1.43778801843,0.000918457462467
611,385,2,2,0.811059907834,0.000496726123278
611,390,2,3,7.96313364055,0.00460849157243
611,392,2,2,0.0737327188941,4.30663221361e-05
611,396,2,4,1.32718894009,0.000280472128082
611,397,2,3,7.63133640553,0.00424136871222
611,403,2,2,0.331797235023,0.000196990424077
611,417,2,2,0.0737327188941,4.30663221361e-05
611,445,2,3,0.147465437788,4.32666306111e-05
611,446,2,2,0.0737327188941,4.30663221361e-05
611,464,2,2,3.17050691244,0.00229885057471
611,465,2,2,0.0737327188941,4.30663221361e-05
627,26,2,2,0.0737327188941,4.30663221361e-05
627,27,2,2,1.69585253456,0.00110285303285
627,34,2,2,0.516129032258,0.00031007751938
627,35,2,2,0.294930875576,0.000174691560214
627,39,2,2,0.110599078341,6.47493659958e-05
627,44,2,3,1.2534562212,0.000395348837209
627,45,2,3,0.700460829493,0.000212944802466
627,47,2,2,0.110599078341,6.47493659958e-05
627,48,2,2,0.110599078341,6.47493659958e-05
627,50,2,4,0.552995391705,0.000111006271854
627,51,2,3,2.24884792627,0.000760645925556
627,52,2,2,0.110599078341,6.47493659958e-05
627,53,2,3,0.73732718894,0.000224693854623
627,59,2,3,0.147465437788,4.32666306111e-05
627,61,2,2,1.06912442396,0.000666092449038
627,68,2,2,0.774193548387,0.000472999605834
627,69,2,2,0.479262672811,0.000287245207977
627,71,2,2,1.1797235023,0.00074048362837
627,76,2,2,0.0737327188941,4.30663221361e-05
627,89,2,2,1.06912442396,0.000666092449038
627,95,2,2,0.0737327188941,4.30663221361e-05
627,121,2,2,0.110599078341,6.47493659958e-05
627,126,2,3,3.41013824885,0.000977543864263
627,129,2,2,0.0737327188941,4.30663221361e-05
627,133,2,2,0.110599078341,6.47493659958e-05
627,148,2,2,0.0737327188941,4.30663221361e-05
627,149,2,2,4.58986175115,0.00307877718901
627,154,2,2,0.0737327188941,4.30663221361e-05
627,158,2,2,0.0737327188941,4.30663221361e-05
627,170,2,2,0.110599078341,6.47493659958e-05
627,187,2,2,4.97695852535,0.00420004666719
627,192,2,2,0.0737327188941,4.30663221361e-05
627,199,2,2,4.03686635945,0.00236869710547
627,200,2,3,1.29032258065,0.000407996736026
627,203,2,2,1.21658986175,0.000765528040364
627,205,2,2,1.38248847926,0.000507561997006
627,211,2,2,0.110599078341,6.47493659958e-05
627,220,2,3,3.79723502304,0.00144734068714
627,221,2,2,0.0552995391705,5.87268029128e-07
627,236,2,2,6.04608294931,0.00565030146425
627,245,2,2,3.35483870968,0.00246796392976
627,251,2,3,1.47465437788,0.000472199268091
627,269,2,2,0.0737327188941,4.30663221361e-05
627,272,2,3,0.995391705069,0.000308553796926
627,296,2,3,0.258064516129,7.62485703393e-05
627,321,2,3,2.08294930876,0.000446027612077
627,330,2,3,4.20276497696,0.00165697674419
627,340,2,2,0.184331797235,0.00010841871307
627,343,2,4,11.5944700461,0.0659260907731
627,346,2,4,1.03225806452,0.00021384656509
627,361,2,2,0.331797235023,0.000196990424077
627,362,2,2,0.0737327188941,4.30663221361e-05
627,374,2,3,3.66820276498,0.000985459871283
627,379,2,2,1.43778801843,0.000918457462467
627,385,2,2,0.811059907834,0.000496726123278
627,390,2,3,3.96313364055,0.00119457860017
627,392,2,2,0.0737327188941,4.30663221361e-05
627,396,2,4,1.32718894009,0.000280472128082
627,397,2,3,3.63133640553,0.00107181641225
627,403,2,2,0.331797235023,0.000196990424077
627,417,2,2,0.0737327188941,4.30663221361e-05
627,445,2,3,0.147465437788,4.32666306111e-05
627,446,2,2,0.0737327188941,4.30663221361e-05
627,464,2,2,3.17050691244,0.00229885057471
627,465,2,2,0.0737327188941,4.30663221361e-05
639,26,2,2,0.516129032258,7.83852635704e-05
639,27,2,2,76.1290322581,0.0825548606813
639,34,2,2,24.3870967742,0.0257142857143
639,35,2,2,10.064516129,0.00755644980997
639,39,2,2,1.22580645161,0.000295445152367
639,44,2,3,43.7419354839,0.0216264172336
639,45,2,3,17.0967741935,0.00826398564781
639,47,2,2,6.77419354839,0.00902294405775
639,48,2,2,5.22580645161,0.00536957242294
639,50,2,4,17.4193548387,0.00898562907882
639,51,2,3,106.258064516,0.0630792799694
639,52,2,2,1.22580645161,0.000295445152367
639,53,2,3,40.6451612903,0.029636202307
639,59,2,3,4.51612903226,0.00476506881822
639,61,2,2,50.5161290323,0.0552380952381
639,68,2,2,39.4193548387,0.0455492536895
639,69,2,2,14.6451612903,0.00996309927426
639,71,2,2,39.7419354839,0.031214298876
639,76,2,2,0.516129032258,7.83852635704e-05
639,89,2,2,46.5161290323,0.0468366365514
639,95,2,2,3.48387096774,0.00357142857143
639,121,2,2,5.22580645161,0.00536957242294
639,126,2,3,286.903225806,0.250647508424
639,129,2,2,0.516129032258,7.83852635704e-05
639,133,2,2,2.77419354839,0.0015132356973
639,148,2,2,0.516129032258,7.83852635704e-05
639,149,2,2,333.870967742,0.605113610366
639,154,2,2,4.51612903226,0.00600137174211
639,158,2,2,4.51612903226,0.00600137174211
639,170,2,2,5.22580645161,0.00536957242294
639,187,2,2,188.838709677,0.224599445405
639,192,2,2,4.51612903226,0.00600137174211
639,199,2,2,371.741935484,0.746112738145
639,200,2,3,57.4838709677,0.0317498205074
639,203,2,2,37.4838709677,0.0269936830203
639,205,2,2,123.677419355,0.150885478158
639,211,2,2,5.22580645161,0.00536957242294
639,220,2,3,223.548387097,0.19291160573
639,221,2,2,191.612903226,0.261904761905
639,236,2,2,258.322580645,0.383132256014
639,245,2,2,205.483870968,0.343915343915
639,251,2,3,15.6774193548,0.00817554320092
639,269,2,2,3.48387096774,0.00357142857143
639,272,2,3,47.0322580645,0.0255879255879
639,296,2,3,3.8064516129,0.000839350398846
639,321,2,3,287.419354839,0.236590546999
639,330,2,3,194.64516129,0.135478267383
639,340,2,2,3.29032258065,0.00128316128316
639,343,2,4,41.8064516129,0.0221435307961
639,346,2,4,19.1612903226,0.00863273290828
639,361,2,2,15.6774193548,0.0163361344538
639,362,2,2,3.48387096774,0.00357142857143
639,374,2,3,334.838709677,0.303806948217
639,379,2,2,27.935483871,0.0128790041026
639,385,2,2,38.3225806452,0.0411927877947
639,390,2,3,344.903225806,0.327229607439
639,392,2,2,3.48387096774,0.00357142857143
639,396,2,4,34.1935483871,0.0167091652096
639,397,2,3,340.580645161,0.31559845061
639,403,2,2,16.3225806452,0.0177083376561
639,417,2,2,3.48387096774,0.00357142857143
639,445,2,3,4.51612903226,0.00476506881822
639,446,2,2,0.516129032258,7.83852635704e-05
639,464,2,2,50.1935483871,0.0214017698915
639,465,2,2,3.48387096774,0.00357142857143
640,26,2,2,0.0737327188941,4.30663221361e-05
640,27,2,2,1.69585253456,0.00110285303285
640,34,2,2,11.4838709677,0.153507751938
640,35,2,2,0.294930875576,0.000174691560214
640,39,2,2,0.110599078341,6.47493659958e-05
640,44,2,3,1.2534562212,0.000395348837209
640,45,2,3,0.700460829493,0.000212944802466
640,47,2,2,0.110599078341,6.47493659958e-05
640,48,2,2,0.110599078341,6.47493659958e-05
640,50,2,4,0.552995391705,0.000111006271854
640,51,2,3,2.24884792627,0.000760645925556
640,52,2,2,0.110599078341,6.47493659958e-05
640,53,2,3,0.73732718894,0.000224693854623
640,59,2,3,0.147465437788,4.32666306111e-05
640,61,2,2,1.06912442396,0.000666092449038
640,68,2,2,0.774193548387,0.000472999605834
640,69,2,2,0.479262672811,0.000287245207977
640,71,2,2,1.1797235023,0.00074048362837
640,76,2,2,0.0737327188941,4.30663221361e-05
640,89,2,2,1.06912442396,0.000666092449038
640,95,2,2,0.0737327188941,4.30663221361e-05
640,121,2,2,0.110599078341,6.47493659958e-05
640,126,2,3,7.41013824885,0.00401237648468
640,129,2,2,0.0737327188941,4.30663221361e-05
640,133,2,2,0.110599078341,6.47493659958e-05
640,148,2,2,0.0737327188941,4.30663221361e-05
640,149,2,2,7.41013824885,0.00802475296936
640,154,2,2,0.0737327188941,4.30663221361e-05
640,158,2,2,0.0737327188941,4.30663221361e-05
640,170,2,2,0.110599078341,6.47493659958e-05
640,187,2,2,4.97695852535,0.00420004666719
640,192,2,2,0.0737327188941,4.30663221361e-05
640,199,2,2,7.96313364055,0.00921698314487
640,200,2,3,1.29032258065,0.000407996736026
640,203,2,2,1.21658986175,0.000765528040364
640,205,2,2,2.61751152074,0.00181946313025
640,211,2,2,11.8894009217,0.748259860789
640,220,2,3,3.79723502304,0.00144734068714
640,221,2,2,4.05529953917,0.00315819695665
640,236,2,2,6.04608294931,0.00565030146425
640,245,2,2,3.35483870968,0.00246796392976
640,251,2,3,1.47465437788,0.000472199268091
640,269,2,2,0.0737327188941,4.30663221361e-05
640,272,2,3,3.29953917051,0.00477882466867
640,296,2,3,0.258064516129,7.62485703393e-05
640,321,2,3,6.08294930876,0.0028529437192
640,330,2,3,4.20276497696,0.00165697674419
640,340,2,2,0.184331797235,0.00010841871307
640,343,2,4,3.18894009217,0.00261952449835
640,346,2,4,1.03225806452,0.00021384656509
640,361,2,2,0.331797235023,0.000196990424077
640,362,2,2,0.0737327188941,4.30663221361e-05
640,374,2,3,8.40552995392,0.00514788891398
640,379,2,2,1.43778801843,0.000918457462467
640,385,2,2,0.811059907834,0.000496726123278
640,390,2,3,8.70046082949,0.00554381019497
640,392,2,2,0.0737327188941,4.30663221361e-05
640,396,2,4,1.32718894009,0.000280472128082
640,397,2,3,9.54838709677,0.00688372093023
640,403,2,2,0.331797235023,0.000196990424077
640,417,2,2,0.0737327188941,4.30663221361e-05
640,445,2,3,0.147465437788,4.32666306111e-05
640,446,2,2,0.0737327188941,4.30663221361e-05
640,464,2,2,12.8294930876,0.0376419686317
640,465,2,2,0.0737327188941,4.30663221361e-05
719,26,2,2,3.52073732719,0.015921334702
719,27,2,2,7.02304147465,0.00306681002574
719,34,2,2,12.6451612903,0.0301784816491
719,35,2,2,1.91705069124,0.00119672282058
719,39,2,2,0.718894009217,0.000443564896956
719,44,2,3,4.14746543779,0.000739418363499
719,45,2,3,4.55299539171,0.0014587762816
719,47,2,2,0.718894009217,0.000443564896956
719,48,2,2,0.718894009217,0.000443564896956
719,50,2,4,3.59447004608,0.000760447377042
719,51,2,3,9.65898617512,0.00519949219969
719,52,2,2,0.718894009217,0.000443564896956
719,53,2,3,4.79262672811,0.00153926304821
719,59,2,3,0.958525345622,0.000296397628819
719,61,2,2,33.0506912442,0.103212913682
719,68,2,2,5.03225806452,0.00324027916251
719,69,2,2,3.11520737327,0.00196777048111
719,71,2,2,3.66820276498,0.00116079786775
719,76,2,2,0.479262672811,0.000295025417574
719,89,2,2,2.94930875576,0.000821889485401
719,95,2,2,0.479262672811,0.000295025417574
719,121,2,2,0.718894009217,0.000443564896956
719,126,2,3,11.9815668203,0.00367587218897
719,129,2,2,0.479262672811,0.000295025417574
719,133,2,2,3.28110599078,0.00923991465823
719,148,2,2,0.479262672811,0.000295025417574
719,149,2,2,44.1658986175,0.0462219357192
719,154,2,2,0.479262672811,0.000295025417574
719,158,2,2,0.479262672811,0.000295025417574
719,170,2,2,0.718894009217,0.000443564896956
719,187,2,2,28.3502304147,0.0220970447084
719,192,2,2,0.479262672811,0.000295025417574
719,199,2,2,47.7603686636,0.0537589851343
719,200,2,3,4.38709677419,0.000800154437925
719,203,2,2,3.90783410138,0.00128067782461
719,205,2,2,9.01382488479,0.00349847862464
719,211,2,2,11.2811059908,0.109227199714
719,220,2,3,24.6820276498,0.00991499318761
719,221,2,2,14.3594470046,0.00642042386323
719,236,2,2,35.2995391705,0.0312288811362
719,245,2,2,21.8064516129,0.0169067627051
719,251,2,3,5.58525345622,0.00124678434435
719,269,2,2,0.479262672811,0.000295025417574
719,272,2,3,31.4470046083,0.0698709707998
719,296,2,3,3.04147465438,0.00319315147244
719,321,2,3,17.4930875576,0.00499665027618
719,330,2,3,23.3179723502,0.00827517722049
719,340,2,2,1.19815668203,0.000742721330957
719,343,2,4,8.09216589862,0.00211966252988
719,346,2,4,3.11520737327,0.000661035118439
719,361,2,2,2.15668202765,0.00134948096886
719,362,2,2,0.479262672811,0.000295025417574
719,374,2,3,34.6359447005,0.0141923989883
719,379,2,2,1.34562211982,0.000130439912214
719,385,2,2,5.27188940092,0.00340281743765
719,390,2,3,48.5529953917,0.0280217174443
719,392,2,2,0.479262672811,0.000295025417574
719,396,2,4,5.75115207373,0.00667736621772
719,397,2,3,58.064516129,0.0418345823906
719,403,2,2,1.84331797235,0.000985814134603
719,417,2,2,0.479262672811,0.000295025417574
719,445,2,3,0.958525345622,0.000296397628819
719,446,2,2,0.479262672811,0.000295025417574
719,464,2,2,31.3917050691,0.0365408025012
719,465,2,2,0.479262672811,0.000295025417574
