PB2 site,NP site,N alleles PB2,N alleles NP,Chi,ChiSqDf
14,21,2,2,0.626728110599,0.000379231498522
14,22,2,3,0.479262672811,0.000143622603988
14,23,2,2,0.258064516129,0.000152497140679
14,29,2,2,0.0737327188941,4.30663221361e-05
14,42,2,2,0.258064516129,0.000152497140679
14,53,2,2,0.0737327188941,4.30663221361e-05
14,54,2,2,0.147465437788,8.65332612223e-05
14,56,2,2,0.0737327188941,4.30663221361e-05
14,58,2,3,2.45161290323,0.00128673156661
14,60,2,3,0.221198156682,2.40383056885e-05
14,63,2,3,0.73732718894,0.000224693854623
14,64,2,2,0.147465437788,8.65332612223e-05
14,65,2,2,0.147465437788,8.65332612223e-05
14,68,2,3,0.442396313364,0.00013226055329
14,95,2,2,0.147465437788,8.65332612223e-05
14,112,2,2,2.37788018433,0.00225524475524
14,113,2,2,0.0737327188941,4.30663221361e-05
14,128,2,2,0.0737327188941,4.30663221361e-05
14,133,2,2,0.0737327188941,4.30663221361e-05
14,135,2,3,0.147465437788,4.32666306111e-05
14,142,2,2,0.294930875576,0.000174691560214
14,158,2,2,0.184331797235,0.00010841871307
14,171,2,2,4.23963133641,0.00363286250337
14,192,2,2,0.0737327188941,4.30663221361e-05
14,233,2,3,5.27188940092,0.00232922927947
14,242,2,2,0.0737327188941,4.30663221361e-05
14,244,2,3,0.258064516129,7.62485703393e-05
14,324,2,2,0.0737327188941,4.30663221361e-05
14,374,2,3,4.42396313364,0.00207146013929
14,454,2,2,0.184331797235,0.00010841871307
14,463,2,2,0.0737327188941,4.30663221361e-05
14,489,2,2,0.258064516129,0.000152497140679
16,21,2,2,0.470046082949,0.000283763708291
16,22,2,3,0.359447004608,0.000107467029666
16,23,2,2,0.193548387097,0.000114107489255
16,29,2,2,0.0552995391705,3.22248002062e-05
16,42,2,2,0.193548387097,0.000114107489255
16,53,2,2,0.0552995391705,3.22248002062e-05
16,54,2,2,0.110599078341,6.47493659958e-05
16,56,2,2,0.0552995391705,3.22248002062e-05
16,58,2,3,1.29953917051,0.000422669472473
16,60,2,3,1.88940092166,0.000352697470156
16,63,2,3,3.91705069124,0.05408348932
16,64,2,2,0.110599078341,6.47493659958e-05
16,65,2,2,0.110599078341,6.47493659958e-05
16,68,2,3,0.331797235023,9.89652631926e-05
16,95,2,2,0.110599078341,6.47493659958e-05
16,112,2,2,1.21658986175,0.000785293592718
16,113,2,2,0.0552995391705,3.22248002062e-05
16,128,2,2,0.0552995391705,3.22248002062e-05
16,133,2,2,0.0552995391705,3.22248002062e-05
16,135,2,3,0.110599078341,3.23746829979e-05
16,142,2,2,0.221198156682,0.000130714682527
16,158,2,2,0.138248847926,8.11253711486e-05
16,171,2,2,2.8202764977,0.00213848433176
16,192,2,2,0.0552995391705,3.22248002062e-05
16,233,2,3,4.04608294931,0.00228313663962
16,242,2,2,0.0552995391705,3.22248002062e-05
16,244,2,3,0.193548387097,5.70537446274e-05
16,324,2,2,0.0552995391705,3.22248002062e-05
16,374,2,3,2.8202764977,0.00106924216588
16,454,2,2,0.138248847926,8.11253711486e-05
16,463,2,2,0.0552995391705,3.22248002062e-05
16,489,2,2,0.193548387097,0.000114107489255
65,21,2,2,0.3133640553,0.00018873789857
65,22,2,3,0.239631336406,7.14788422627e-05
65,23,2,2,0.129032258064,7.58955676988e-05
65,29,2,2,0.036866359447,2.14334705075e-05
65,42,2,2,0.129032258064,7.58955676988e-05
65,53,2,2,0.036866359447,2.14334705075e-05
65,54,2,2,0.0737327188941,4.30663221361e-05
65,56,2,2,0.036866359447,2.14334705075e-05
65,58,2,3,0.866359447005,0.000281127380611
65,60,2,3,0.110599078341,1.19635086181e-05
65,63,2,3,0.36866359447,0.000111826802648
65,64,2,2,0.0737327188941,4.30663221361e-05
65,65,2,2,0.0737327188941,4.30663221361e-05
65,68,2,3,0.221198156682,6.58241179568e-05
65,95,2,2,0.0737327188941,4.30663221361e-05
65,112,2,2,0.811059907834,0.000522317188984
65,113,2,2,0.036866359447,2.14334705075e-05
65,128,2,2,0.036866359447,2.14334705075e-05
65,133,2,2,0.036866359447,2.14334705075e-05
65,135,2,3,0.0737327188941,2.1533161068e-05
65,142,2,2,0.147465437788,8.69414014954e-05
65,158,2,2,0.0921658986175,5.39583872917e-05
65,171,2,2,2.1198156682,0.00180802184774
65,192,2,2,0.036866359447,2.14334705075e-05
65,233,2,3,2.63594470046,0.00115922290529
65,242,2,2,0.036866359447,2.14334705075e-05
65,244,2,3,0.129032258064,3.79477838494e-05
65,324,2,2,0.036866359447,2.14334705075e-05
65,374,2,3,1.8801843318,0.000711178045515
65,454,2,2,0.0921658986175,5.39583872917e-05
65,463,2,2,0.036866359447,2.14334705075e-05
65,489,2,2,0.129032258064,7.58955676988e-05
77,21,2,2,0.3133640553,0.00018873789857
77,22,2,3,0.239631336406,7.14788422627e-05
77,23,2,2,0.129032258064,7.58955676988e-05
77,29,2,2,0.036866359447,2.14334705075e-05
77,42,2,2,0.129032258064,7.58955676988e-05
77,53,2,2,0.036866359447,2.14334705075e-05
77,54,2,2,0.0737327188941,4.30663221361e-05
77,56,2,2,0.036866359447,2.14334705075e-05
77,58,2,3,0.866359447005,0.000281127380611
77,60,2,3,0.110599078341,1.19635086181e-05
77,63,2,3,0.36866359447,0.000111826802648
77,64,2,2,0.0737327188941,4.30663221361e-05
77,65,2,2,0.0737327188941,4.30663221361e-05
77,68,2,3,0.221198156682,6.58241179568e-05
77,95,2,2,0.0737327188941,4.30663221361e-05
77,112,2,2,0.811059907834,0.000522317188984
77,113,2,2,0.036866359447,2.14334705075e-05
77,128,2,2,0.036866359447,2.14334705075e-05
77,133,2,2,0.036866359447,2.14334705075e-05
77,135,2,3,0.0737327188941,2.1533161068e-05
77,142,2,2,0.147465437788,8.69414014954e-05
77,158,2,2,0.0921658986175,5.39583872917e-05
77,171,2,2,2.1198156682,0.00180802184774
77,192,2,2,0.036866359447,2.14334705075e-05
77,233,2,3,2.63594470046,0.00115922290529
77,242,2,2,0.036866359447,2.14334705075e-05
77,244,2,3,0.129032258064,3.79477838494e-05
77,324,2,2,0.036866359447,2.14334705075e-05
77,374,2,3,2.21198156682,0.00103093502302
77,454,2,2,0.0921658986175,5.39583872917e-05
77,463,2,2,0.036866359447,2.14334705075e-05
77,489,2,2,0.129032258064,7.58955676988e-05
104,21,2,2,2.97695852535,0.00186645864032
104,22,2,3,2.27649769585,0.000706865466617
104,23,2,2,1.22580645161,0.000750543156231
104,29,2,2,0.350230414747,0.000211958946899
104,42,2,2,1.22580645161,0.000750543156231
104,53,2,2,0.350230414747,0.000211958946899
104,54,2,2,0.700460829493,0.000425889604931
104,56,2,2,0.350230414747,0.000211958946899
104,58,2,3,8.23041474654,0.00278011269886
104,60,2,3,23.0506912442,0.00844749670326
104,63,2,3,3.50230414747,0.00110587276643
104,64,2,2,0.700460829493,0.000425889604931
104,65,2,2,0.700460829493,0.000425889604931
104,68,2,3,2.10138248848,0.000650945012277
104,95,2,2,0.700460829493,0.000425889604931
104,112,2,2,52.2949308756,0.237935740016
104,113,2,2,0.350230414747,0.000211958946899
104,128,2,2,0.350230414747,0.000211958946899
104,133,2,2,0.350230414747,0.000211958946899
104,135,2,3,0.700460829493,0.000212944802466
104,142,2,2,1.40092165899,0.000859777136716
104,158,2,2,0.875576036866,0.000533602943241
104,171,2,2,13.8617511521,0.00847141035326
104,192,2,2,0.350230414747,0.000211958946899
104,233,2,3,32.5069124424,0.0184862405566
104,242,2,2,0.350230414747,0.000211958946899
104,244,2,3,1.22580645161,0.000375271578116
104,324,2,2,0.350230414747,0.000211958946899
104,374,2,3,17.8617511521,0.00703295108143
104,454,2,2,11.1244239631,0.0861361677849
104,463,2,2,0.350230414747,0.000211958946899
104,489,2,2,1.22580645161,0.000750543156231
107,21,2,2,0.3133640553,0.00018873789857
107,22,2,3,0.239631336406,7.14788422627e-05
107,23,2,2,0.129032258064,7.58955676988e-05
107,29,2,2,0.036866359447,2.14334705075e-05
107,42,2,2,0.129032258064,7.58955676988e-05
107,53,2,2,0.036866359447,2.14334705075e-05
107,54,2,2,0.0737327188941,4.30663221361e-05
107,56,2,2,0.036866359447,2.14334705075e-05
107,58,2,3,0.866359447005,0.000281127380611
107,60,2,3,4.11059907834,0.00244646305073
107,63,2,3,0.36866359447,0.000111826802648
107,64,2,2,0.0737327188941,4.30663221361e-05
107,65,2,2,0.0737327188941,4.30663221361e-05
107,68,2,3,0.221198156682,6.58241179568e-05
107,95,2,2,0.0737327188941,4.30663221361e-05
107,112,2,2,0.811059907834,0.000522317188984
107,113,2,2,0.036866359447,2.14334705075e-05
107,128,2,2,0.036866359447,2.14334705075e-05
107,133,2,2,0.036866359447,2.14334705075e-05
107,135,2,3,0.0737327188941,2.1533161068e-05
107,142,2,2,0.147465437788,8.69414014954e-05
107,158,2,2,0.0921658986175,5.39583872917e-05
107,171,2,2,1.8801843318,0.00142235609103
107,192,2,2,0.036866359447,2.14334705075e-05
107,233,2,3,5.36405529954,0.00471056721057
107,242,2,2,0.036866359447,2.14334705075e-05
107,244,2,3,0.129032258064,3.79477838494e-05
107,324,2,2,0.036866359447,2.14334705075e-05
107,374,2,3,1.8801843318,0.000711178045515
107,454,2,2,0.0921658986175,5.39583872917e-05
107,463,2,2,0.036866359447,2.14334705075e-05
107,489,2,2,0.129032258064,7.58955676988e-05
109,21,3,2,1.2534562212,0.000382792357663
109,22,3,3,7.99078341014,0.0826335686327
109,23,3,2,0.516129032258,0.000153929038713
109,29,3,2,0.147465437788,4.34707007477e-05
109,42,3,2,15.4838709677,0.186935822586
109,53,3,2,0.147465437788,4.34707007477e-05
109,54,3,2,0.294930875576,8.7345780107e-05
109,56,3,2,0.147465437788,4.34707007477e-05
109,58,3,3,20.5806451613,0.0456412895981
109,60,3,3,15.7050691244,0.00452488687783
109,63,3,3,7.08755760369,0.0081162355396
109,64,3,2,7.77880184332,0.0806419914838
109,65,3,2,0.294930875576,8.7345780107e-05
109,68,3,3,0.884792626728,0.000133502436419
109,95,3,2,0.294930875576,8.7345780107e-05
109,112,3,2,3.24423963134,0.00105934753822
109,113,3,2,0.147465437788,4.34707007477e-05
109,128,3,2,0.147465437788,4.34707007477e-05
109,133,3,2,0.147465437788,4.34707007477e-05
109,135,3,3,0.294930875576,4.36728900535e-05
109,142,3,2,0.589861751152,0.000176331856554
109,158,3,2,0.36866359447,0.000109436729155
109,171,3,2,7.52073732719,0.00288477855082
109,192,3,2,0.147465437788,4.34707007477e-05
109,233,3,3,12.8940092166,0.0050780275712
109,242,3,2,7.88940092166,0.16512345679
109,244,3,3,0.516129032258,7.69645193566e-05
109,324,3,2,7.96313364055,0.5
109,374,3,3,16.5253456221,0.0365867127578
109,454,3,2,0.36866359447,0.000109436729155
109,463,3,2,0.147465437788,4.34707007477e-05
109,489,3,2,0.516129032258,0.000153929038713
115,21,2,2,25.6129032258,0.0235268741123
115,22,2,3,15.1612903226,0.00918626045874
115,23,2,2,0.193548387097,3.18628622409e-06
115,29,2,2,4.51612903226,0.00600137174211
115,42,2,2,0.193548387097,3.18628622409e-06
115,53,2,2,3.48387096774,0.00357142857143
115,54,2,2,6.96774193548,0.00717607973422
115,56,2,2,4.51612903226,0.00600137174211
115,58,2,3,73.1612903226,0.047691508415
115,60,2,3,7.03225806452,0.00186050358897
115,63,2,3,17.1612903226,0.00452597571503
115,64,2,2,1.03225806452,0.000157499692383
115,65,2,2,6.96774193548,0.00717607973422
115,68,2,3,17.4193548387,0.0119898406967
115,95,2,2,2.96774193548,0.00130183339486
115,112,2,2,95.3548387097,0.134709981377
115,113,2,2,4.51612903226,0.00600137174211
115,128,2,2,4.51612903226,0.00600137174211
115,133,2,2,4.51612903226,0.00600137174211
115,135,2,3,3.48387096774,0.00182249644044
115,142,2,2,14.064516129,0.0147564398738
115,158,2,2,11.2903225806,0.0151083484417
115,171,2,2,177.677419355,0.237005163511
115,192,2,2,0.516129032258,7.83852635704e-05
115,233,2,3,274.903225806,0.251177383482
115,242,2,2,4.51612903226,0.00600137174211
115,244,2,3,8.70967741935,0.00452877481984
115,324,2,2,3.48387096774,0.00357142857143
115,374,2,3,164.967741935,0.107221859362
115,454,2,2,11.2903225806,0.0151083484417
115,463,2,2,4.51612903226,0.00600137174211
115,489,2,2,0.193548387097,3.18628622409e-06
199,21,2,2,0.3133640553,0.00018873789857
199,22,2,3,0.239631336406,7.14788422627e-05
199,23,2,2,0.129032258064,7.58955676988e-05
199,29,2,2,0.036866359447,2.14334705075e-05
199,42,2,2,0.129032258064,7.58955676988e-05
199,53,2,2,0.036866359447,2.14334705075e-05
199,54,2,2,0.0737327188941,4.30663221361e-05
199,56,2,2,0.036866359447,2.14334705075e-05
199,58,2,3,0.866359447005,0.000281127380611
199,60,2,3,0.110599078341,1.19635086181e-05
199,63,2,3,0.36866359447,0.000111826802648
199,64,2,2,0.0737327188941,4.30663221361e-05
199,65,2,2,0.0737327188941,4.30663221361e-05
199,68,2,3,0.221198156682,6.58241179568e-05
199,95,2,2,0.0737327188941,4.30663221361e-05
199,112,2,2,0.811059907834,0.000522317188984
199,113,2,2,0.036866359447,2.14334705075e-05
199,128,2,2,0.036866359447,2.14334705075e-05
199,133,2,2,0.036866359447,2.14334705075e-05
199,135,2,3,0.0737327188941,2.1533161068e-05
199,142,2,2,0.147465437788,8.69414014954e-05
199,158,2,2,0.0921658986175,5.39583872917e-05
199,171,2,2,2.1198156682,0.00180802184774
199,192,2,2,0.036866359447,2.14334705075e-05
199,233,2,3,2.63594470046,0.00115922290529
199,242,2,2,0.036866359447,2.14334705075e-05
199,244,2,3,0.129032258064,3.79477838494e-05
199,324,2,2,0.036866359447,2.14334705075e-05
199,374,2,3,2.21198156682,0.00103093502302
199,454,2,2,0.0921658986175,5.39583872917e-05
199,463,2,2,0.036866359447,2.14334705075e-05
199,489,2,2,0.129032258064,7.58955676988e-05
261,21,2,2,3.6866359447,0.0261228925356
261,22,2,3,3.79723502304,0.0211142501819
261,23,2,2,0.129032258064,7.58955676988e-05
261,29,2,2,0.036866359447,2.14334705075e-05
261,42,2,2,0.129032258064,7.58955676988e-05
261,53,2,2,0.036866359447,2.14334705075e-05
261,54,2,2,0.0737327188941,4.30663221361e-05
261,56,2,2,0.036866359447,2.14334705075e-05
261,58,2,3,0.866359447005,0.000281127380611
261,60,2,3,3.92626728111,0.00223102061337
261,63,2,3,0.36866359447,0.000111826802648
261,64,2,2,0.0737327188941,4.30663221361e-05
261,65,2,2,0.0737327188941,4.30663221361e-05
261,68,2,3,3.81566820276,0.0233960856591
261,95,2,2,0.0737327188941,4.30663221361e-05
261,112,2,2,0.811059907834,0.000522317188984
261,113,2,2,0.036866359447,2.14334705075e-05
261,128,2,2,0.036866359447,2.14334705075e-05
261,133,2,2,0.036866359447,2.14334705075e-05
261,135,2,3,0.0737327188941,2.1533161068e-05
261,142,2,2,0.147465437788,8.69414014954e-05
261,158,2,2,0.0921658986175,5.39583872917e-05
261,171,2,2,1.8801843318,0.00142235609103
261,192,2,2,0.036866359447,2.14334705075e-05
261,233,2,3,5.52995391705,0.0051824212272
261,242,2,2,0.036866359447,2.14334705075e-05
261,244,2,3,0.129032258064,3.79477838494e-05
261,324,2,2,0.036866359447,2.14334705075e-05
261,374,2,3,1.8801843318,0.000711178045515
261,454,2,2,0.0921658986175,5.39583872917e-05
261,463,2,2,0.036866359447,2.14334705075e-05
261,489,2,2,0.129032258064,7.58955676988e-05
272,21,2,2,0.3133640553,0.00018873789857
272,22,2,3,0.239631336406,7.14788422627e-05
272,23,2,2,0.129032258064,7.58955676988e-05
272,29,2,2,0.036866359447,2.14334705075e-05
272,42,2,2,0.129032258064,7.58955676988e-05
272,53,2,2,0.036866359447,2.14334705075e-05
272,54,2,2,0.0737327188941,4.30663221361e-05
272,56,2,2,0.036866359447,2.14334705075e-05
272,58,2,3,0.866359447005,0.000281127380611
272,60,2,3,0.110599078341,1.19635086181e-05
272,63,2,3,0.36866359447,0.000111826802648
272,64,2,2,0.0737327188941,4.30663221361e-05
272,65,2,2,0.0737327188941,4.30663221361e-05
272,68,2,3,0.221198156682,6.58241179568e-05
272,95,2,2,0.0737327188941,4.30663221361e-05
272,112,2,2,0.811059907834,0.000522317188984
272,113,2,2,0.036866359447,2.14334705075e-05
272,128,2,2,0.036866359447,2.14334705075e-05
272,133,2,2,0.036866359447,2.14334705075e-05
272,135,2,3,0.0737327188941,2.1533161068e-05
272,142,2,2,0.147465437788,8.69414014954e-05
272,158,2,2,0.0921658986175,5.39583872917e-05
272,171,2,2,1.8801843318,0.00142235609103
272,192,2,2,0.036866359447,2.14334705075e-05
272,233,2,3,2.89400921659,0.00131583970203
272,242,2,2,0.036866359447,2.14334705075e-05
272,244,2,3,3.96313364055,0.123852079539
272,324,2,2,0.036866359447,2.14334705075e-05
272,374,2,3,1.8801843318,0.000711178045515
272,454,2,2,0.0921658986175,5.39583872917e-05
272,463,2,2,0.036866359447,2.14334705075e-05
272,489,2,2,0.129032258064,7.58955676988e-05
301,21,2,2,25.9262672811,0.0240499870651
301,22,2,3,15.3640552995,0.0092844350533
301,23,2,2,0.322580645161,8.83019984862e-06
301,29,2,2,4.47926267281,0.00589005235602
301,42,2,2,0.322580645161,8.83019984862e-06
301,53,2,2,3.52073732719,0.00363892699284
301,54,2,2,7.04147465438,0.00731170446933
301,56,2,2,4.47926267281,0.00589005235602
301,58,2,3,73.935483871,0.0483332406368
301,60,2,3,3.52073732719,0.00182308994599
301,63,2,3,16.7926267281,0.00432371867278
301,64,2,2,0.958525345622,0.000135487300821
301,65,2,2,7.04147465438,0.00731170446933
301,68,2,3,17.6036866359,0.0121061236418
301,95,2,2,3.04147465438,0.00136414266452
301,112,2,2,94.5437788018,0.132119969603
301,113,2,2,4.47926267281,0.00589005235602
301,128,2,2,4.47926267281,0.00589005235602
301,133,2,2,4.47926267281,0.00589005235602
301,135,2,3,3.52073732719,0.00185092488622
301,142,2,2,13.9170506912,0.0144150006944
301,158,2,2,11.198156682,0.0148281038333
301,171,2,2,179.557603687,0.241484456344
301,192,2,2,0.479262672811,6.74300223995e-05
301,233,2,3,272.267281106,0.248361490599
301,242,2,2,4.47926267281,0.00589005235602
301,244,2,3,8.80184331797,0.00460865790499
301,324,2,2,3.52073732719,0.00363892699284
301,374,2,3,166.755760369,0.109206103819
301,454,2,2,11.198156682,0.0148281038333
301,463,2,2,4.47926267281,0.00589005235602
301,489,2,2,0.322580645161,8.83019984862e-06
346,21,2,2,0.940092165899,0.000571505412492
346,22,2,3,0.718894009217,0.000216440606478
346,23,2,2,0.387096774194,0.00022981461621
346,29,2,2,0.110599078341,6.49013499481e-05
346,42,2,2,0.387096774194,0.00022981461621
346,53,2,2,0.110599078341,6.49013499481e-05
346,54,2,2,0.221198156682,0.000130406433384
346,56,2,2,0.110599078341,6.49013499481e-05
346,58,2,3,2.59907834101,0.000851264217924
346,60,2,3,7.77880184332,0.00295013525357
346,63,2,3,1.10599078341,0.00033861573886
346,64,2,2,0.221198156682,0.000130406433384
346,65,2,2,0.221198156682,0.000130406433384
346,68,2,3,0.663594470046,0.000199317889888
346,95,2,2,0.221198156682,0.000130406433384
346,112,2,2,1.5668202765,0.000655821333391
346,113,2,2,0.110599078341,6.49013499481e-05
346,128,2,2,0.110599078341,6.49013499481e-05
346,133,2,2,0.110599078341,6.49013499481e-05
346,135,2,3,0.221198156682,6.5203216692e-05
346,142,2,2,0.442396313364,0.000263261813874
346,158,2,2,0.276497695853,0.000163388013855
346,171,2,2,5.64055299539,0.00430694741583
346,192,2,2,0.110599078341,6.49013499481e-05
346,233,2,3,12.0921658986,0.00830188027343
346,242,2,2,0.110599078341,6.49013499481e-05
346,244,2,3,0.387096774194,0.000114907308105
346,324,2,2,0.110599078341,6.49013499481e-05
346,374,2,3,5.64055299539,0.00215347370792
346,454,2,2,0.276497695853,0.000163388013855
346,463,2,2,0.110599078341,6.49013499481e-05
346,489,2,2,0.387096774194,0.00022981461621
353,21,2,2,0.470046082949,0.000283763708291
353,22,2,3,0.359447004608,0.000107467029666
353,23,2,2,0.193548387097,0.000114107489255
353,29,2,2,0.0552995391705,3.22248002062e-05
353,42,2,2,0.193548387097,0.000114107489255
353,53,2,2,0.0552995391705,3.22248002062e-05
353,54,2,2,0.110599078341,6.47493659958e-05
353,56,2,2,0.0552995391705,3.22248002062e-05
353,58,2,3,1.29953917051,0.000422669472473
353,60,2,3,2.16589861751,0.000460668622056
353,63,2,3,3.52995391705,0.00801339848402
353,64,2,2,0.110599078341,6.47493659958e-05
353,65,2,2,0.110599078341,6.47493659958e-05
353,68,2,3,0.331797235023,9.89652631926e-05
353,95,2,2,0.110599078341,6.47493659958e-05
353,112,2,2,2.78341013825,0.0041105324168
353,113,2,2,0.0552995391705,3.22248002062e-05
353,128,2,2,0.0552995391705,3.22248002062e-05
353,133,2,2,0.0552995391705,3.22248002062e-05
353,135,2,3,0.110599078341,3.23746829979e-05
353,142,2,2,0.221198156682,0.000130714682527
353,158,2,2,0.138248847926,8.11253711486e-05
353,171,2,2,1.1797235023,0.000374182230035
353,192,2,2,0.0552995391705,3.22248002062e-05
353,233,2,3,3.95391705069,0.00204800108697
353,242,2,2,0.0552995391705,3.22248002062e-05
353,244,2,3,0.193548387097,5.70537446274e-05
353,324,2,2,0.0552995391705,3.22248002062e-05
353,374,2,3,2.8202764977,0.00106924216588
353,454,2,2,0.138248847926,8.11253711486e-05
353,463,2,2,0.0552995391705,3.22248002062e-05
353,489,2,2,3.8064516129,0.0441342411218
382,21,2,2,24.0368663594,0.0204490056217
382,22,2,3,19.5576036866,0.00902626633258
382,23,2,2,1.16129032258,0.000113202800721
382,29,2,2,4.23963133641,0.00521968046478
382,42,2,2,1.16129032258,0.000113202800721
382,53,2,2,4.23963133641,0.00521968046478
382,54,2,2,7.52073732719,0.00825075834176
382,56,2,2,4.23963133641,0.00521968046478
382,58,2,3,78.9677419355,0.0529030666305
382,60,2,3,72.4792626728,0.0153838475343
382,63,2,3,18.3963133641,0.0051456022319
382,64,2,2,0.479262672811,3.350581891e-05
382,65,2,2,8.47926267281,0.0104879160967
382,68,2,3,17.4377880184,0.00784119788447
382,95,2,2,3.52073732719,0.00180817423026
382,112,2,2,53.2718894009,0.041493530624
382,113,2,2,4.23963133641,0.00521968046478
382,128,2,2,4.23963133641,0.00521968046478
382,133,2,2,4.23963133641,0.00521968046478
382,135,2,3,3.76036866359,0.00206031047404
382,142,2,2,16.9585253456,0.0211727883642
382,158,2,2,10.599078341,0.0131404543169
382,171,2,2,159.778801843,0.189147906001
382,192,2,2,0.239631336405,1.6675349689e-05
382,233,2,3,247.133640553,0.184140596896
382,242,2,2,4.23963133641,0.00521968046478
382,244,2,3,14.8387096774,0.00924140147862
382,324,2,2,3.76036866359,0.00410628019324
382,374,2,3,166.377880184,0.107234587095
382,454,2,2,10.599078341,0.0131404543169
382,463,2,2,4.23963133641,0.00521968046478
382,489,2,2,1.16129032258,0.000113202800721
383,21,2,2,17.9262672811,0.0114977958737
383,22,2,3,15.3640552995,0.0092844350533
383,23,2,2,0.322580645161,8.83019984862e-06
383,29,2,2,4.47926267281,0.00589005235602
383,42,2,2,0.322580645161,8.83019984862e-06
383,53,2,2,3.52073732719,0.00363892699284
383,54,2,2,7.04147465438,0.00731170446933
383,56,2,2,4.47926267281,0.00589005235602
383,58,2,3,73.935483871,0.0483332406368
383,60,2,3,10.9585253456,0.00204647831152
383,63,2,3,16.7926267281,0.00432371867278
383,64,2,2,0.958525345622,0.000135487300821
383,65,2,2,0.958525345622,0.000135487300821
383,68,2,3,17.6036866359,0.0121061236418
383,95,2,2,3.04147465438,0.00136414266452
383,112,2,2,94.5437788018,0.132119969603
383,113,2,2,4.47926267281,0.00589005235602
383,128,2,2,4.47926267281,0.00589005235602
383,133,2,2,4.47926267281,0.00589005235602
383,135,2,3,3.52073732719,0.00185092488622
383,142,2,2,13.9170506912,0.0144150006944
383,158,2,2,11.198156682,0.0148281038333
383,171,2,2,179.557603687,0.241484456344
383,192,2,2,0.479262672811,6.74300223995e-05
383,233,2,3,272.267281106,0.243801194957
383,242,2,2,4.47926267281,0.00589005235602
383,244,2,3,0.801843317972,7.12067315792e-05
383,324,2,2,3.52073732719,0.00363892699284
383,374,2,3,166.755760369,0.109206103819
383,454,2,2,11.198156682,0.0148281038333
383,463,2,2,4.47926267281,0.00589005235602
383,489,2,2,0.322580645161,8.83019984862e-06
393,21,2,2,0.3133640553,0.00018873789857
393,22,2,3,0.239631336406,7.14788422627e-05
393,23,2,2,0.129032258064,7.58955676988e-05
393,29,2,2,0.036866359447,2.14334705075e-05
393,42,2,2,0.129032258064,7.58955676988e-05
393,53,2,2,0.036866359447,2.14334705075e-05
393,54,2,2,0.0737327188941,4.30663221361e-05
393,56,2,2,0.036866359447,2.14334705075e-05
393,58,2,3,0.866359447005,0.000281127380611
393,60,2,3,4.11059907834,0.00244646305073
393,63,2,3,0.36866359447,0.000111826802648
393,64,2,2,0.0737327188941,4.30663221361e-05
393,65,2,2,0.0737327188941,4.30663221361e-05
393,68,2,3,0.221198156682,6.58241179568e-05
393,95,2,2,0.0737327188941,4.30663221361e-05
393,112,2,2,0.811059907834,0.000522317188984
393,113,2,2,0.036866359447,2.14334705075e-05
393,128,2,2,0.036866359447,2.14334705075e-05
393,133,2,2,0.036866359447,2.14334705075e-05
393,135,2,3,0.0737327188941,2.1533161068e-05
393,142,2,2,0.147465437788,8.69414014954e-05
393,158,2,2,0.0921658986175,5.39583872917e-05
393,171,2,2,1.8801843318,0.00142235609103
393,192,2,2,0.036866359447,2.14334705075e-05
393,233,2,3,5.10599078341,0.00408410002359
393,242,2,2,0.036866359447,2.14334705075e-05
393,244,2,3,0.129032258064,3.79477838494e-05
393,324,2,2,0.036866359447,2.14334705075e-05
393,374,2,3,1.8801843318,0.000711178045515
393,454,2,2,0.0921658986175,5.39583872917e-05
393,463,2,2,0.036866359447,2.14334705075e-05
393,489,2,2,0.129032258064,7.58955676988e-05
397,21,2,2,21.7695852535,0.0169758442852
397,22,2,3,15.2626728111,0.00923487268994
397,23,2,2,0.258064516129,5.6577886533e-06
397,29,2,2,4.49769585253,0.00594541910331
397,42,2,2,0.258064516129,5.6577886533e-06
397,53,2,2,3.50230414747,0.0036050394657
397,54,2,2,7.00460829493,0.00724361418223
397,56,2,2,4.49769585253,0.00594541910331
397,58,2,3,73.5483870968,0.048010402802
397,60,2,3,8.99539170507,0.00194316237764
397,63,2,3,16.9769585253,0.00442411293211
397,64,2,2,0.995391705069,0.000146276862572
397,65,2,2,3.00460829493,0.00133279491141
397,68,2,3,17.5115207373,0.0120474833264
397,95,2,2,3.00460829493,0.00133279491141
397,112,2,2,94.9493087558,0.133408155692
397,113,2,2,4.49769585253,0.00594541910331
397,128,2,2,4.49769585253,0.00594541910331
397,133,2,2,4.49769585253,0.00594541910331
397,135,2,3,3.50230414747,0.00183658727451
397,142,2,2,13.9907834101,0.0145848017353
397,158,2,2,11.2442396313,0.0149674886517
397,171,2,2,178.617511521,0.239235631049
397,192,2,2,0.497695852535,7.27998274374e-05
397,233,2,3,273.585253456,0.247455509035
397,242,2,2,4.49769585253,0.00594541910331
397,244,2,3,4.75576036866,0.00137197838725
397,324,2,2,3.50230414747,0.0036050394657
397,374,2,3,165.861751152,0.108209489488
397,454,2,2,11.2442396313,0.0149674886517
397,463,2,2,4.49769585253,0.00594541910331
397,489,2,2,0.258064516129,5.6577886533e-06
442,21,2,2,15.0414746544,0.0115789025584
442,22,2,3,11.5023041475,0.00438516353006
442,23,2,2,5.8064516129,0.00409229799205
442,29,2,2,6.23041474654,0.016300154321
442,42,2,2,2.1935483871,0.000584036602322
442,53,2,2,1.76958525346,0.00131492439185
442,54,2,2,3.53917050691,0.0026420806385
442,56,2,2,6.23041474654,0.016300154321
442,58,2,3,37.5852534562,0.0141055344683
442,60,2,3,181.30875576,0.126737945997
442,63,2,3,15.0414746544,0.00600433007937
442,64,2,2,3.53917050691,0.0026420806385
442,65,2,2,3.53917050691,0.0026420806385
442,68,2,3,8.84792626728,0.00435520018322
442,95,2,2,3.53917050691,0.0026420806385
442,112,2,2,133.069124424,0.374376739919
442,113,2,2,2.23041474654,0.00208895486339
442,128,2,2,6.23041474654,0.016300154321
442,133,2,2,1.76958525346,0.00131492439185
442,135,2,3,3.53917050691,0.00132104031925
442,142,2,2,20.9216589862,0.0465976693081
442,158,2,2,4.42396313364,0.00331029916829
442,171,2,2,82.2488479263,0.0724757860774
442,192,2,2,2.23041474654,0.00208895486339
442,233,2,3,110.562211982,0.0554522782797
442,242,2,2,1.76958525346,0.00131492439185
442,244,2,3,4.42396313364,0.00268045518479
442,324,2,2,1.76958525346,0.00131492439185
442,374,2,3,77.8248847926,0.0341081491831
442,454,2,2,4.42396313364,0.00331029916829
442,463,2,2,2.23041474654,0.00208895486339
442,489,2,2,5.8064516129,0.00409229799205
468,21,2,2,25.6129032258,0.0235268741123
468,22,2,3,15.1612903226,0.00918626045874
468,23,2,2,0.193548387097,3.18628622409e-06
468,29,2,2,4.51612903226,0.00600137174211
468,42,2,2,0.193548387097,3.18628622409e-06
468,53,2,2,3.48387096774,0.00357142857143
468,54,2,2,6.96774193548,0.00717607973422
468,56,2,2,4.51612903226,0.00600137174211
468,58,2,3,73.1612903226,0.047691508415
468,60,2,3,3.48387096774,0.00178995404213
468,63,2,3,17.1612903226,0.00654752507552
468,64,2,2,1.03225806452,0.000157499692383
468,65,2,2,6.96774193548,0.00717607973422
468,68,2,3,17.4193548387,0.0119898406967
468,95,2,2,2.96774193548,0.00130183339486
468,112,2,2,95.3548387097,0.134709981377
468,113,2,2,4.51612903226,0.00600137174211
468,128,2,2,4.51612903226,0.00600137174211
468,133,2,2,4.51612903226,0.00600137174211
468,135,2,3,3.48387096774,0.00182249644044
468,142,2,2,14.064516129,0.0147564398738
468,158,2,2,11.2903225806,0.0151083484417
468,171,2,2,177.677419355,0.237005163511
468,192,2,2,0.516129032258,7.83852635704e-05
468,233,2,3,270.903225806,0.245579099449
468,242,2,2,4.51612903226,0.00600137174211
468,244,2,3,8.70967741935,0.00452877481984
468,324,2,2,3.48387096774,0.00357142857143
468,374,2,3,164.967741935,0.107221859362
468,454,2,2,11.2903225806,0.0151083484417
468,463,2,2,4.51612903226,0.00600137174211
468,489,2,2,0.193548387097,3.18628622409e-06
483,21,2,2,25.8433179724,0.0235537899356
483,22,2,3,25.8801843318,0.0152977837826
483,23,2,2,2.06451612903,0.000356500281301
483,29,2,2,3.98156682028,0.0045871559633
483,42,2,2,2.06451612903,0.000356500281301
483,53,2,2,3.98156682028,0.0045871559633
483,54,2,2,8.03686635945,0.00938845822567
483,56,2,2,3.98156682028,0.0045871559633
483,58,2,3,84.3870967742,0.0586660107942
483,60,2,3,59.9631336406,0.0112838525349
483,63,2,3,15.8156682028,0.0037943504013
483,64,2,2,0.036866359447,1.97551936404e-07
483,65,2,2,3.96313364055,0.00228295956507
483,68,2,3,23.8894009217,0.0140875690247
483,95,2,2,4.03686635945,0.00236869710547
483,112,2,2,83.5944700461,0.101809204925
483,113,2,2,3.98156682028,0.0045871559633
483,128,2,2,3.98156682028,0.0045871559633
483,133,2,2,3.98156682028,0.0045871559633
483,135,2,3,4.03686635945,0.00233644675185
483,142,2,2,15.9262672811,0.0186070551751
483,158,2,2,9.95391705069,0.0115480849426
483,171,2,2,164.940092166,0.200846117977
483,192,2,2,0.0184331797235,9.8318672053e-08
483,233,2,3,236.68202765,0.168873050073
483,242,2,2,3.98156682028,0.0045871559633
483,244,2,3,9.93548387097,0.00439163784028
483,324,2,2,4.01843317972,0.00467249657064
483,374,2,3,170.894009217,0.112362215131
483,454,2,2,9.95391705069,0.0115480849426
483,463,2,2,3.98156682028,0.0045871559633
483,489,2,2,1.93548387097,0.000313330325362
506,21,2,2,0.3133640553,0.00018873789857
506,22,2,3,0.239631336406,7.14788422627e-05
506,23,2,2,0.129032258064,7.58955676988e-05
506,29,2,2,0.036866359447,2.14334705075e-05
506,42,2,2,0.129032258064,7.58955676988e-05
506,53,2,2,0.036866359447,2.14334705075e-05
506,54,2,2,0.0737327188941,4.30663221361e-05
506,56,2,2,0.036866359447,2.14334705075e-05
506,58,2,3,3.22580645161,0.00431410900565
506,60,2,3,3.92626728111,0.00223102061337
506,63,2,3,0.36866359447,0.000111826802648
506,64,2,2,0.0737327188941,4.30663221361e-05
506,65,2,2,0.0737327188941,4.30663221361e-05
506,68,2,3,0.221198156682,6.58241179568e-05
506,95,2,2,0.0737327188941,4.30663221361e-05
506,112,2,2,0.811059907834,0.000522317188984
506,113,2,2,0.036866359447,2.14334705075e-05
506,128,2,2,0.036866359447,2.14334705075e-05
506,133,2,2,0.036866359447,2.14334705075e-05
506,135,2,3,0.0737327188941,2.1533161068e-05
506,142,2,2,0.147465437788,8.69414014954e-05
506,158,2,2,0.0921658986175,5.39583872917e-05
506,171,2,2,2.1198156682,0.00180802184774
506,192,2,2,0.036866359447,2.14334705075e-05
506,233,2,3,2.89400921659,0.00131583970203
506,242,2,2,0.036866359447,2.14334705075e-05
506,244,2,3,0.129032258064,3.79477838494e-05
506,324,2,2,0.036866359447,2.14334705075e-05
506,374,2,3,2.21198156682,0.00103093502302
506,454,2,2,0.0921658986175,5.39583872917e-05
506,463,2,2,0.036866359447,2.14334705075e-05
506,489,2,2,0.129032258064,7.58955676988e-05
555,21,3,2,6.89400921659,0.00229969870258
555,22,3,3,5.27188940092,0.000870942201108
555,23,3,2,1.74193548387,0.000579046246494
555,29,3,2,7.35483870968,0.0263888888889
555,42,3,2,2.83870967742,0.000924758301807
555,53,3,2,0.811059907834,0.000261158594492
555,54,3,2,1.62211981567,0.000524746571258
555,56,3,2,0.811059907834,0.000261158594492
555,58,3,3,19.0599078341,0.00342542900682
555,60,3,3,86.4331797235,0.0274354740354
555,63,3,3,8.11059907834,0.00136256657996
555,64,3,2,1.62211981567,0.000524746571258
555,65,3,2,1.62211981567,0.000524746571258
555,68,3,3,4.866359447,0.000802041560335
555,95,3,2,1.62211981567,0.000524746571258
555,112,3,2,17.8433179724,0.00636423405654
555,113,3,2,0.811059907834,0.000261158594492
555,128,3,2,0.811059907834,0.000261158594492
555,133,3,2,0.811059907834,0.000261158594492
555,135,3,3,1.62211981567,0.000262373285629
555,142,3,2,21.4193548387,0.0567563500662
555,158,3,2,2.02764976959,0.000657462195924
555,171,3,2,37.3640552995,0.0147074219452
555,192,3,2,3.35483870968,0.00550510446344
555,233,3,3,97.4285714286,0.0502718023261
555,242,3,2,0.811059907834,0.000261158594492
555,244,3,3,2.83870967742,0.000462379150904
555,324,3,2,0.811059907834,0.000261158594492
555,374,3,3,39.5437788018,0.00856971843418
555,454,3,2,2.02764976959,0.000657462195924
555,463,3,2,0.811059907834,0.000261158594492
555,489,3,2,2.83870967742,0.000924758301807
559,21,2,2,0.3133640553,0.00018873789857
559,22,2,3,0.239631336406,7.14788422627e-05
559,23,2,2,0.129032258064,7.58955676988e-05
559,29,2,2,0.036866359447,2.14334705075e-05
559,42,2,2,0.129032258064,7.58955676988e-05
559,53,2,2,0.036866359447,2.14334705075e-05
559,54,2,2,0.0737327188941,4.30663221361e-05
559,56,2,2,0.036866359447,2.14334705075e-05
559,58,2,3,0.866359447005,0.000281127380611
559,60,2,3,3.92626728111,0.00223102061337
559,63,2,3,0.36866359447,0.000111826802648
559,64,2,2,0.0737327188941,4.30663221361e-05
559,65,2,2,0.0737327188941,4.30663221361e-05
559,68,2,3,0.221198156682,6.58241179568e-05
559,95,2,2,0.0737327188941,4.30663221361e-05
559,112,2,2,0.811059907834,0.000522317188984
559,113,2,2,0.036866359447,2.14334705075e-05
559,128,2,2,0.036866359447,2.14334705075e-05
559,133,2,2,0.036866359447,2.14334705075e-05
559,135,2,3,0.0737327188941,2.1533161068e-05
559,142,2,2,0.147465437788,8.69414014954e-05
559,158,2,2,3.90783410138,0.0970042303376
559,171,2,2,2.1198156682,0.00180802184774
559,192,2,2,0.036866359447,2.14334705075e-05
559,233,2,3,2.89400921659,0.00131583970203
559,242,2,2,0.036866359447,2.14334705075e-05
559,244,2,3,0.129032258064,3.79477838494e-05
559,324,2,2,0.036866359447,2.14334705075e-05
559,374,2,3,2.21198156682,0.00103093502302
559,454,2,2,0.0921658986175,5.39583872917e-05
559,463,2,2,0.036866359447,2.14334705075e-05
559,489,2,2,0.129032258064,7.58955676988e-05
611,21,2,2,0.626728110599,0.000379231498522
611,22,2,3,0.479262672811,0.000143622603988
611,23,2,2,0.258064516129,0.000152497140679
611,29,2,2,0.0737327188941,4.30663221361e-05
611,42,2,2,0.258064516129,0.000152497140679
611,53,2,2,0.0737327188941,4.30663221361e-05
611,54,2,2,0.147465437788,8.65332612223e-05
611,56,2,2,0.0737327188941,4.30663221361e-05
611,58,2,3,1.73271889401,0.000564869899645
611,60,2,3,8.22119815668,0.00491568389728
611,63,2,3,0.73732718894,0.000224693854623
611,64,2,2,0.147465437788,8.65332612223e-05
611,65,2,2,0.147465437788,8.65332612223e-05
611,68,2,3,0.442396313364,0.00013226055329
611,95,2,2,0.147465437788,8.65332612223e-05
611,112,2,2,1.62211981567,0.00104949314252
611,113,2,2,0.0737327188941,4.30663221361e-05
611,128,2,2,0.0737327188941,4.30663221361e-05
611,133,2,2,0.0737327188941,4.30663221361e-05
611,135,2,3,0.147465437788,4.32666306111e-05
611,142,2,2,0.294930875576,0.000174691560214
611,158,2,2,0.184331797235,0.00010841871307
611,171,2,2,3.76036866359,0.00285794340151
611,192,2,2,0.0737327188941,4.30663221361e-05
611,233,2,3,10.7281105991,0.009464953651
611,242,2,2,0.0737327188941,4.30663221361e-05
611,244,2,3,0.258064516129,7.62485703393e-05
611,324,2,2,0.0737327188941,4.30663221361e-05
611,374,2,3,3.76036866359,0.00142897170076
611,454,2,2,0.184331797235,0.00010841871307
611,463,2,2,0.0737327188941,4.30663221361e-05
611,489,2,2,0.258064516129,0.000152497140679
627,21,2,2,0.626728110599,0.000379231498522
627,22,2,3,0.479262672811,0.000143622603988
627,23,2,2,0.258064516129,0.000152497140679
627,29,2,2,0.0737327188941,4.30663221361e-05
627,42,2,2,0.258064516129,0.000152497140679
627,53,2,2,0.0737327188941,4.30663221361e-05
627,54,2,2,0.147465437788,8.65332612223e-05
627,56,2,2,0.0737327188941,4.30663221361e-05
627,58,2,3,1.73271889401,0.000564869899645
627,60,2,3,3.85253456221,0.00108461633218
627,63,2,3,11.3732718894,0.0624456439131
627,64,2,2,0.147465437788,8.65332612223e-05
627,65,2,2,0.147465437788,8.65332612223e-05
627,68,2,3,0.442396313364,0.00013226055329
627,95,2,2,0.147465437788,8.65332612223e-05
627,112,2,2,1.62211981567,0.00104949314252
627,113,2,2,0.0737327188941,4.30663221361e-05
627,128,2,2,0.0737327188941,4.30663221361e-05
627,133,2,2,0.0737327188941,4.30663221361e-05
627,135,2,3,0.147465437788,4.32666306111e-05
627,142,2,2,0.294930875576,0.000174691560214
627,158,2,2,0.184331797235,0.00010841871307
627,171,2,2,3.76036866359,0.00285794340151
627,192,2,2,0.0737327188941,4.30663221361e-05
627,233,2,3,6.72811059908,0.00409273736188
627,242,2,2,0.0737327188941,4.30663221361e-05
627,244,2,3,0.258064516129,7.62485703393e-05
627,324,2,2,0.0737327188941,4.30663221361e-05
627,374,2,3,3.76036866359,0.00142897170076
627,454,2,2,0.184331797235,0.00010841871307
627,463,2,2,3.92626728111,0.122117248062
627,489,2,2,0.258064516129,0.000152497140679
639,21,2,2,25.6129032258,0.0235268741123
639,22,2,3,15.1612903226,0.00918626045874
639,23,2,2,0.193548387097,3.18628622409e-06
639,29,2,2,4.51612903226,0.00600137174211
639,42,2,2,0.193548387097,3.18628622409e-06
639,53,2,2,3.48387096774,0.00357142857143
639,54,2,2,6.96774193548,0.00717607973422
639,56,2,2,4.51612903226,0.00600137174211
639,58,2,3,73.1612903226,0.047691508415
639,60,2,3,7.03225806452,0.00186050358897
639,63,2,3,17.1612903226,0.00452597571503
639,64,2,2,1.03225806452,0.000157499692383
639,65,2,2,6.96774193548,0.00717607973422
639,68,2,3,17.4193548387,0.0119898406967
639,95,2,2,2.96774193548,0.00130183339486
639,112,2,2,95.3548387097,0.134709981377
639,113,2,2,4.51612903226,0.00600137174211
639,128,2,2,4.51612903226,0.00600137174211
639,133,2,2,4.51612903226,0.00600137174211
639,135,2,3,3.48387096774,0.00182249644044
639,142,2,2,14.064516129,0.0147564398738
639,158,2,2,11.2903225806,0.0151083484417
639,171,2,2,177.677419355,0.237005163511
639,192,2,2,0.516129032258,7.83852635704e-05
639,233,2,3,274.903225806,0.251177383482
639,242,2,2,4.51612903226,0.00600137174211
639,244,2,3,8.70967741935,0.00452877481984
639,324,2,2,3.48387096774,0.00357142857143
639,374,2,3,164.967741935,0.107221859362
639,454,2,2,11.2903225806,0.0151083484417
639,463,2,2,4.51612903226,0.00600137174211
639,489,2,2,0.193548387097,3.18628622409e-06
640,21,2,2,0.626728110599,0.000379231498522
640,22,2,3,0.479262672811,0.000143622603988
640,23,2,2,11.7419354839,0.31570720549
640,29,2,2,0.0737327188941,4.30663221361e-05
640,42,2,2,0.258064516129,0.000152497140679
640,53,2,2,0.0737327188941,4.30663221361e-05
640,54,2,2,0.147465437788,8.65332612223e-05
640,56,2,2,0.0737327188941,4.30663221361e-05
640,58,2,3,1.73271889401,0.000564869899645
640,60,2,3,7.85253456221,0.00448279490687
640,63,2,3,11.3732718894,0.0624456439131
640,64,2,2,0.147465437788,8.65332612223e-05
640,65,2,2,0.147465437788,8.65332612223e-05
640,68,2,3,0.442396313364,0.00013226055329
640,95,2,2,11.8525345622,0.559017036236
640,112,2,2,1.62211981567,0.00104949314252
640,113,2,2,0.0737327188941,4.30663221361e-05
640,128,2,2,0.0737327188941,4.30663221361e-05
640,133,2,2,0.0737327188941,4.30663221361e-05
640,135,2,3,0.147465437788,4.32666306111e-05
640,142,2,2,0.294930875576,0.000174691560214
640,158,2,2,0.184331797235,0.00010841871307
640,171,2,2,12.2396313364,0.0302781577747
640,192,2,2,0.0737327188941,4.30663221361e-05
640,233,2,3,11.0599078341,0.010413051024
640,242,2,2,0.0737327188941,4.30663221361e-05
640,244,2,3,0.258064516129,7.62485703393e-05
640,324,2,2,0.0737327188941,4.30663221361e-05
640,374,2,3,12.4239631336,0.0161591944378
640,454,2,2,0.184331797235,0.00010841871307
640,463,2,2,0.0737327188941,4.30663221361e-05
640,489,2,2,0.258064516129,0.000152497140679
719,21,2,2,0.073732718894,8.51062562247e-07
719,22,2,3,3.11520737327,0.000983885240557
719,23,2,2,10.3225806452,0.0395618524837
719,29,2,2,0.479262672811,0.000295025417574
719,42,2,2,1.67741935484,0.00104468016715
719,53,2,2,0.479262672811,0.000295025417574
719,54,2,2,0.958525345622,0.000592795257638
719,56,2,2,0.479262672811,0.000295025417574
719,58,2,3,11.2626728111,0.00386963570958
719,60,2,3,1.43778801843,0.000164674177449
719,63,2,3,7.92626728111,0.00510559301649
719,64,2,2,0.958525345622,0.000592795257638
719,65,2,2,3.04147465438,0.00596850994423
719,68,2,3,2.87557603687,0.000906049623641
719,95,2,2,11.0414746544,0.078659589954
719,112,2,2,10.5437788018,0.00718954248366
719,113,2,2,0.479262672811,0.000295025417574
719,128,2,2,0.479262672811,0.000295025417574
719,133,2,2,0.479262672811,0.000295025417574
719,135,2,3,0.958525345622,0.000296397628819
719,142,2,2,1.91705069124,0.00119672282058
719,158,2,2,1.19815668203,0.000742721330957
719,171,2,2,23.5576036866,0.0181865337314
719,192,2,2,0.479262672811,0.000295025417574
719,233,2,3,25.6221198157,0.00941429550073
719,242,2,2,0.479262672811,0.000295025417574
719,244,2,3,2.80184331797,0.0021703385011
719,324,2,2,0.479262672811,0.000295025417574
719,374,2,3,20.7557603687,0.00751828569585
719,454,2,2,1.19815668203,0.000742721330957
719,463,2,2,0.479262672811,0.000295025417574
719,489,2,2,1.67741935484,0.00104468016715
